DATE,"Job Title",Company,Website,Industry,Salary,Remote,AREA,City,State,"Zip Code"
2/16/2022,"Policy Analyst",Square,squareup.com,Internet,,,"South Scottsdale area",Scottsdale,AZ,"85257"
2/16/2022,"Health Assistant Customer Service Scottsdale April","Accolade, Inc.",accolade.com,"Health, Wellness & Fitness",,,"North Scottsdale area",Scottsdale,AZ,"85255"
2/17/2022,"Administrative Assistant","Capital Consultants Management Corporation",desertmthoa.com,,,,,Scottsdale,AZ,""
2/16/2022,"SAINT LAURENT Assistant Store Director Scottsdale","YSL America Holding Inc.",,,,,,Scottsdale,AZ,""
2/17/2022,"Executive Secretary","Salt River Pima-Maricopa Indian Community",srpmic-nsn.gov,"Government Administration","$48,425 - $64,169 a year",,,Scottsdale,AZ,"85256"
2/17/2022,"Office Manager - Development Coordinator","The Related Group",relatedgroup.com,"Real Estate",,,,Scottsdale,AZ,""
2/15/2022,"Administrative Assistant II, Development Support","Alliance Defending Freedom",adflegal.org,"Legal Services",,,"North Scottsdale area",Scottsdale,AZ,"85260"
2/17/2022,"Manager of Employee Development and Engagement","Capital Consultants Management Corporation",desertmthoa.com,,,,,Scottsdale,AZ,""
2/16/2022,"ASU Zai Xian Program Coordinator","Arizona State University",asu.edu,"Higher Education","$32,663 - $52,000 a year",Remote,,"Hybrid remote in Scottsdale",AZ,""
2/16/2022,"Remote Customer Support Supervisor","Design Pickle",designpickle.com,Design,,Remote,,"Remote in Scottsdale",AZ,""
2/17/2022,"MultiMedia Specialist","Arizona State University",asu.edu,"Higher Education","$41,300 - $51,000 a year",,"South Scottsdale area",Scottsdale,AZ,"85257"
2/17/2022,"Customer Experience Workforce Analyst","Lemonade Insurance Company",lemonade.com,Insurance,,,,Scottsdale,AZ,""
2/17/2022,"Director, Learning Experience Designer","National University",nu.edu,"Higher Education",,,"North Scottsdale area",Scottsdale,AZ,"85255"
2/16/2022,"Scheduling Coordinator","Taylor Morrison",taylormorrison.com,"Real Estate",,,"South Scottsdale area",Scottsdale,AZ,"85251"
2/17/2022,"Program Success Manager","National University",nu.edu,"Higher Education",,,"North Scottsdale area",Scottsdale,AZ,"85255"
2/17/2022,"Covenants Coordinator","Capital Consultants Management Corporation",desertmthoa.com,,,,,Scottsdale,AZ,""
2/15/2022,"Practice Manager - Primary Care","Salt River Pima-Maricopa Indian Community",srpmic-nsn.gov,"Government Administration","$75,124 - $105,175 a year",,,Scottsdale,AZ,"85256"
2/15/2022,"Concierge Manager","AAM, LLC.",associatedasset.com,"Management Consulting",,,"South Scottsdale area",Scottsdale,AZ,"85251"
2/17/2022,"Accounts Receivable Specialist","Capital Consultants Management Corporation",desertmthoa.com,,,,,Scottsdale,AZ,""
2/17/2022,"Community Access Liaison","Cox Communications Inc",coxenterprises.com,Telecommunications,,,"North Scottsdale area",Scottsdale,AZ,"85255"
2/15/2022,"Director of Retail & Attractions","Great Lakes Services, LLC",greatlakesservicesllc.com,,,,"North Scottsdale area",Scottsdale,AZ,"85258"
2/17/2022,"Accounts Receivable Operations Manager","Capital Consultants Management Corporation",desertmthoa.com,,,,,Scottsdale,AZ,""
2/16/2022,"Learning Content Designer",Paradox,paradox.ai,"Computer Software",,,"South Scottsdale area",Scottsdale,AZ,"85251"
2/15/2022,"Director of Retail & Attractions","Great Wolf Lodge",greatwolf.com,Hospitality,,,"North Scottsdale area",Scottsdale,AZ,"85258"
2/16/2022,"Communications Specialist- Full Time- Days- Marketing-(Must...",HonorHealth,honorhealth.com,"Hospital & Health Care",,Remote,,"Remote in Scottsdale",AZ,""
2/16/2022,"Accounts Payable Support Specialist","Republic Services Inc",republicserivces.com,,,,,Scottsdale,AZ,""
2/16/2022,"Service Coordinator","Progress Residential",rentprogress.com,"Real Estate",,,,Scottsdale,AZ,"85256"
2/17/2022,"Accounts Payable Support Specialist","Republic Services",republicservices.com,"Environmental Services",,,"North Scottsdale area",Scottsdale,AZ,"85260"
2/15/2022,"Concierge Manager",AAM1,,,,,"South Scottsdale area",Scottsdale,AZ,"85251"
2/17/2022,"Community Accountant","Capital Consultants Management Corporation",desertmthoa.com,,,Remote,,"Temporarily Remote in Scottsdale",AZ,""
2/15/2022,"Real Estate Title & Survey Specialist (Open to Remote Work)","Clearway Energy Group",clearwayenergygroup.com,"Renewables & Environment",,Remote,,"Remote in Scottsdale",AZ,""
2/15/2022,"Fundraising Writer","Alliance Defending Freedom",adflegal.org,"Legal Services",,,"North Scottsdale area",Scottsdale,AZ,"85260"
2/17/2022,"Personal Lines Underwriter","Burns & Wilcox",burnsandwilcox.com,Insurance,,,"Paradise Valley area",Scottsdale,AZ,"85254"
2/16/2022,"GPS Hardware Installer","Foresight Intelligence",fleetintelligence.net,,"$50,000 - $70,000 a year",,"Paradise Valley area",Scottsdale,AZ,"85254"
2/16/2022,"Telecom Construction Planner","Atrium CWS",atriumworks.com,"Human Resources",,,"North Scottsdale area",Scottsdale,AZ,"85255"
2/15/2022,"Customer Success Manager","Early Warning Services",earlywarning.com,"Financial Services",,,"North Scottsdale area",Scottsdale,AZ,"85260"
2/16/2022,"Accounts Payable Lead","Taylor Morrison",taylormorrison.com,"Real Estate",,,"South Scottsdale area",Scottsdale,AZ,"85251"
2/15/2022,"Business Systems Analyst",BSI,bsi-software.com,"Computer Software",,,"South Scottsdale area",Scottsdale,AZ,"85251"
2/16/2022,"Strategic Sourcing Specialist","TPI Composites",,,,,"South Scottsdale area",Scottsdale,AZ,"85258"
2/15/2022,"Construction Superintendent - Residential Remodeling","Dreamstyle Remodeling",dreamstyleremodeling.com,Construction,,,"North Scottsdale area",Scottsdale,AZ,"85260"
2/16/2022,"Advanced Engineering Support Specialist","General Dynamics Mission Systems, Inc",gdmissionsystems.com,"Defense & Space",,,"South Scottsdale area",Scottsdale,AZ,"85257"
2/17/2022,"Sales Data Scientist, Experimentation",Square,squareup.com,Internet,,,"South Scottsdale area",Scottsdale,AZ,"85257"
2/17/2022,"Salesforce Development Architect | Remote","National University",nu.edu,"Higher Education",,Remote,,"Remote in Scottsdale",AZ,""
2/17/2022,"Manager Category IT/Telecom","Republic Services Inc",republicserivces.com,,,,,Scottsdale,AZ,""
2/15/2022,"Manager, SEO","Plexus Worldwide",,,,,"North Scottsdale area",Scottsdale,AZ,"85258"
2/17/2022,"Revenue Recognition Analyst","Blue Yonder",blueyonder.agency,,,,,Scottsdale,AZ,""
2/15/2022,"Associate Consultant, Property Tax Compliance","Ryan, LLC",ryan.com,"Financial Services",,,,Scottsdale,AZ,""
2/17/2022,"Branch Manager- Pinnacle Peak & Pima","Wells Fargo",climaticsolar.com,"Environmental Services",,,"North Scottsdale area",Scottsdale,AZ,"85255"
2/16/2022,"Healthcare Compensation Consultant (Full Time / Remote)",Gallagher,gallagher.com,"Information Technology & Services",,Remote,,"Remote in Scottsdale",AZ,""
2/17/2022,"Cyber Security Controls Assessor","Blue Yonder",blueyonder.agency,,,,,Scottsdale,AZ,""
2/17/2022,"Property & Casualty Producer","NFP Corp",nfp.com,Insurance,,,"North Scottsdale area",Scottsdale,AZ,"85258"
2/16/2022,"Branch Manager Gainey Ranch","Wells Fargo",climaticsolar.com,"Environmental Services",,,"South Scottsdale area",Scottsdale,AZ,"85258"
2/16/2022,"Practice Manager - Primary Care","Salt River Pima-Maricopa Indian Community",srpmic-nsn.gov,"Government Administration",,,,Scottsdale,AZ,"85256"
2/15/2022,"Front Desk Receptionist","Resnick & Louis, P.C.",rlattorneys.com,"Law Practice","$32,000 - $37,000 a year",,"South Scottsdale area",Scottsdale,AZ,"85250"
2/16/2022,"Customer Service Representative","Red Mountain Weight Loss and Med Spa",redmountainweightloss.com,"Health, Wellness & Fitness","$16 - $18 an hour",,"North Scottsdale area",Scottsdale,AZ,"85260"
2/15/2022,"Talent Acquisition Specialist","Pinnacle Fertility",pinnaclewomenscenter.com,"Medical Practice","$70,000 - $90,000 a year",,"North Scottsdale area",Scottsdale,AZ,"85258"
2/16/2022,"Chiropractic Front Desk Receptionist","Turley Chiropractic",chiropractor-scottsdale.com,"Health, Wellness & Fitness","$14 - $16 an hour",,"South Scottsdale area",Scottsdale,AZ,"85257"
2/17/2022,"Client Service Specialist","Mercer Global Advisors Inc",merceradvisors.com,"Financial Services",,,"Paradise Valley area",Scottsdale,AZ,"85254"
2/16/2022,"Business Development Officer",COMMLOAN,commloan.com,"Commercial Real Estate","$50,000 - $60,000 a year",Remote,,"Hybrid remote in Scottsdale",AZ,""
2/17/2022,"Account Executive","The Breeze Performance Model",thebreezepm.com,"Staffing & Recruiting","From $54,000 a year",,,Scottsdale,AZ,""
2/15/2022,"Client Service Associate","AMERIPRISE FINANCIAL SERVICES, INC",,,"$45,000 - $55,000 a year",,"North Scottsdale area",Scottsdale,AZ,"85260"
2/16/2022,"Front Desk Coordinator","Arizona Brain & Spine Center",azbsc.com,"Hospitals & Clinics , Healthcare","$17 - $20 an hour",,"North Scottsdale area",Scottsdale,AZ,"85255"
2/15/2022,"Team Leader","Chick-fil-A 89th & Shea",,,"$18 - $20 an hour",,"North Scottsdale area",Scottsdale,AZ,"85260"
2/16/2022,"Spa Receptionist","The Boulders Resort & Spa",theboulders.com,Hospitality,"$14 - $16 an hour",,"Pinnacle Peak area",Scottsdale,AZ,"85266"
2/16/2022,"Project Manager","Venn Construction",,,"$75,000 - $125,000 a year",,"North Scottsdale area",Scottsdale,AZ,"85260"
2/15/2022,"Food Service Sales Support Administrator","System Concepts Inc.",,,"$50,000 - $60,000 a year",,"North Scottsdale area",Scottsdale,AZ,"85258"
2/14/2022,"3D Designer","Birddog interactive",,,"$35 - $60 an hour",,"South Scottsdale area",Scottsdale,AZ,"85251"
2/16/2022,Manager,"GolfLync Corp",,,"$41,723 - $104,813 a year",,"North Scottsdale area",Scottsdale,AZ,"85259"
2/17/2022,"Escrow Officer","The Breeze Performance Model",thebreezepm.com,"Staffing & Recruiting","From $54,000 a year",,,Scottsdale,AZ,""
2/16/2022,"Executive Assistant","Cardone Ventures",cardoneventures.com,"Management Consulting","$85,000 - $100,000 a year",,"South Scottsdale area",Scottsdale,AZ,"85251"
2/15/2022,"Construction Project Manager (multi-family experience)","A.R. Mays Construction",armays.com,Construction,,,"South Scottsdale area",Scottsdale,AZ,"85251"
2/17/2022,"Field Supervision Specialist","Pacific Capital Resource Group, Inc.",,,,Remote,,"Remote in Scottsdale",AZ,""
2/16/2022,"Recruitment Coordinator","Visiting Angels",visitingangels.com,"Hospital & Health Care",,,"North Scottsdale area",Scottsdale,AZ,"85260"
2/17/2022,"IT Manager at Home Office",Oreganos,oreganos.com,Restaurants,,,"North Scottsdale area",Scottsdale,AZ,"85258"
2/17/2022,"Production Supervisor/Manager for Printing Laser Press","Car Beyond",,,"$18.00 - $18.50 an hour",,"North Scottsdale area",Scottsdale,AZ,"85260"
2/15/2022,"Marketing Coordinator","Kahala Brands",kahalamgmt.com,"Real Estate",,,"North Scottsdale area",Scottsdale,AZ,"85258"
2/16/2022,"""New Opportunity"" Client Development Agent","Trajan Wealth LLC",trajanwealth.com,"Financial Services",,,"North Scottsdale area",Scottsdale,AZ,"85258"
2/15/2022,"Lead Claims Auditor - Benefits Day 1!","Amwins Group, Inc.",amwins.com,Insurance,,,"North Scottsdale area",Scottsdale,AZ,"85255"
2/16/2022,"Operations & Support Manager","Nautilus Insurance Group",nautilusagents.com,,,,"North Scottsdale area",Scottsdale,AZ,"85260"
2/17/2022,"Community Association Manager","Amcor Property Professionals, Inc",,,"$43,000 - $58,000 a year",,"North Scottsdale area",Scottsdale,AZ,"85260"
2/17/2022,"Marketing Manager","Cardone Ventures",cardoneventures.com,"Management Consulting","Up to $100,000 a year",,"South Scottsdale area",Scottsdale,AZ,"85251"
2/16/2022,"Marketing Coordinator","A.R. Mays Construction",armays.com,Construction,,,"South Scottsdale area",Scottsdale,AZ,"85251"
2/15/2022,"IT Manager","Oregano's Pizza Bistro",,,"$75,000 - $95,000 a year",,"North Scottsdale area",Scottsdale,AZ,"85258"
2/16/2022,"Medical Front Office Receptionist","Hansen Clinic of Natural Medicine",drhansen.com,"Alternative Medicine","$19 - $25 an hour",,"North Scottsdale area",Scottsdale,AZ,"85260"
2/17/2022,"Digital Marketing Operations Specialist",Arcoro,arcoro.com,"Computer Software",,Remote,,"Temporarily Remote in Scottsdale",AZ,""
2/17/2022,"Social Media Specialist","Small Giants",smallgiants.org,"Professional Training & Coaching",,,"South Scottsdale area",Scottsdale,AZ,"85251"
2/16/2022,"Matt's Big Breakfast Kitchen Supervisor","Matt's Big Breakfast",,,"$20 - $23 an hour",,"Paradise Valley area",Scottsdale,AZ,"85254"
2/15/2022,"Business Development Manager - Remote Eligible","Spear Education",speareducation.com,"Higher Education",,Remote,,"Remote in Scottsdale",AZ,""
2/15/2022,"Property Manager | Crown Court","Avenue5 Residential, LLC",avenue5.com,"Real Estate",,,"North Scottsdale area",Scottsdale,AZ,"85260"
2/16/2022,"Community Events Coordinator","Jewish Fedreation of Greater Phoenix",,,"$60,000 - $70,000 a year",,"North Scottsdale area",Scottsdale,AZ,"85254"
2/17/2022,"GENERAL MANAGER","Sauce Pizza & Wine",saucepizzaandwine.com,Restaurants,,,"South Scottsdale area",Scottsdale,AZ,"85251"
2/15/2022,"Assembly Technician","Universal Laser Systems",ulsinc.com,Machinery,,,"North Scottsdale area",Scottsdale,AZ,"85260"
2/17/2022,"Logistics Coordinator",Dansons,dansons.com,"Consumer Goods",,,"North Scottsdale area",Scottsdale,AZ,"85258"
2/16/2022,"Residential Cad Drafter / Project Coordinator",AAKAII,aakaii.com,"Architecture & Planning","$18 - $28 an hour",,"North Scottsdale area",Scottsdale,AZ,"85260"
2/15/2022,"Business Solutions ERP Manager","TAE Aerospace, Inc",,,"From $120,000 a year",,"North Scottsdale area",Scottsdale,AZ,"85260"
2/15/2022,"Junior Recruiter","Envita Medical Center",envita.com,"Medical Practice",,,"North Scottsdale area",Scottsdale,AZ,"85260"
2/15/2022,"Director of Marketing, Cold Stone Creamery","Kahala Brands",kahalamgmt.com,"Real Estate",,,"North Scottsdale area",Scottsdale,AZ,"85258"
2/15/2022,"Experienced Residential Garage Door Technician $2000.00 p/we...","Elite Garage Doors & Gates",,,"$40 - $50 an hour",,,Scottsdale,AZ,""
2/15/2022,"Social Media Manager",Shyft6,shyft6.com,"Information Technology & Services",,,"North Scottsdale area",Scottsdale,AZ,"85255"
2/15/2022,"Legal Assistant","Quintairos, Prieto, Wood & Boyer, P.A.",,,,,"North Scottsdale area",Scottsdale,AZ,"85260"
2/15/2022,"UX/UI Designer","Cardone Ventures",cardoneventures.com,"Management Consulting","$70,000 - $90,000 a year",,"South Scottsdale area",Scottsdale,AZ,"85251"
2/15/2022,"QA Sanitation Manager","Chompie's Restaurant, Deli and Bakery",chompies.com,Restaurants,"$50,000 - $75,000 a year",,,Scottsdale,AZ,""
2/17/2022,"Clinical Director","Sunrise Native Recovery",,,"$70,000 - $85,000 a year",,"North Scottsdale area",Scottsdale,AZ,"85260"
2/15/2022,"Sales Manager","Rooter Ranger Plumbing",,,"From $100,000 a year",,,Scottsdale,AZ,""
2/16/2022,"Payroll & Benefits Coordinator/Office Manager","Open Network Exchange",opennetworkexchange.net,,,,"Paradise Valley area",Scottsdale,AZ,"85254"
2/15/2022,"National Marketing Manager","Kahala Brands",kahalamgmt.com,"Real Estate",,,"North Scottsdale area",Scottsdale,AZ,"85258"
2/15/2022,"Help Desk Technician (Tier 2)","Envita Medical Center",envita.com,"Medical Practice","$52,000 - $62,000 a year",,"North Scottsdale area",Scottsdale,AZ,"85260"
2/16/2022,"Experienced Medical Assistant (MA) for Family Medicine","Scottsdale Family Physicians",scottsdalefp.com,,"$15 - $20 an hour",,"North Scottsdale area",Scottsdale,AZ,"85258"
2/16/2022,"Service Technician","Better Earth",betterearthproducts.net,Retail,"$22 an hour",,,Scottsdale,AZ,""
2/16/2022,"Architectural Project Manager","AAK Architecture & Interiors Inc.",,,"$55,000 - $85,000 a year",,"North Scottsdale area",Scottsdale,AZ,"85260"
2/15/2022,"RN Registered Nurse Director of Nursing 10K Mountain Valley...","Mountain Valley Regional Rehabilitation Hospital -...",,,,,,Scottsdale,AZ,""
2/17/2022,"Commercial Construction Superintendent","ZZONE CONSTRUCTION",zzoneconstruction.com,"Commercial & Residential Construction, Construction","From $100,000 a year",,"North Scottsdale area",Scottsdale,AZ,"85255"
2/16/2022,"RN Cardiac","Vitana Inc",,,"$75 - $85 an hour",,,Scottsdale,AZ,""
2/15/2022,"BCBA Clinical Supervisor","CARD - Woodland Hills",centerforautism.com,"Mental Health Care",,,,Scottsdale,AZ,""
2/16/2022,"IT Security Compliance Analyst","Meritage Homes Corporation",meritagehomes.com,Construction,,,"North Scottsdale area",Scottsdale,AZ,"85260"
2/15/2022,"GL Accountant","Confluent Medical Technologies INC",confluentmedical.com,"Medical Devices",,,"South Scottsdale area",Scottsdale,AZ,"85250"
2/15/2022,"Architectural Project Manager","Cosan Studio",,,,,"South Scottsdale area",Scottsdale,AZ,"85251"
2/15/2022,"Clinical Trial Budget Analyst",TD2,td2inc.com,Pharmaceuticals,,Remote,,"Remote in Scottsdale",AZ,""
2/16/2022,"Community Event Planner","Jewish Fedreation of Greater Phoenix",,,"$55,000 - $65,000 a year",,"North Scottsdale area",Scottsdale,AZ,"85254"
2/17/2022,"Service Desk Analyst II","Computer Aid Inc",,,,,,Scottsdale,AZ,""
2/15/2022,"Paid Social Marketing Manager","Kahala Brands",kahalamgmt.com,"Real Estate",,,"North Scottsdale area",Scottsdale,AZ,"85258"
2/17/2022,"Associate Attorney - Contracts","Early Warning Services",earlywarning.com,"Financial Services","$105,000 - $115,000 a year",,"North Scottsdale area",Scottsdale,AZ,"85260"
2/16/2022,"Floral Manager",Safeway,safewaymobility.com,,"$17.85 an hour",,"North Scottsdale area",Scottsdale,AZ,"85260"
2/16/2022,"Communications Specialist- Full Time- Days- Marketing-(Must...",HonorHealth,honorhealth.com,"Hospital & Health Care",,Remote,,"Remote in Scottsdale",AZ,""
2/17/2022,"Part-Time Procurement Coordinator - Scottsdale, AZ",PulteGroup,reverencesummerlin.com,,,,"North Scottsdale area",Scottsdale,AZ,"85260"
2/15/2022,"Strength and Conditioning Coach","Source Performance",,,"$18 - $28 an hour",,"North Scottsdale area",Scottsdale,AZ,"85260"
2/16/2022,"Matt's Big Breakfast Kitchen Supervisor","Matt's Big Breakfast",,,"$20 - $23 an hour",,"Paradise Valley area",Scottsdale,AZ,"85254"
2/17/2022,"PATENT SPECIALIST (Contractor)? PCT Lack of Unity - Biotechn...","Global Patent Solutions",globalpatentsolutions.com,Research,,Remote,,"Remote in Scottsdale",AZ,""
2/17/2022,"PATENT SPECIALIST (Contractor)? PCT Lack of Unity - Physics,...","Global Patent Solutions",globalpatentsolutions.com,Research,,Remote,,"Remote in Scottsdale",AZ,""
2/16/2022,Manager,"GolfLync Corp",,,"$41,723 - $104,813 a year",,"North Scottsdale area",Scottsdale,AZ,"85259"
2/14/2022,"3D Designer","Birddog interactive",,,"$35 - $60 an hour",,"South Scottsdale area",Scottsdale,AZ,"85251"
2/15/2022,"Experienced Residential Garage Door Technician $2000.00 p/we...","Elite Garage Doors & Gates",,,"$40 - $50 an hour",,,Scottsdale,AZ,""
2/16/2022,"Experienced Medical Assistant (MA) for Family Medicine","Scottsdale Family Physicians",scottsdalefp.com,,"$15 - $20 an hour",,"North Scottsdale area",Scottsdale,AZ,"85258"
2/16/2022,"RN Cardiac","Vitana Inc",,,"$75 - $85 an hour",,,Scottsdale,AZ,""
2/17/2022,"Service Desk Analyst II","Computer Aid Inc",,,,,,Scottsdale,AZ,""
2/16/2022,"Assistant Store Manager (Immediate Openings!)","Extra Space Storage",extraspace.com,"Real Estate",,,"Southeast area",Mesa,AZ,"85209"
2/16/2022,"Assistant Store Manager","Extra Space Storage",extraspace.com,"Real Estate",,,"Northeast area",Mesa,AZ,"85205"
2/17/2022,"Customer Experience Analyst","Brookfield Properties",brookfieldproperties.com,"Real Estate",,,,Mesa,AZ,""
2/16/2022,"Administrative Assistant to Hospital President","Arizona General Hospital - Mesa",,,,,,Mesa,AZ,"85212"
2/15/2022,"Account Manager",Bradken,bradken.com,"Mining & Metals",,,"Southeast area",Mesa,AZ,"85209"
2/16/2022,"Inventory Purchase Specialist","Empire Cat",empire-cat.com,Construction,,,,Mesa,AZ,"85210"
2/15/2022,"Implementation Project Manager","PrimePay, LLC.",primepay.com,"Computer Software","$80,000 - $95,000 a year",Remote,,"Remote in Mesa",AZ,""
2/15/2022,"Coordinator of Teaching and Learning- Elementary 2022-2023","Mesa Public School",,,"$77,567 a year",,"Northwest area",Mesa,AZ,"85201"
2/15/2022,"Implementation Consultant","PrimePay, LLC.",primepay.com,"Computer Software","$80,000 - $85,000 a year",,,Mesa,AZ,"85212"
2/17/2022,"Customer Service Representative","KAR Global",karglobal.com,Automotive,,,,Mesa,AZ,""
2/15/2022,"Corporate Recruiter - Remote","StateServ Medical LLC",,,,Remote,,"Remote in Mesa",AZ,""
2/15/2022,"Sales Account Manager","Eclipse Automation",eclipseautomation.com,"Industrial Automation",,,,Mesa,AZ,""
2/17/2022,"Legal Support Supervisor","Maricopa County, AZ",maricopa.gov,"Government Administration","$50,024 - $75,088 a year",,,Mesa,AZ,"85210"
2/17/2022,"Grounds Supervisor ? Polytechnic campus","Arizona State University",asu.edu,"Higher Education",,,,Mesa,AZ,""
2/17/2022,"Resident Services Administrator","Capital Consultants Management Corporation",desertmthoa.com,,,,,Mesa,AZ,""
2/16/2022,"Customer Care Manager","Biomat USA, Inc.",grifolsplasma.com,Pharmaceuticals,,,"Northwest area",Mesa,AZ,"85213"
2/17/2022,"Communications Coordinator","Capital Consultants Management Corporation",desertmthoa.com,,,,,Mesa,AZ,""
2/16/2022,"Patient Access Services Representative","Banner Health",bannerhealth.com,"Hospital & Health Care",,,"Southwest area",Mesa,AZ,"85202"
2/17/2022,"Financial Analyst","MDS Communication",,,"$65,000 - $80,000 a year",Remote,,"Hybrid remote in Mesa",AZ,""
2/16/2022,"CONTACT CENTER SUPERVISOR","StateServ Medical LLC",,,,,,Mesa,AZ,"85210"
2/16/2022,"Service Planner II (Mesa)","Empire Cat",empire-cat.com,Construction,,,,Mesa,AZ,"85210"
2/17/2022,"Mechanical Engineering Technician","Atlis Motor Vehicles",atlismotorvehicles.com,Automotive,,,,Mesa,AZ,""
2/15/2022,"Coordinator of Teaching and Learning- Secondary 2022-2023","Mesa Public School",,,"$77,567 a year",,"Northwest area",Mesa,AZ,"85201"
2/16/2022,"RN Radiation","Steward Health Care",steward.org,"Hospital & Health Care",,,"Southeast area",Mesa,AZ,"85209"
2/16/2022,"Aviation Maintenance Technician 145- Mesa","Air Methods Corporation",airmethods.com,Airlines/Aviation,,,,Mesa,AZ,"85212"
2/16/2022,"Lead Low Voltage Technician",IES,ies-co.com,Construction,,,,Mesa,AZ,""
2/15/2022,"Aviation Maintenance Technician 135 - Mesa, AZ","Air Methods Corporation",airmethods.com,Airlines/Aviation,,,,Mesa,AZ,"85212"
2/15/2022,"Aviation Maintenance Technician 145- Mesa, AZ","Air Methods Corporation",airmethods.com,Airlines/Aviation,,,,Mesa,AZ,"85212"
2/15/2022,"Assistant Store Manager (Immediate Openings!)","Extra Space Storage",extraspace.com,"Real Estate",,,"Southeast area",Mesa,AZ,"85209"
2/17/2022,"Service Manager - No Weekends!!","Borst Automotive",borstautomotive.com,Automotive,"$45,000 - $70,000 a year",,"Southeast area",Mesa,AZ,"85206"
2/17/2022,"DENTAL FRONT OFFICE EXPERIENCE REQUIRED - EAST VALLEY","Pia Dental Solutions, LLC",piadentalsolutions.com,,"From $19 an hour",,"West Central area",Mesa,AZ,"85204"
2/16/2022,"Assistant General Manager","Cafe Zupas",cafezupas.com,Restaurants,"$47,000 a year",,"West Central area",Mesa,AZ,"85204"
2/16/2022,"District Inventory and Asset Specialist","Sears Home Services",searshomeservices.com,"Consumer Services","$21 - $29 an hour",,"West Central area",Mesa,AZ,"85204"
2/16/2022,"Center Director - Hiring Now!","KinderCare Education",kcecareers.com,"Education Management","$55,000 - $60,000 a year",,"Southeast area",Mesa,AZ,"85209"
2/17/2022,"Legal Assistant","East Valley Injury Law",,,"$18 - $22 an hour",,"Southeast area",Mesa,AZ,"85206"
2/16/2022,"Sales Professional","LifeSource Water Systems",lifesourcewater.com,"Consumer Goods","From $150,000 a year",,,Mesa,AZ,""
2/16/2022,"Bookkeeping Virtual Assist Manager","Va Hub",,,"$50,000 - $60,000 a year",,"Southeast area",Mesa,AZ,"85206"
2/17/2022,"Bookkeeping Specialist","Carter Cook, CPAs, PLLC",,,"From $40,000 a year",Remote,,"Remote in Mesa",AZ,""
2/17/2022,Recruiter,"IEC Corporation",iec-corporation.com,"Oil & Energy","$41,000 - $65,000 a year",,"Southwest area",Mesa,AZ,"85202"
2/16/2022,"Lead Logistics Specialist","IES Communications",iescomm.com,Telecommunications,,,,Mesa,AZ,""
2/16/2022,"Community Manager In Training","Brown Community Management",,,"$35,000 - $45,000 a year",,,Mesa,AZ,""
2/17/2022,"Case Manager","A New Leaf",anewleafchicago.com,Retail,"$16 an hour",,"Northwest area",Mesa,AZ,"85203"
2/16/2022,"Store Manager","Big Brand Tire & Service",bigbrandtire.com,Automotive,,,,Mesa,AZ,"85210"
2/16/2022,"In-House UI/UX Designer",TAPLocal,taplocalnow.com,"Marketing & Advertising","$35,000 - $45,000 a year",,,Mesa,AZ,"85210"
2/15/2022,"Marketing Coordinator","Vial Fotheringham LLP",vf-law.com,"Law Practice",,,"Southwest area",Mesa,AZ,"85202"
2/16/2022,"Customer Service Manager","Greenlink Payroll",greenlinkpayroll.com,"Financial Services",,,,Mesa,AZ,"85210"
2/15/2022,"Accounts Payable Clerk","CanAm Property Management",canampm.com,"Real Estate","$19 - $23 an hour",,"Northeast area",Mesa,AZ,"85207"
2/17/2022,"Urgently Hiring Property Manager at Equinox Apartments!","Equinox Apartments",,,"$40,000 - $50,000 a year",,,Mesa,AZ,""
2/17/2022,"Plumbing Technician","Sterling Services",sterlingservices.com,"Facilities Services","$22 - $30 an hour",,,Mesa,AZ,""
2/17/2022,"Urgently Hiring Assistant Property Manager at Equinox Apartm...","Equinox Apartments",,,"$16 - $20 an hour",,,Mesa,AZ,""
2/16/2022,"Assistant Property Manager/Inspector","Mark Brower Properties",markrent.com,"Real Estate","$30,000 - $45,000 a year",,,Mesa,AZ,""
2/17/2022,"IT Technician - Level II","Data Tek",,,"$50,000 - $70,000 a year",,"Northwest area",Mesa,AZ,"85201"
2/16/2022,"Accounts Payable Clerk","IncStores LLC",,,"$40,000 - $42,000 a year",,,Mesa,AZ,"85210"
2/17/2022,"Marketing Program Manager","Verra Mobility",verramobility.com,Transportation/Trucking/Railroad,,,"Northwest area",Mesa,AZ,"85201"
2/16/2022,"Help Desk Support","Md Helicopters, Inc.",,,,,"Northeast area",Mesa,AZ,"85215"
2/17/2022,Superintendent/Estimator,"Wolff Management LLC",wolffmangementandinvestments.com,,"From $60,000 a year",,,Mesa,AZ,""
2/15/2022,"Logistics Clerk III - 1st & 3rd Shifts","Daicel Safety Systems Americas, Inc.",daicelssa.com,"Consumer Electronics","$16 - $19 an hour",,"Northeast area",Mesa,AZ,"85215"
2/17/2022,"Inpatient Pharmacy Technician","Rx Relief",rxrelief.com,Pharmaceuticals,"$28 - $32 an hour",,,Mesa,AZ,""
2/15/2022,"Project Manager","IES Communications",iescomm.com,Telecommunications,"$85,000 - $120,000 a year",,,Mesa,AZ,""
2/15/2022,"Service Line Sales Specialists (SLS)",BC,bc.edu,"Higher Education","$171,000 - $180,000 a year",,"Northwest area",Mesa,AZ,"85201"
2/15/2022,"Special Education Instructional Coach (FT)","Mesa Public Schools",mpsaz.org,"Education Management","$55,000 - $70,000 a year",,,Mesa,AZ,""
2/15/2022,"ASPPCM - Patient Services Administrator","Community Bridges, INC",communitybridgesaz.org,"Hospital & Health Care",,,,Mesa,AZ,""
2/16/2022,"Full Stack Developer","Addictive Desert Designs",addictivedesertdesigns.com,Automotive,"$110,000 - $135,000 a year",,,Mesa,AZ,"85210"
2/16/2022,"Archaeologist/Project Director","EcoPlan Associates, Inc.",,,"From $25 an hour",,,Mesa,AZ,""
2/17/2022,"Lead Maintenance Technician","MG Properties Group",mgproperties.com,"Real Estate",,,"Southeast area",Mesa,AZ,"85206"
2/16/2022,"PAYROLL SPECIALIST","Legacy Sports USA",legacysportsusa.com,Sports,,,,Mesa,AZ,"85212"
2/16/2022,"PROCUR - Procurement Spec- 01984","Community Bridges, INC",communitybridgesaz.org,"Hospital & Health Care",,,,Mesa,AZ,""
2/15/2022,"Test Lab Technician (3rd Shift)","Daicel Safety Systems Americas, Inc.",daicelssa.com,"Consumer Electronics","$17.50 an hour",,"Northeast area",Mesa,AZ,"85215"
2/16/2022,"Assistant Community Manager of Operations","Leisure World Community Association",leisureworldarizona.org,"Real Estate",,,"Southeast area",Mesa,AZ,"85206"
2/16/2022,"Construction Project Manager","ServiceMaster Restore 7622 - Gilbert",,,"$60,000 - $100,000 a year",,"Northeast area",Mesa,AZ,"85205"
2/15/2022,"Personal Lines Insurance Account Manager","Arizona Federal Insurance Solutions, LLC. dba The...",,,"$41,600 - $52,000 a year",,,Mesa,AZ,""
2/17/2022,"MuleSoft Sales Specialist","Bee Data Technologies",,,,,,Mesa,AZ,""
2/15/2022,"2nd SHIFT - CNC Lathe Operator","ATF AEROSPACE",atfaerospace.com,"Aviation & Aerospace",,,"Northeast area",Mesa,AZ,"85215"
2/16/2022,"SMI Case Manager - Heritage 01828","Community Bridges, INC",communitybridgesaz.org,"Hospital & Health Care",,,,Mesa,AZ,""
2/16/2022,"Maintenance Technician III","MGC Pure Chemicals America",mgcpure.com,Chemicals,"$58,000 - $60,000 a year",,,Mesa,AZ,"85212"
2/15/2022,"BCBA Clinical Supervisor","CARD - Woodland Hills",centerforautism.com,"Mental Health Care",,,,Mesa,AZ,""
2/16/2022,"Maintenance Technician","SWD Urethane",swdurethane.com,"Building Materials",,,,Mesa,AZ,"85210"
2/17/2022,"Compliance Registered Nurse (RN)","Community Bridges, INC",communitybridgesaz.org,"Hospital & Health Care",,,"Southwest area",Mesa,AZ,"85202"
2/16/2022,"Manufacturing Engineering Technician II (2nd Shift)","Daicel Safety Systems Americas, Inc.",daicelssa.com,"Consumer Electronics","$25 - $35 an hour",,"Northeast area",Mesa,AZ,"85215"
2/17/2022,"Commercial Construction Superintendent","Knipp Commercial LLC.",,,"$65,000 - $90,000 a year",,,Mesa,AZ,""
2/15/2022,"IT - Business System Analyst 02527","Community Bridges, INC",communitybridgesaz.org,"Hospital & Health Care",,Remote,,"Remote in Mesa",AZ,""
2/16/2022,"Manufacturing Engineering Technician II (2nd Shift)","Daicel Safety Systems Americas, Inc.",daicelssa.com,"Consumer Electronics","$25 - $35 an hour",,"Northeast area",Mesa,AZ,"85215"
2/15/2022,"CLAIMS - Medical Billing Manager 02237","Community Bridges, INC",communitybridgesaz.org,"Hospital & Health Care",,,,Mesa,AZ,""
2/17/2022,"A&P Technician (IWA)",Embraer,embraer.com,"Aviation & Aerospace",,,,Mesa,AZ,"85212"
2/17/2022,"Full Stack PHP Developer",ER2,er2.com,"Information Technology & Services",,,"West Central area",Mesa,AZ,"85204"
2/15/2022,"Logistics Data/Publication Specialist 2",Chipton-Ross,chiptonross.com,"Staffing & Recruiting",,,,Mesa,AZ,""
2/15/2022,"Aircraft Painter",Chipton-Ross,chiptonross.com,"Staffing & Recruiting",,,,Mesa,AZ,""
2/16/2022,"Case Manager - 01829","Community Bridges, INC",communitybridgesaz.org,"Hospital & Health Care",,,,Mesa,AZ,""
2/16/2022,"MESOUT - SMI Case Manager - 01838","Community Bridges, INC",communitybridgesaz.org,"Hospital & Health Care",,,,Mesa,AZ,""
2/16/2022,"SMI Case Manager - Heritage 01842","Community Bridges, INC",communitybridgesaz.org,"Hospital & Health Care",,,,Mesa,AZ,""
2/16/2022,"SMI Case Manager - Heritage 01832","Community Bridges, INC",communitybridgesaz.org,"Hospital & Health Care",,,,Mesa,AZ,""
2/16/2022,"SMI Case Manager - Heritage 01814","Community Bridges, INC",communitybridgesaz.org,"Hospital & Health Care",,,,Mesa,AZ,""
2/16/2022,"Software Developer","Addictive Desert Designs",addictivedesertdesigns.com,Automotive,"$110,000 - $135,000 a year",,,Mesa,AZ,"85210"
2/15/2022,"Aircraft Painter",Chipton-Ross,chiptonross.com,"Staffing & Recruiting",,,,Mesa,AZ,""
2/15/2022,"Customer Relations Specialist - PT","Acumen Llc",acumenllc.com,"Public Policy",,,"Southeast area",Mesa,AZ,"85206"
2/15/2022,"Part Time Children's STEM Instructor","Snapology of Mesa East",,,"$20 - $30 an hour",,"Southeast area",Mesa,AZ,"85209"
2/16/2022,"Orchestra Director (PT) - 2022/23 School Year","Heritage Academy Inc",heritageacademyaz.com,"Education Management",,,,Mesa,AZ,"85210"
2/15/2022,"Accounts Payable Clerk","CanAm Property Management",canampm.com,"Real Estate","$19 - $23 an hour",,"Northeast area",Mesa,AZ,"85207"
2/17/2022,"Inpatient Pharmacy Technician","Rx Relief",rxrelief.com,Pharmaceuticals,"$28 - $32 an hour",,,Mesa,AZ,""
2/15/2022,"Holistic RN - Registered Nurse - Cancer Healing Center - Mes...","An Oasis of Healing",anoasisofhealing.com,"Hospital & Health Care","$36 - $38 an hour",,"Northwest area",Mesa,AZ,"85203"
2/15/2022,"Surgical Tech (Days) #26622",AdelphiMedicalStaffing.com,,,"Up to $2,201 a week",,,Mesa,AZ,""
2/15/2022,"RN - Med Surg (Days) - #26910",AdelphiMedicalStaffing.com,,,"Up to $3,450 a week",,,Mesa,AZ,""
2/15/2022,"Sales Counselor - The Village at Ocotillo","The Village at Ocotillo",,,,,,Chandler,AZ,"85248"
2/16/2022,"Chandler Early College Coordinator","Chandler USD",,,,,,Chandler,AZ,"85249"
2/17/2022,"HR Generalist","Zekelman Industries",zekelman.com,"Building Materials",,,,Chandler,AZ,"85248"
2/17/2022,"Executive Assistant","WELLS FARGO BANK",wellsfargo.com,"Financial Services",,,,Chandler,AZ,""
2/15/2022,"Sales Coordinator - The Village at Ocotillo","The Village at Ocotillo",,,,,,Chandler,AZ,"85248"
2/17/2022,"Purchasing Logistics Coordinator","Hoffman Construction Company",hoffmanconstructionco.com,Construction,,,,Chandler,AZ,"85248"
2/17/2022,"2022-2023 Junior High Principal","Chandler USD",,,,,,Chandler,AZ,"85224"
2/16/2022,"Assistant Superintendent of Teaching and Learning","Chandler USD",,,,,,Chandler,AZ,"85224"
2/17/2022,"Axcelis Implant Field Service - AZ001","Westerwood Global",westerwoodglobal.com,Semiconductors,,,,Chandler,AZ,"85224"
2/17/2022,"Operations Manager, Store","Conn's Home Plus",conns.com,Retail,,,,Chandler,AZ,"85224"
2/16/2022,"Business Development Representative","Oasis Behavioral Health",obhhospital.com,"Mental Health Care",,,,Chandler,AZ,"85225"
2/17/2022,"FT Assistant Store Manager, Phoenix Premium Outlet","Michael Kors",michaelkors.com,"Apparel & Fashion",,,,Chandler,AZ,"85226"
2/16/2022,"Manager Trainee","First Credit Union",firstcreditunion.co.nz,Banking,,,,Chandler,AZ,"85225"
2/16/2022,"Executive Director Elementary Instruction (East and West)","Chandler USD",,,,,,Chandler,AZ,"85224"
2/16/2022,"Director of Loss Prevention","Marriott International, Inc",,,,,,Chandler,AZ,"85226"
2/15/2022,"Healthcare Vertical Sales Specialist",Intel,intel.in,"Information Technology & Services",,,,Chandler,AZ,"85226"
2/17/2022,"Community Manager","Capital Consultants Management Corporation",desertmthoa.com,,,,,Chandler,AZ,""
2/17/2022,"Training Facilities Business Execution Consultant","WELLS FARGO BANK",wellsfargo.com,"Financial Services",,,,Chandler,AZ,""
2/16/2022,"Head Start Site Supervisor","Maricopa County, AZ",maricopa.gov,"Government Administration","$40,768 - $50,440 a year",,,Chandler,AZ,"85225"
2/15/2022,"Manufacturing Technician, 1st shift","Entegris, Inc.",entegris.com,Semiconductors,,,,Chandler,AZ,"85226"
2/17/2022,"Business Execution Consultant","WELLS FARGO BANK",wellsfargo.com,"Financial Services",,,,Chandler,AZ,""
2/17/2022,"Human Resources Business Partner","Chandler Regional Medical Center",,,,,,Chandler,AZ,"85224"
2/17/2022,"Technical Writer","Microchip Technology",microchip.net,,,,,Chandler,AZ,"85224"
2/17/2022,"Change Implementation Consultant","Wells Fargo",climaticsolar.com,"Environmental Services",,,,Chandler,AZ,""
2/16/2022,"Business Execution Consultant","WELLS FARGO BANK",wellsfargo.com,"Financial Services",,,,Chandler,AZ,""
2/16/2022,"Principal Specialist-Public Relations","Microchip Technology",microchip.net,,,,,Chandler,AZ,"85224"
2/15/2022,"Clinical Laboratory Director","Vanguard Pharma",vanguardpharma.com,Pharmaceuticals,,,,Chandler,AZ,""
2/15/2022,"Lead Control Management Officer - Corporate Security","WELLS FARGO BANK",wellsfargo.com,"Financial Services",,,,Chandler,AZ,""
2/17/2022,"Lead Tech Business Services Consultant","WELLS FARGO BANK",wellsfargo.com,"Financial Services",,,,Chandler,AZ,""
2/15/2022,"GPU Performance Architecture & Modeling Opportunities - Orla...",Intel,intel.in,"Information Technology & Services",,,,Chandler,AZ,"85226"
2/15/2022,"Ramp Manager",KLA,icos.be,Semiconductors,,,,Chandler,AZ,"85224"
2/15/2022,"Universal Banker - Float","AmeriHome Mortgage",amerihome.com,"Financial Services",,,,Chandler,AZ,""
2/17/2022,"Lead Control Management Officer","WELLS FARGO BANK",wellsfargo.com,"Financial Services",,,,Chandler,AZ,""
2/17/2022,"Lead Audit Manager - Enterprise Technology","WELLS FARGO BANK",wellsfargo.com,"Financial Services",,,,Chandler,AZ,""
2/17/2022,"Strategy & Planning Consultant Investment Planning & Efficie...","WELLS FARGO BANK",wellsfargo.com,"Financial Services",,,,Chandler,AZ,""
2/16/2022,"Lead Control Management Officer","WELLS FARGO BANK",wellsfargo.com,"Financial Services",,,,Chandler,AZ,""
2/16/2022,"Global Technical Specialist - Advanced Semiconductor Design","General Motors",sterlingmccallbgmc.com,,,,,Chandler,AZ,""
2/15/2022,"Lead Strategy And Planning Consultant","WELLS FARGO BANK",wellsfargo.com,"Financial Services",,,,Chandler,AZ,""
2/17/2022,"Change Implementation Consultant","WELLS FARGO BANK",wellsfargo.com,"Financial Services",,,,Chandler,AZ,""
2/16/2022,"Debit Card Fraud Detection Analytical Consultant","WELLS FARGO BANK",wellsfargo.com,"Financial Services",,,,Chandler,AZ,""
2/16/2022,"Small Business Underwriter","WELLS FARGO BANK",wellsfargo.com,"Financial Services",,,,Chandler,AZ,""
2/16/2022,"Lead Business Execution Consultant","WELLS FARGO BANK",wellsfargo.com,"Financial Services",,,,Chandler,AZ,""
2/17/2022,"Consumer Analytics Platform Product Manager","WELLS FARGO BANK",wellsfargo.com,"Financial Services",,,,Chandler,AZ,""
2/16/2022,"Lead Product Manager- Auto Sign Contract Product Owner","WELLS FARGO BANK",wellsfargo.com,"Financial Services",,,,Chandler,AZ,""
2/16/2022,"Paid Media & Advertising Technology Platforms Lead","WELLS FARGO BANK",wellsfargo.com,"Financial Services",,,,Chandler,AZ,""
2/17/2022,"Lead Product Manager in Financial Health Group","WELLS FARGO BANK",wellsfargo.com,"Financial Services",,,,Chandler,AZ,""
2/15/2022,"Business Execution Consultant - Cases of Interest & Executiv...","WELLS FARGO BANK",wellsfargo.com,"Financial Services",,,,Chandler,AZ,""
2/17/2022,"Enterprise Architect - GPSC IT","General Motors",sterlingmccallbgmc.com,,,,,Chandler,AZ,""
2/16/2022,"ITS Small Business Public Cloud Specialist",CDW,cdw.com,"Information Technology & Services",,,,Chandler,AZ,""
2/17/2022,"Software Developer","General Motors",sterlingmccallbgmc.com,,,,,Chandler,AZ,""
2/17/2022,"Change Implementation Consultant","WELLS FARGO BANK",wellsfargo.com,"Financial Services",,,,Chandler,AZ,""
2/16/2022,"Eligibility Utility Product Manager","WELLS FARGO BANK",wellsfargo.com,"Financial Services",,,,Chandler,AZ,""
2/15/2022,"Franchise Performance Coach","CLASSY CLOSETS",classyclosets.com,Construction,"$55,000 - $85,000 a year",,,Chandler,AZ,"85226"
2/17/2022,"Dispatch/Equipment Administrator","DCS CONTRACTING",,,"$21 - $29 an hour",,,Chandler,AZ,"85286"
2/15/2022,"General Manager - Fitness","D1 Training Chandler",,,"$40,000 - $50,000 a year",,,Chandler,AZ,"85286"
2/16/2022,"Showroom / Sales Manager","Bob's Discount Furniture",mybobs.com,Furniture,"$50,000 - $65,000 a year",,,Chandler,AZ,"85286"
2/17/2022,"Sales Professional","LifeSource Water Systems",lifesourcewater.com,"Consumer Goods","From $150,000 a year",,,Chandler,AZ,""
2/15/2022,"General Manager - Athletic Training","D1 Training Chandler",,,"$40,000 - $50,000 a year",,,Chandler,AZ,"85286"
2/15/2022,"Customer Support Specialist","Streamline Vacation Rental Software",,,"$50,000 - $60,000 a year",,,Chandler,AZ,"85226"
2/16/2022,"Assistant Preschool Director","Kids R' Our Future LLC",,,"$35,000 - $37,000 a year",,,Chandler,AZ,"85225"
2/16/2022,"Quality Assurance Technician","CoValence Laboratories",covalence.com,Cosmetics,"$20 an hour",,,Chandler,AZ,"85224"
2/15/2022,"Project Manager --Residential Remodel--","William Jackson Inc",williamjacksoninc.com,Construction,"$60,000 - $75,000 a year",,,Chandler,AZ,""
2/17/2022,"Alignment Specialist",StrongMind,strongmind.com,E-Learning,,,,Chandler,AZ,"85225"
2/17/2022,"General Manager","Mountain Mike's Pizza | Pelican Food Concepts LLC",,,,,,Chandler,AZ,"85226"
2/15/2022,"Patient Account Representative","Aveanna Healthcare",aveanna.com,"Hospital & Health Care",,,,Chandler,AZ,"85286"
2/15/2022,"Maintenance Director","CWS Apartment Homes, LLC",,,"$27 - $36 an hour",,,Chandler,AZ,""
2/15/2022,"Assistant Manager","Duck Donuts",,,"$14 - $20 an hour",,,Chandler,AZ,"85248"
2/15/2022,"Studio Manager","Orangetheory Fitness, Austin Fitness Group",,,,,,Chandler,AZ,"85286"
2/15/2022,"Sales Training Manager",Offerpad,offerpad.com,"Real Estate","$86,250 - $115,000 a year",,,Chandler,AZ,"85286"
2/16/2022,"Manufacturing Technician","Tailstorm Health INC",,,,,,Chandler,AZ,"85226"
2/17/2022,"Project Manager.",WIVERSE,wiverse.com,Telecommunications,"$38 - $44 an hour",,,Chandler,AZ,"85286"
2/15/2022,"Special Programs Compliance Manager",StrongMind,strongmind.com,E-Learning,,,,Chandler,AZ,"85225"
2/16/2022,"Data/Document Specialist",OnTrac,ontrac.com,"Logistics & Supply Chain",,,,Chandler,AZ,"85286"
2/17/2022,"Quality Manager","Bonded Logic Inc",bondedlogic.com,"Building Materials","$60,000 - $93,500 a year",,,Chandler,AZ,"85248"
2/15/2022,"Jr. Portfolio Underwriter","Cascade Financial Services",cascadeloans.com,"Banking , Finance",,,,Chandler,AZ,""
2/16/2022,"Benefits Coordinator-Patient Financial Services","Ironwood Cancer & Research",ironwoodcrc.com,"Medical Practice",,,,Chandler,AZ,"85225"
2/16/2022,"Assistant Manager| Autumn Creek Apartments","Western Wealth Communities",westernwealthcommunities.com,"Real Estate",,,,Chandler,AZ,"85225"
2/15/2022,Estimodeler,"Ezarc, Inc.",,,"$90,000 - $110,000 a year",,,Chandler,AZ,""
2/15/2022,"Maintenance Technician - Marriott Hotel","Marriott Phoenix Chandler",,,,,,Chandler,AZ,"85286"
2/16/2022,"Active Living Director- Copper Creek Inn","Koelsch Communities",koelschseniorcommunities.com,"Health, Wellness & Fitness",,,,Chandler,AZ,""
2/17/2022,"ETL Developer","ZLLIUS INC.",zllius.com,,,,,Chandler,AZ,""
2/16/2022,"RN Cardiac","Vitana Inc",,,"$75 - $85 an hour",,,Chandler,AZ,""
2/15/2022,"Lead Plasterer","Absolute Construction",absoluteroofingcompany.net,Construction,"$50,447 - $56,099 a year",,,Chandler,AZ,""
2/16/2022,"Maintenance Director - Marquis at Chandler","CWS Apartment Homes",cwsapartments.com,"Real Estate",,,,Chandler,AZ,""
2/16/2022,"Concrete Curb Machine Operator/Gomaco 3600","Achen-Gardner Construction",,,"$28 - $30 an hour",,,Chandler,AZ,""
2/15/2022,"Director of Memory Care, LPN/RN","Cadence Senior Living of Chandler",,,,,,Chandler,AZ,"85248"
2/17/2022,"Hadoop ETL Developer *Initial REMOTE/W2 Only*","Imcs Group",imcsgroup.net,"Information Technology & Services","$50 - $56 an hour",Remote,,"Remote in Chandler",AZ,""
2/17/2022,"IT Security Risk Analyst","Savvas Learning Company",savvas.com,"Education Management",,,,Chandler,AZ,"85226"
2/16/2022,"Electronic Assembler/Technician","Minit Charger LLC",minitcharger.com,"Electrical/Electronic Manufacturing",,,,Chandler,AZ,"85226"
2/15/2022,"Payroll Manager","The Doughnut Peddler",,,"$60,000 - $70,000 a year",,,Chandler,AZ,"85226"
2/16/2022,"Carpentry Framing Laborer","econstruct, Inc.",econstructinc.com,Construction,"$22 - $26 an hour",,,Chandler,AZ,"85225"
2/17/2022,Keyholder,ITSUGAR,,,,,,Chandler,AZ,"85226"
2/17/2022,"Mgr, Programs 1- Avionics Design Group","Northrop Grumman",litef.com,,"$123,300 - $154,900 a year",Remote,,"Remote in Chandler",AZ,""
2/17/2022,"Security- Part Time- Arizona Specialty Hospital",USPI,ppke.hu,"Higher Education",,,,Chandler,AZ,""
2/15/2022,"Assistant Manager (Part-Time), J.Crew Factory, Phoenix Premi...","J.Crew Factory",jcrew.com,"Apparel & Fashion",,,,Chandler,AZ,"85226"
2/16/2022,"Receptionist - Copper Creek Inn","Koelsch Communities",koelschseniorcommunities.com,"Health, Wellness & Fitness",,,,Chandler,AZ,""
2/15/2022,"Assistant Manager","Duck Donuts",,,"$14 - $20 an hour",,,Chandler,AZ,"85248"
2/17/2022,"Project Manager.",WIVERSE,wiverse.com,Telecommunications,"$38 - $44 an hour",,,Chandler,AZ,"85286"
2/17/2022,"ETL Developer","ZLLIUS INC.",zllius.com,,,,,Chandler,AZ,""
2/16/2022,"RN Cardiac","Vitana Inc",,,"$75 - $85 an hour",,,Chandler,AZ,""
2/17/2022,"Hadoop ETL Developer *Initial REMOTE/W2 Only*","Imcs Group",imcsgroup.net,"Information Technology & Services","$50 - $56 an hour",Remote,,"Remote in Chandler",AZ,""
2/17/2022,"RN Care Coordination","Chandler Regional Medical Center",,,,,,Chandler,AZ,"85224"
2/17/2022,"Project Manager.",WIVERSE,wiverse.com,Telecommunications,"$38 - $44 an hour",,,Chandler,AZ,"85286"
2/17/2022,"Administrative Coordinator","Capital Consultants Management Corporation",desertmthoa.com,,,,,Gilbert,AZ,""
2/17/2022,"Operations Coordinator","Capital Consultants Management Corporation",desertmthoa.com,,,,,Gilbert,AZ,""
2/16/2022,"Adult Services Supervisor","Maricopa County, AZ",maricopa.gov,"Government Administration","$51,376 - $76,128 a year",,,Gilbert,AZ,"85234"
2/16/2022,"Store Manager","Jo-Ann Stores, LLC",jo-annstores.com,,,,,Gilbert,AZ,"85295"
2/17/2022,"Supervisor, Operations (Job Coach) Gilbert, AZ Deseret Indus...","The Church of Jesus Christ of Latter-day Saints",churchofjesuschrist.org,"Religious Institutions",,,,Gilbert,AZ,""
2/17/2022,"Patient Care Coordinator","Banner Health",bannerhealth.com,"Hospital & Health Care",,,,Gilbert,AZ,"85234"
2/17/2022,"Community Standards Coordinator","Capital Consultants Management Corporation",desertmthoa.com,,,,,Gilbert,AZ,""
2/17/2022,"Community Manager","Capital Consultants Management Corporation",desertmthoa.com,,,,,Gilbert,AZ,""
2/17/2022,"Lifestyle Director","Capital Consultants Management Corporation",desertmthoa.com,,,,,Gilbert,AZ,""
2/17/2022,"Client Resolution Associate - VCS","Morgan Stanley",morganstanleybranch.com,"Financial Services",,,,Gilbert,AZ,""
2/17/2022,"Maintenance Supervisor","Capital Consultants Management Corporation",desertmthoa.com,,,,,Gilbert,AZ,""
2/15/2022,"Desktop Support I, II or III","Town of Gilbert",gilbertaz.gov,"Government Administration","$23.92 - $47.73 an hour",Remote,,"Remote in Gilbert",AZ,""
2/16/2022,"Director, Food & Beverage","The Enclave at Gilbert Senior Living",,,,,,Gilbert,AZ,"85298"
2/16/2022,"Centralized Collections & Recovery Specialist II","Lendmark Financial Services",lendmark.info,"Financial Services",,,,Gilbert,AZ,"85233"
2/16/2022,"Automotive Service Manager","Firestone Complete Auto Care",firestonecompleteautocare.com,Automotive,,,,Gilbert,AZ,"85296"
2/15/2022,"Patient Services Team Lead - KUG PSC","Sonora Quest Laboratories",sonoraquest.com,"Hospital & Health Care",,,,Gilbert,AZ,"85234"
2/17/2022,"Engagement Manager - DAS Risk & Brand Protection / Office of...",Deloitte,deloitte.com,"Management Consulting",,,,Gilbert,AZ,"85297"
2/17/2022,"Lead Risk & Compliance Analyst",Deloitte,deloitte.com,"Management Consulting",,,,Gilbert,AZ,"85297"
2/17/2022,"SAP/SuccessFactors Data Lead Manager",Deloitte,deloitte.com,"Management Consulting",,,,Gilbert,AZ,"85297"
2/17/2022,"Lead Business Systems Analyst - DAS HXM",Deloitte,deloitte.com,"Management Consulting",,,,Gilbert,AZ,"85297"
2/17/2022,"SAP ABAP Developer",Deloitte,deloitte.com,"Management Consulting",,,,Gilbert,AZ,"85297"
2/16/2022,"Marketing Automation Manager","Ascend Learning",ascendlearning.com,E-Learning,,,,Gilbert,AZ,"85297"
2/16/2022,"Adult Services Supervisor","Maricopa County",,,,,,Gilbert,AZ,"85233"
2/15/2022,"Plant Manager",Footprint,footprint27.com,"Apparel & Fashion",,,,Gilbert,AZ,"85297"
2/15/2022,"Desktop Support I, II or III","Town of Gilbert",gilbertaz.gov,"Government Administration",,Remote,,"Remote in Gilbert",AZ,""
2/17/2022,"Full Time Storage Manager - Gilbert, AZ","Argus Professional Storage Management",proselfstorage.com,"Management Consulting","$17 an hour",,,Gilbert,AZ,"85233"
2/17/2022,"Service Manager For Home Service Company","Plumbing & Ac Medic",,,"$65,000 - $100,000 a year",,,Gilbert,AZ,"85233"
2/16/2022,"Medical Assistant - Gilbert Location","Red Mountain Weight Loss and Med Spa",redmountainweightloss.com,"Health, Wellness & Fitness","$15 - $20 an hour",,,Gilbert,AZ,"85295"
2/15/2022,"Corporate Accounts Payable Manager",Potere,,,"From $55,000 a year",,,Gilbert,AZ,"85297"
2/16/2022,"Community Manager In Training","Brown Community Management",,,"$35,000 - $45,000 a year",,,Gilbert,AZ,""
2/15/2022,"Health Services Trainer","AdhereHealth LLC",adherehealth.com,"Information Technology & Services","$25 - $35 an hour",Remote,,"Remote in Gilbert",AZ,""
2/16/2022,"Customer Service Supervisor",Scrapbook.com,scrapbook.com,Internet,,,,Gilbert,AZ,"85233"
2/15/2022,"Manufacturing technician","Prolim Corporation",prolim.com,"Information Technology & Services","$20 - $25 an hour",,,Gilbert,AZ,""
2/17/2022,"Warehouse Manager - Manufacturing (6 month contract-to-hire...","TruPath Executive Search",trupathsearch.com,"Staffing & Recruiting","$60,000 - $80,000 a year",,,Gilbert,AZ,""
2/16/2022,"Digital Marketing Account Manager","Rocket Media",,,"$60,000 - $80,000 a year",,,Gilbert,AZ,"85234"
2/16/2022,"General Manager","Little Caesars",,,"$40,000 - $50,000 a year",,,Gilbert,AZ,"85295"
2/17/2022,"Plumbing/Drains Service Manager","Plumbing & Ac Medic",,,"$75,000 - $100,000 a year",,,Gilbert,AZ,"85233"
2/17/2022,Management,"The Buffalo Spot",thebuffalospot.com,Restaurants,,,,Gilbert,AZ,"85295"
2/15/2022,"Billing and Coder Specialist - Medical","Ironwood Cancer & Research",ironwoodcrc.com,"Medical Practice",,,,Gilbert,AZ,"85297"
2/17/2022,"Medical Billing Specialist","Lighthouse Psychiatry Advanced TMS & Counseling",lighthousetms.com,"Mental Health Care",,,,Gilbert,AZ,""
2/16/2022,"Case Manager","Copa Health",copahealth.org,"Hospital & Health Care",,,,Gilbert,AZ,"85234"
2/15/2022,"Maintenance Supervisor - Olive East Apartments","Asset Living",assetliving.com,"Real Estate","$23 - $24 an hour",,,Gilbert,AZ,"85234"
2/17/2022,"Plumbing Service Manager","Plumbing & Ac Medic",,,"$65,000 a year",,,Gilbert,AZ,"85233"
2/17/2022,"Insurance Credentialing Specialist","Lighthouse Psychiatry Advanced TMS & Counseling",lighthousetms.com,"Mental Health Care",,,,Gilbert,AZ,""
2/15/2022,"Assistant Community Director (Assistant Property Manager)","American Property Management",apmportland.com,"Real Estate","$21 an hour",,,Gilbert,AZ,""
2/17/2022,"Marketing Communications Manager","The Shield Companies",shieldcos.com,"Consumer Services","Up to $80,000 a year",Remote,,"Remote in Gilbert",AZ,""
2/15/2022,"Lead Plasterer","Absolute Construction",absoluteroofingcompany.net,Construction,"$50,447 - $56,099 a year",,,Gilbert,AZ,""
2/17/2022,"Controller for family run Medical Practice 65 to 80k Gilbert...","The Hire Mark",,,,,,Gilbert,AZ,""
2/16/2022,Accountant,"Heliae Development",heliaeglobal.com,,,,,Gilbert,AZ,"85297"
2/17/2022,"Experienced Family Law Attorney","Wilson-Goodman Law Group PLLC",wgandf-law.com,"Law Practice",,,,Gilbert,AZ,"85295"
2/17/2022,"Program Representative for International Students","Student Management Group",student-management.com,"Education Management",,,,Gilbert,AZ,""
2/15/2022,"Daytime Elementary Tutor","Lively Minds Tutoring",livelymindstutoring.com,,"$25 - $30 an hour",,,Gilbert,AZ,""
2/16/2022,"General Manager / Aquatics Lead","British Swim School",britishswimschoolfranchise.com,"Consumer Services",,,,Gilbert,AZ,"85297"
2/15/2022,"Manufacturing technician","Prolim Corporation",prolim.com,"Information Technology & Services","$20 - $25 an hour",,,Gilbert,AZ,""
2/15/2022,"RN - ICU (Nights) #26896",AdelphiMedicalStaffing.com,,,"Up to $3,555 a week",,,Gilbert,AZ,""
2/17/2022,"Customer Support Center Specialist","Movement Mortgage",,,,,,Tempe,AZ,"85283"
2/17/2022,"Research Technician","Arizona State University",asu.edu,"Higher Education","$21.64 an hour",Remote,,"Hybrid remote in Tempe",AZ,""
2/17/2022,"Denture Dental Technician","Dani Dental Studio",danidental.com,"Consumer Services",,,,Tempe,AZ,"85282"
2/16/2022,"Shipper Performance Coach, Shipper Support","Amazon.com Services LLC",amazon.com,Internet,,,,Tempe,AZ,""
2/17/2022,"Administrative Assistant","Arizona State University",asu.edu,"Higher Education","$18.03 - $20.50 an hour",,,Tempe,AZ,""
2/17/2022,"Business Development Representative","Sundt Construction, Inc.",sundt.com,Construction,,,,Tempe,AZ,"85282"
2/17/2022,"Sleep Apnea Dental Technician","Dani Dental Studio",danidental.com,"Consumer Services",,,,Tempe,AZ,"85282"
2/17/2022,"All-on-4 / Hybrid Denture Dental Technician","Dani Dental Studio",danidental.com,"Consumer Services",,,,Tempe,AZ,"85282"
2/17/2022,"Assistant Director, MBA & Working Professionals Career Manag...","Arizona State University",asu.edu,"Higher Education","$60,000 - $65,000 a year",,,Tempe,AZ,""
2/15/2022,"PAINTER/PAPER HANGER - TEMPE MISSION PALMS","Tempe Mission Palms",destinationhotels.com,Hospitality,,,,Tempe,AZ,"85281"
2/17/2022,"Customer Support Center Supervisor","Movement Mortgage",,,,,,Tempe,AZ,"85283"
2/17/2022,"CADCAM Designer Dental Technician - Tempe","Dani Dental Studio",danidental.com,"Consumer Services",,,,Tempe,AZ,"85282"
2/16/2022,"Student Services Coordinator Associate","Arizona State University",asu.edu,"Higher Education","$35,568 - $41,000 a year",,,Tempe,AZ,""
2/15/2022,"Customer Service Representative - FS","Invitation Homes",invitationhomes.com,"Real Estate",,,,Tempe,AZ,"85284"
2/17/2022,"Educational Outreach Coordinator","Arizona State University",asu.edu,"Higher Education","$22.27 - $30.72 an hour",,,Tempe,AZ,""
2/15/2022,"Model Governance 1st Line of Defense","Silicon Valley Bank",svb.com,Banking,,Remote,,"Remote in Tempe",AZ,""
2/17/2022,"Human Resources Communications Specialist","Arizona State University",asu.edu,"Higher Education","$49,200 a year",,,Tempe,AZ,""
2/15/2022,"Operations Coordinator","Elevate Services",elevateservices.com,"Legal Services",,,,Tempe,AZ,"85284"
2/16/2022,"Assistant Director Research Advancement","Arizona State University",asu.edu,"Higher Education",,,,Tempe,AZ,""
2/15/2022,"Research Advancement Administrator ? Finance & Accounting","Arizona State University",asu.edu,"Higher Education","$42,480 - $59,000 a year",,,Tempe,AZ,""
2/16/2022,"Program Manager, Central Operations","Amazon.com Services LLC",amazon.com,Internet,,,,Tempe,AZ,""
2/17/2022,"On-Board Manager","JPMorgan Chase Bank, N.A.",chase.com,"Financial Services",,,,Tempe,AZ,""
2/15/2022,"Project Manager (Healthcare) - Tempe","American Vision Partners",americanvisionpartners.com,"Medical Practice",,,,Tempe,AZ,"85283"
2/16/2022,"Collections Supervisor","JPMorgan Chase Bank, N.A.",chase.com,"Financial Services",,,,Tempe,AZ,""
2/16/2022,"Store Manager","Mattress Firm",mattressfirmnewmexico.com,Retail,,,,Tempe,AZ,"85284"
2/17/2022,"Corporate Videographer/Photographer","Sundt Construction, Inc.",sundt.com,Construction,,,,Tempe,AZ,"85282"
2/17/2022,"Marketing Writer","Sundt Construction, Inc.",sundt.com,Construction,,,,Tempe,AZ,"85282"
2/16/2022,"Department HR Specialist","Arizona State University",asu.edu,"Higher Education","$37,440 - $52,000 a year",,,Tempe,AZ,""
2/16/2022,"Fraud and Claims Operations Associate Manager Online Fraud C...","Wells Fargo",climaticsolar.com,"Environmental Services",,,,Tempe,AZ,""
2/17/2022,"Student Services Coord Assoc","Arizona State University",asu.edu,"Higher Education","$32,800 - $41,000 a year",,,Tempe,AZ,""
2/17/2022,"Account Supervisor - Card and Retail Customer Service","JPMorgan Chase Bank, N.A.",chase.com,"Financial Services",,,,Tempe,AZ,""
2/15/2022,"Financial Center Manager - Rural Baseline Financial Center -...","Bank of America",appianrx.com,"Hospital & Health Care",,,,Tempe,AZ,"85283"
2/17/2022,"Editorial Graphic Designer","Sportiqe Apparel",sportiqewholesale.com,"Apparel & Fashion",,Remote,,"Remote in Tempe",AZ,""
2/17/2022,"Facilities Manager","EMCOR Facilities Services, Inc.",emcorfacilities.com,"Facilities Services",,Remote,,"Remote in Tempe",AZ,""
2/15/2022,"Project Manager","American Vision Partners",americanvisionpartners.com,"Medical Practice",,,,Tempe,AZ,""
2/17/2022,"Virtual Construction Technician - Building Group","Sundt Construction, Inc.",sundt.com,Construction,,,,Tempe,AZ,"85282"
2/17/2022,"Program Manager, Brand Registry","Amazon.com Services LLC",amazon.com,Internet,,,,Tempe,AZ,""
2/16/2022,"Program Manager, Shipper Support","Amazon.com Services LLC",amazon.com,Internet,,,,Tempe,AZ,""
2/16/2022,"Logistics Specialist, Amazon Freight","Amazon.com Services LLC",amazon.com,Internet,,,,Tempe,AZ,""
2/17/2022,"Automotive Service Manager","Express Oil Change & Tire Engineers",expressoil.com,Automotive,,,,Tempe,AZ,"85284"
2/17/2022,"Director of Human Resources","Sundt Construction, Inc.",sundt.com,Construction,,,,Tempe,AZ,"85282"
2/15/2022,"Fraud Analyst","Silicon Valley Bank",svb.com,Banking,,,,Tempe,AZ,""
2/15/2022,"Risk Manager, Specialized Risk","Amazon.com Services LLC",amazon.com,Internet,,,,Tempe,AZ,""
2/16/2022,"Loan Closer II","Silicon Valley Bank",svb.com,Banking,,,,Tempe,AZ,""
2/15/2022,"Research Advancement Accountant","Arizona State University",asu.edu,"Higher Education",,Remote,,"Hybrid remote in Tempe",AZ,""
2/17/2022,"Systems Analyst","Arizona State University",asu.edu,"Higher Education","$65,000 a year",Remote,,"Hybrid remote in Tempe",AZ,""
2/17/2022,"Project Manager - Facilities Management","Arizona State University",asu.edu,"Higher Education","$74,000 a year",,,Tempe,AZ,"85281"
2/16/2022,"ServiceNow Admin","Albertsons Companies",albertsonscompanies.com,Retail,,,,Tempe,AZ,"85284"
2/15/2022,"Workforce Dev Supervisor (Specially Funded)","Maricopa Community Colleges",maricopa.edu,"Higher Education","$62,083 - $80,707 a year",,,Tempe,AZ,"85281"
2/17/2022,"Fraud Compliance Operations & Investigations (FCOI","JPMorgan Chase Bank, N.A.",chase.com,"Financial Services",,,,Tempe,AZ,""
2/17/2022,"Director of Information Technology","Sundt Construction, Inc.",sundt.com,Construction,,,,Tempe,AZ,"85282"
2/17/2022,"Applications Support","JPMorgan Chase Bank, N.A.",chase.com,"Financial Services",,,,Tempe,AZ,""
2/15/2022,"Director of Information Technology","Sundt Construction, Inc.",sundt.com,Construction,,,,Tempe,AZ,"85282"
2/17/2022,"Ortho Appliance Dental Technician","Dani Dental Studio",danidental.com,"Consumer Services",,,,Tempe,AZ,"85282"
2/17/2022,"Business Office Administrator","Unitek College",unitekcollege.edu,"Higher Education",,,,Tempe,AZ,"85284"
2/15/2022,"Director of Information Technology","Sundt Construction, Inc.",sundt.com,Construction,,,,Tempe,AZ,"85282"
2/16/2022,"Business Intelligence Devlpr","Arizona State University",asu.edu,"Higher Education","$83,013 - $100,000 a year",Remote,,"Hybrid remote in Tempe",AZ,""
2/17/2022,"Customer Enablement Manager, Training & Certification","Amazon Web Services, Inc.",,,"$96,400 - $132,500 a year",,,Tempe,AZ,""
2/15/2022,"General Maintenance Assistant Supervisor- Residential Facili...","Arizona State University",asu.edu,"Higher Education",,,,Tempe,AZ,"85281"
2/15/2022,"Business Analyst II","Silicon Valley Bank",svb.com,Banking,,,,Tempe,AZ,""
2/16/2022,"Lead Control Management Officer - Branded Cards & Marketing","WELLS FARGO BANK",wellsfargo.com,"Financial Services",,,,Tempe,AZ,""
2/17/2022,"ITSM Configuration Compliance Product Owner","WELLS FARGO BANK",wellsfargo.com,"Financial Services",,,,Tempe,AZ,""
2/17/2022,"FLOD Compliance Programs Director","Silicon Valley Bank",svb.com,Banking,,,,Tempe,AZ,""
2/16/2022,"Risk Analytics Consultant","WELLS FARGO BANK",wellsfargo.com,"Financial Services",,,,Tempe,AZ,""
2/17/2022,"Consumer & Community Banking - Control Manager - Collections...","JPMorgan Chase Bank, N.A.",chase.com,"Financial Services",,,,Tempe,AZ,""
2/16/2022,"Artificial Intelligence Solutions Associate Manager - AI Pro...","WELLS FARGO BANK",wellsfargo.com,"Financial Services",,,,Tempe,AZ,""
2/17/2022,"Risk Analytics Consultant","WELLS FARGO BANK",wellsfargo.com,"Financial Services",,,,Tempe,AZ,""
2/17/2022,"SBA Banking Portfolio Manager","WELLS FARGO BANK",wellsfargo.com,"Financial Services",,,,Tempe,AZ,""
2/17/2022,"Escrow Specialist (Tax)","Valon Mortgage",valon.com,"Computer Software",,,,Tempe,AZ,""
2/16/2022,"Business Execution Consultant - Commercial Banking Risk Prog...","WELLS FARGO BANK",wellsfargo.com,"Financial Services",,,,Tempe,AZ,""
2/15/2022,"Technology Process Analyst","Silicon Valley Bank",svb.com,Banking,,,,Tempe,AZ,""
2/17/2022,"Lead Financial Crimes Officer","WELLS FARGO BANK",wellsfargo.com,"Financial Services",,,,Tempe,AZ,""
2/17/2022,"Facilities Manager",Emcor,emcor.com,Consulting,,,,Tempe,AZ,""
2/17/2022,"Collections Manager II","JPMorgan Chase Bank, N.A.",chase.com,"Financial Services",,,,Tempe,AZ,""
2/16/2022,"Lead Enterprise Risk Officer for Liquidity/Capital/Wholesale...","WELLS FARGO BANK",wellsfargo.com,"Financial Services",,,,Tempe,AZ,""
2/17/2022,"Data Scientist","Bernhard TME, LLC",,,,,,Tempe,AZ,"85281"
2/16/2022,"Business Risk Manager","Silicon Valley Bank",svb.com,Banking,,,,Tempe,AZ,""
2/17/2022,"FLOD Compliance Program Implementation Manager","Silicon Valley Bank",svb.com,Banking,,,,Tempe,AZ,""
2/16/2022,"AML Investigator I, Analyst (Hybrid)",MUFG,mtel.com.br,"Information Technology & Services",,,,Tempe,AZ,"85281"
2/15/2022,"Lead Operational Risk Officer","WELLS FARGO BANK",wellsfargo.com,"Financial Services",,,,Tempe,AZ,""
2/16/2022,"Compliance Investigation Manager","JPMorgan Chase Bank, N.A.",chase.com,"Financial Services",,,,Tempe,AZ,""
2/16/2022,"AML Investigator SAR Writing III, AVP (Hybrid)",MUFG,mtel.com.br,"Information Technology & Services",,,,Tempe,AZ,"85281"
2/17/2022,"Procurement Contracts Specialist","Arizona State University",asu.edu,"Higher Education","$46,000 - $50,000 a year",,,Tempe,AZ,""
2/16/2022,"Lead Specialist, Shipper Support, Amazon Freight","Amazon.com Services LLC",amazon.com,Internet,,,,Tempe,AZ,""
2/16/2022,"AML Investigator I",MUFG,mtel.com.br,"Information Technology & Services",,,,Tempe,AZ,"85281"
2/17/2022,"ITSM Service Transition Product Owner","WELLS FARGO BANK",wellsfargo.com,"Financial Services",,,,Tempe,AZ,""
2/17/2022,"ITSM CMDB Product Owner","WELLS FARGO BANK",wellsfargo.com,"Financial Services",,,,Tempe,AZ,""
2/17/2022,"ITSM Service Portfolio Product Owner","WELLS FARGO BANK",wellsfargo.com,"Financial Services",,,,Tempe,AZ,""
2/16/2022,"AML Investigator I, Analyst (Hybrid)",MUFG,mtel.com.br,"Information Technology & Services",,,,Tempe,AZ,"85281"
2/16/2022,"AML Investigator SAR Writing I, Analyst (Hybrid)",MUFG,mtel.com.br,"Information Technology & Services",,,,Tempe,AZ,"85281"
2/16/2022,"AML Investigator SAR Writing II, Analyst (Hybrid)",MUFG,mtel.com.br,"Information Technology & Services",,,,Tempe,AZ,"85281"
2/16/2022,"AML Investigator SAR Writing III, AVP (Hybrid)",MUFG,mtel.com.br,"Information Technology & Services",,,,Tempe,AZ,"85281"
2/17/2022,"Quality Improvement Specialist (Non Clinical)","Arizona Complete Health",azcompletehealth.com,"Hospital & Health Care",,,,Tempe,AZ,"85281"
2/17/2022,"Landscape Sales & Design","Greenheart Landscapes, LLC.",,,"$50,000 - $75,000 a year",,,Tempe,AZ,""
2/17/2022,"Sales Counselor","Mirabella at ASU",,,,,,Tempe,AZ,"85281"
2/17/2022,"Sales Manager","New Reach Education",reachedsolutions.com,"Education Management",,,,Tempe,AZ,"85281"
2/17/2022,"Assistant Director of Student Services","New Reach Education",reachedsolutions.com,"Education Management",,,,Tempe,AZ,"85281"
2/17/2022,"Production Lab Technician","Vetazyme Corporation",,,"$15 - $17 an hour",,,Tempe,AZ,"85282"
2/16/2022,"Account Manager/Customer Service Representative Print Shop","International Minute Press",intlminutepress.com,Printing,"$17 - $20 an hour",,,Tempe,AZ,"85281"
2/16/2022,"Fulfillment Supervisor","Centera Bioscience",centerabioscience.com,,"$19 an hour",,,Tempe,AZ,"85284"
2/17/2022,"Office Coordinator","PERA Club",,,"Up to $20 an hour",,"NTNA - Canal Park area",Tempe,AZ,"85281"
2/15/2022,"Product Developer/Manager, Toys -- Tempe AZ","Starmerx International, INC",,,"$60,000 - $90,000 a year",,,Tempe,AZ,"85283"
2/17/2022,"Project Manager","W&W Structural Inc",,,,,,Tempe,AZ,"85281"
2/17/2022,"Inside Sales Manager/$65K","Iannarino Fullen Group",iannarinofullen.com,"Staffing & Recruiting","$55,000 - $65,000 a year",,,Tempe,AZ,"85284"
2/16/2022,"Customer Success & Logistics Specialist","Moov Technologies",,,"$50,000 - $70,000 a year",,,Tempe,AZ,""
2/17/2022,"Sales/Business Development Representative","Moov Technologies",,,,,,Tempe,AZ,""
2/16/2022,"Quality Control Supervisor","Universal Logistics Holdings, Inc.",universallogistics.com,"Logistics & Supply Chain","$50,000 - $65,000 a year",,,Tempe,AZ,"85282"
2/17/2022,"Marketing Specialist","New Reach Education",reachedsolutions.com,"Education Management",,,,Tempe,AZ,"85281"
2/16/2022,"Wedding Cake/Specialty Cake Decorator","Honey Moon Sweets Bakery",honeymoonsweets.com,Sports,,,,Tempe,AZ,"85282"
2/17/2022,"E-Commerce Manager","Regency Memorial Group",,,"$50,000 - $75,000 a year",,,Tempe,AZ,"85283"
2/15/2022,"Housekeeping Supervisor","SpringHill Suites by Marriott Tempe at Arizona...",,,,,,Tempe,AZ,"85283"
2/16/2022,"Construction Office Manager","Cactus Doors and Trim",,,"$38,000 - $40,000 a year",,,Tempe,AZ,"85281"
2/17/2022,"Finance Coordinator","New Reach Education",reachedsolutions.com,"Education Management","$40,000 - $45,000 a year",,,Tempe,AZ,"85281"
2/15/2022,"Marketing Manager (Phoenix, AZ)","Southwest College of Naturopathic Medicine",scnm.edu,"Higher Education","$55,000 - $60,000 a year",Remote,,"Remote in Tempe",AZ,""
2/17/2022,"Graphic Designer",Coxreels,coxreels.com,"Consumer Goods, Manufacturing, Metals & Minerals, ... Metals & Mining, Retail More Less","$19 - $20 an hour",,,Tempe,AZ,"85283"
2/16/2022,"Pre-Con Estimator","Tepcon Construction",tepcon.com,Construction,,,,Tempe,AZ,"85281"
2/17/2022,"Grades 6-8 Learning Success Coach, Digital","ASU Preparatory Academy",,,"$48,000 - $57,500 a year",Remote,,"Remote in Tempe",AZ,""
2/17/2022,"Store Manager","Creations Boutique",creations24.com,"Apparel & Fashion",,,,Tempe,AZ,"85281"
2/16/2022,"Shift Leader","Tropical Smoothie Cafe",tropicalsmoothiecafe.com,Restaurants,,,,Tempe,AZ,"85284"
2/17/2022,"Warehouse Manager","AGS Safety & Supply",agssafety.com,Wholesale,"$55,000 - $60,000 a year",,,Tempe,AZ,"85282"
2/17/2022,"Business Office Administrator","Unitek Learning, Inc.",uniteklearning.com,"Education Management",,,,Tempe,AZ,"85284"
2/17/2022,"Spa Manager","Phoenix Marriott Resort Tempe at the Buttes",,,,,,Tempe,AZ,"85282"
2/15/2022,"Digital Marketing Manager","Erus Energy LLC",erusenergy.com,"Renewables & Environment","$55,000 - $70,000 a year",,,Tempe,AZ,""
2/16/2022,"Website Development Lead","Embark Behavioral Health",embarkbh.com,"Mental Health Care",,Remote,,"Temporarily Remote in Tempe",AZ,""
2/17/2022,"Market Coordinator","Global Lending Services",glsauto.com,"Financial Services",,,,Tempe,AZ,"85284"
2/17/2022,"Spa Manager","Crestview Management",findrentutah.com,,,,,Tempe,AZ,""
2/17/2022,"Supervisor, Warehouse","Swire Coca-Cola USA",swirecc.com,"Food & Beverages",,,,Tempe,AZ,"85284"
2/15/2022,"Behavioral Health Quality Compliance Auditor","BEHAVIORAL HEALTH SOLUTIONS, LLC",behavioralhealthsolutions.com,,"$45,000 - $55,000 a year",,,Tempe,AZ,""
2/16/2022,"Business Solutions Consultant (Tempe Outside Sales - B2B)","ACP (All Copy Products) & Verticomm (A division of...",,,"$60,000 - $100,000 a year",,,Tempe,AZ,""
2/17/2022,"Operations Specialist - Banking",TSN,tsn.ca,"Broadcast Media","$20 - $24 an hour",,,Tempe,AZ,""
2/17/2022,"Deskside Support Technician",Pomeroy,pomeroy.com,"Information Technology & Services","$19 - $22 an hour",,,Tempe,AZ,"85283"
2/16/2022,"BANK TELLER OR BANKER NEEDED IN TEMPE, AZ","Banking Client",,,"$22 - $24 an hour",,,Tempe,AZ,"85281"
2/16/2022,"Catering Sales Manager","Crestview Management",findrentutah.com,,"$50,000 - $60,000 a year",,,Tempe,AZ,""
2/16/2022,"Content Marketing Manager","Onq Financial Inc",,,,Remote,,"Remote in Tempe",AZ,""
2/16/2022,"Procurement Specialist","Timeless Select LLC",timelessvapes.com,,"Up to $50,000 a year",,,Tempe,AZ,""
2/15/2022,"Interior Designer","Creative License International, LLC",creativelicenseintl.com,Design,"$55,000 - $70,000 a year",,,Tempe,AZ,"85281"
2/17/2022,"Graphic Designer","New Reach Education",reachedsolutions.com,"Education Management",,,,Tempe,AZ,"85281"
2/16/2022,"Technical Product Manager",Shutterfly,shutterflyinc.com,Internet,,,,Tempe,AZ,"85287"
2/16/2022,"IT Development Manager","The Advertising Checking Bureau, Inc.",,,,,,Tempe,AZ,"85282"
2/16/2022,"Quality Control Associate",Fathom,fathomdelivers.com,"Marketing & Advertising",,,,Tempe,AZ,"85282"
2/15/2022,"Maintenance Supervisor- South Bank Apartments","Asset Living",assetliving.com,"Real Estate","$24 an hour",,,Tempe,AZ,"85281"
2/17/2022,"Compliance Auditor (Clinical)","Arizona Complete Health",azcompletehealth.com,"Hospital & Health Care",,,,Tempe,AZ,"85281"
2/16/2022,"Maintenance Technician","Donor Network of Arizona",dnaz.org,"Charitable Organizations & Foundations, Organizations, Hospitals & Clinics, ... Healthcare More ","$27 - $29 an hour",,,Tempe,AZ,"85281"
2/15/2022,"Blending Supervisor","Oats Overnight",oatsovernight.com,"Food & Beverages",,,,Tempe,AZ,"85281"
2/17/2022,"Litigation Legal Assistant","Davis Miles McGuire Gardner, PLLC",davismiles.com,"Law Practice","$25 - $27 an hour",,,Tempe,AZ,"85281"
2/16/2022,"Digital Marketing Manager","Embark Behavioral Health",embarkbh.com,"Mental Health Care",,,,Tempe,AZ,"85284"
2/17/2022,"Architectural technical Coordinator","Presence Design PLLC",,,"$44,000 - $90,000 a year",,"NTNA - Canal Park area",Tempe,AZ,"85281"
2/17/2022,"Full Stack Developer","New Reach Education",reachedsolutions.com,"Education Management",,,,Tempe,AZ,"85281"
2/17/2022,"Business Financial Analyst","Herbal Brands",herbalclean.com,,,,,Tempe,AZ,"85284"
2/16/2022,"Maintenance Tech","Cushman & Wakefield",cushwake-ni.com,"Commercial Real Estate","$20 - $24 an hour",,,Tempe,AZ,"85282"
2/17/2022,"R & D Food Scientist (Gummies & Capsules)","Gummi World",gummiworld.com,"Health, Wellness & Fitness",,,,Tempe,AZ,"85283"
2/15/2022,"Quality Assurance Administrator","United Metal Products, Inc",,,,,,Tempe,AZ,"85282"
2/17/2022,"Confectionary Manager (Nutraceuticals/Dietary Supplements)","Gummi World",gummiworld.com,"Health, Wellness & Fitness",,,,Tempe,AZ,"85283"
2/17/2022,"Consumer Direct Loan Officer","Right Start Mortgage",rightstartmortgage.com,"Financial Services",,,,Tempe,AZ,"85282"
2/17/2022,"Escrow Specialist (Taxes)","Valon Mortgage",valon.com,"Computer Software","From $20 an hour",,,Tempe,AZ,"85282"
2/17/2022,"Supply Chain Officer (Nutraceuticals/Dietary Supplements)","Gummi World",gummiworld.com,"Health, Wellness & Fitness",,,,Tempe,AZ,"85283"
2/17/2022,"SAP Manufacturing Analyst",Shutterfly,shutterflyinc.com,Internet,,,,Tempe,AZ,"85287"
2/16/2022,"Nursing Lab Manager Tempe, AZ","Arizona College",arizonacollege.edu,"Higher Education",,,,Tempe,AZ,""
2/17/2022,"SAP EWM Analyst",Shutterfly,shutterflyinc.com,Internet,,,,Tempe,AZ,"85287"
2/17/2022,"AZ- Home Infusion Nurse Supervisor","Sisu Healthcare Solutions",sisuhealthcaresolutions.com,"Hospital & Health Care","$79,040 - $85,000 a year",,,Tempe,AZ,"85281"
2/16/2022,"Compliance Analyst","Freedom Financial Network",freedomfinancialnetwork.com,"Financial Services",,,,Tempe,AZ,"85281"
2/16/2022,"Project Manager","Tepcon Construction",tepcon.com,Construction,,,,Tempe,AZ,"85281"
2/16/2022,"Product Manager - B2B Startup","Moov Technologies",,,"$85,000 - $110,000 a year",,,Tempe,AZ,""
2/17/2022,"Salesforce Scrum Master",Shutterfly,shutterflyinc.com,Internet,,,,Tempe,AZ,"85287"
2/16/2022,Accountant,"IES Communications",iescomm.com,Telecommunications,,,,Tempe,AZ,""
2/15/2022,"Lead Commercial Cable Technician ( 5 years exp )","Phoenix Communication Solutions",phxcomm.com,Telecommunications,"$25 - $30 an hour",,,Tempe,AZ,""
2/15/2022,"Maintenance Technician (Manufacturing Industry)","MAPEI Corporation",mapei.com,"Building Materials","From $22 an hour",,,Tempe,AZ,"85281"
2/15/2022,"Electrical Control Panel Technician","Tier Power Systems, Inc.",,,,,,Tempe,AZ,"85282"
2/16/2022,"Banquet Manager","Crestview Management",findrentutah.com,,,,,Tempe,AZ,""
2/16/2022,"Pardot Marketing Automation Specialist","Southwest College of Naturopathic Medicine",scnm.edu,"Higher Education",,Remote,,"Remote in Tempe",AZ,""
2/17/2022,"IT Network Manager","The Advertising Checking Bureau, Inc.",,,,,,Tempe,AZ,"85282"
2/17/2022,"Business Office Administrator",Brookline,brookline.k12.ma.us,"Primary/Secondary Education",,,,Tempe,AZ,"85284"
2/16/2022,"Project Manager - Commercial Construction","TruPath Executive Search",trupathsearch.com,"Staffing & Recruiting","$75,000 - $85,000 a year",,,Tempe,AZ,""
2/15/2022,"Registered Nurse - Infusion - Phoenix AZ","Soleo Health Inc",soleohealth.com,"Hospital & Health Care","$38 - $45 an hour",,,Tempe,AZ,"85281"
2/16/2022,"Programmer - PLC","Pipeline Design & Engineering",teampipeline.us,"Mechanical Or Industrial Engineering","$70,000 - $90,000 a year",,,Tempe,AZ,"85281"
2/17/2022,"Plant Operations Director (Nutraceuticals/Dietary Supplement...","Gummi World",gummiworld.com,"Health, Wellness & Fitness",,,,Tempe,AZ,"85283"
2/16/2022,"Operations Manager (Nutraceuticals/Dietary Supplements)","Gummi World",gummiworld.com,"Health, Wellness & Fitness",,,,Tempe,AZ,"85283"
2/16/2022,"Partner Integration Analyst",Shutterfly,shutterflyinc.com,Internet,,,,Tempe,AZ,"85287"
2/17/2022,"Good Flow II - Full Serve (20-34 hours)",IKEA,ikea-usa.com,Retail,,,,Tempe,AZ,"85284"
2/17/2022,"Self Storage Assistant Manager - Tempe","Argus Professional Storage Management",proselfstorage.com,"Management Consulting","From $14 an hour",,"NTNA - West Rio area",Tempe,AZ,"85281"
2/15/2022,"Product Developer/Manager, Toys -- Tempe AZ","Starmerx International, INC",,,"$60,000 - $90,000 a year",,,Tempe,AZ,"85283"
2/16/2022,"Shift Leader","Tropical Smoothie Cafe",tropicalsmoothiecafe.com,Restaurants,,,,Tempe,AZ,"85284"
2/17/2022,"Project Manager","W&W Structural Inc",,,,,,Tempe,AZ,"85281"
2/16/2022,"BANK TELLER OR BANKER NEEDED IN TEMPE, AZ","Banking Client",,,"$22 - $24 an hour",,,Tempe,AZ,"85281"
2/17/2022,"Operations Specialist - Banking",TSN,tsn.ca,"Broadcast Media","$20 - $24 an hour",,,Tempe,AZ,""
2/15/2022,"Quality Assurance Administrator","United Metal Products, Inc",,,,,,Tempe,AZ,"85282"
2/17/2022,"Architectural technical Coordinator","Presence Design PLLC",,,"$44,000 - $90,000 a year",,"NTNA - Canal Park area",Tempe,AZ,"85281"
2/17/2022,"Records Coordinator","City of Glendale, AZ",glendaleaz.com,"Government Administration","$30,356 - $45,534 a year",,,Glendale,AZ,"85301"
2/17/2022,"Records Coordinator","City of Glendale, AZ",glendaleaz.com,"Government Administration",,,,Glendale,AZ,""
2/17/2022,"Executive Assistant FT Days","Abrazo Arrowhead Campus",,,,,"Deer Valley area",Glendale,AZ,"85308"
2/16/2022,"Wire Operations Officer","Alaska USA Federal Credit Union",alaskausa.org,"Financial Services",,,,Glendale,AZ,"85306"
2/16/2022,"Vans Retail Assistant Store Manager","VF Corporation",vfc.com,"Apparel & Fashion",,,"Deer Valley area",Glendale,AZ,"85308"
2/16/2022,"Vans Retail Assistant Store Manager",Vans,vans.co.uk,"Apparel & Fashion",,,,Glendale,AZ,""
2/16/2022,"Customer Care Manager","Biomat USA, Inc.",grifolsplasma.com,Pharmaceuticals,,,,Glendale,AZ,"85304"
2/16/2022,"Legal Assistant - AZ - Office of the General Counsel","Midwestern University",mccloudlawfirm.com,"Education Management",,,"Deer Valley area",Glendale,AZ,"85308"
2/17/2022,"Building Maintenance Technician","American Furniture Warehouse",americanfurniturenc.com,Retail,,,,Glendale,AZ,""
2/15/2022,"District Talent Manager",RGIS,rgis.com,Retail,,,,Glendale,AZ,""
2/17/2022,"Optical Office Manager","Nationwide Vision",nationwidevision.com,Retail,"$26 an hour",,,Glendale,AZ,"85318"
2/16/2022,"Community Construction Manager","K. Hovnanian Homes",,,,,,Glendale,AZ,""
2/16/2022,"Cost Accountant","Cavco Industries, Inc.",,,,,,Glendale,AZ,"85307"
2/17/2022,"RN PreOp PACU Manager Full Time Days","Abrazo Arrowhead Campus",,,,,"Deer Valley area",Glendale,AZ,"85308"
2/16/2022,"Technician 3","Sunbelt Rentals",sunbeltrentals.com,"Business Supplies & Equipment",,,,Glendale,AZ,"85301"
2/15/2022,"HCBS Office Support","Family Care Connections LLC",azfcc.org,,,,"Deer Valley area",Glendale,AZ,"85308"
2/15/2022,"Inside Sales Rep","EMSER TILE LLC",,,,,,Glendale,AZ,"85306"
2/15/2022,"Co-Manager/Store Manager",Tillys,,,,,"Deer Valley area",Glendale,AZ,"85308"
2/15/2022,"Assistant Manager",Chompie's,,,,,"Deer Valley area",Glendale,AZ,"85308"
2/16/2022,"Sales Professional","LifeSource Water Systems",lifesourcewater.com,"Consumer Goods","From $150,000 a year",,,Glendale,AZ,""
2/17/2022,"Director Food & Beverage","ARROWHEAD COUNTRY CLUB",arrowheadccaz.com,Hospitality,"$55,000 - $60,000 a year",,"Deer Valley area",Glendale,AZ,"85308"
2/15/2022,"Store Manager",Express,expresscareurgentcare.com,null,,,,Glendale,AZ,"85305"
2/17/2022,Seamstress/Tailor,"A-Z Alterations",,,"$15 - $17 an hour",,"Deer Valley area",Glendale,AZ,"85308"
2/17/2022,"Optical Office Manager","Nationwide Vision",nationwidevision.com,Retail,"$26 an hour",,,Glendale,AZ,""
2/17/2022,"Micro-Enterprise Development Coordinator","International Rescue Committee",rescue.org,"Nonprofit Organization Management","$23 an hour",,,Glendale,AZ,"85302"
2/15/2022,"Manager, Content Marketing","Insignia Event Services",,,"$60,000 - $70,000 a year",,,Glendale,AZ,"85305"
2/17/2022,"Community Manager - HOA Management - Glendale, AZ","Trestle Management Group",trestlemanagement.com,"Real Estate","From $55,000 a year",,"Deer Valley area",Glendale,AZ,"85308"
2/17/2022,"Network Operations Manager",Airebeam,,,"$65,000 - $85,000 a year",Remote,,"Remote in Glendale",AZ,""
2/15/2022,"Assistant Manager",Chompie's,,,,,"Deer Valley area",Glendale,AZ,"85308"
2/15/2022,"Store Manager",Express,expresscareurgentcare.com,null,,,,Glendale,AZ,"85305"
2/17/2022,"Community Manager","Capital Consultants Management Corporation",desertmthoa.com,,,,,Peoria,AZ,""
2/15/2022,"Full-Time Assistant Manager (10096 W Happy Valley Rd - Store...","Tuesday Morning",ultipro.com,Retail,,,,Peoria,AZ,"85383"
2/15/2022,"Full-Time Assistant Manager (10096 W Happy Valley Rd - Store...","Tuesday Morning",ultipro.com,Retail,,,,Peoria,AZ,"85383"
2/15/2022,"Operator III",Veolia,veolia.com,"Environmental Services",,,,Peoria,AZ,""
2/17/2022,"Field Recruiter (Remote)","Transport Professionals, Inc.",,,,Remote,,"Remote in Peoria",AZ,""
2/16/2022,"Office Coordinator- 4420","RI International",riinternational.com,"Mental Health Care",,,,Peoria,AZ,"85345"
2/16/2022,"Director of Housekeeping","MasterCorp, Inc.",,,"$60,000 - $80,000 a year",,,Peoria,AZ,"85383"
2/15/2022,"Dental Assistant","Peoria Healthy Smiles",,,"$18 - $21 an hour",,,Peoria,AZ,"85381"
2/15/2022,"In-House Marketing Supervisor - Cibola Vista Resort and Spa","Bluegreen Vacations Corporation",,,,,,Peoria,AZ,"85383"
2/15/2022,"Director of Housekeeping","MasterCorp, Inc.",,,,,,Peoria,AZ,"85383"
2/15/2022,"Sls Mgmt - Mgr, In House Sales","Bluegreen Vacations Corporation",,,,,,Peoria,AZ,"85383"
2/17/2022,"Wall Protection Installer (FT)","Northwest Floor and Wall Company",,,"$18 - $20 an hour",,,Peoria,AZ,"85345"
2/15/2022,"Dental Assistant","Peoria Healthy Smiles",,,"$18 - $21 an hour",,,Peoria,AZ,"85381"
2/16/2022,"Assistant Store Manager","Extra Space Storage",extraspace.com,"Real Estate",,,,Surprise,AZ,"85374"
2/14/2022,"Corporate Recruiter","National Indoor RV Centers",nirvc.com,"Recreational Facilities & Services",,,,Surprise,AZ,"85379"
2/15/2022,"Patient Care Coordinator","Dental Depot of Surprise PLLC",dentaldepotarizona.com,,,,,Surprise,AZ,""
2/17/2022,"Operations Manager","Capital Consultants Management Corporation",desertmthoa.com,,,,,Surprise,AZ,""
2/16/2022,"Customer Care Manager","Biomat USA, Inc.",grifolsplasma.com,Pharmaceuticals,,,,Surprise,AZ,"85379"
2/15/2022,"Maintenance Supervisor","The Inland Real Estate Group of Companies, Inc",,,,,,Surprise,AZ,"85374"
2/15/2022,"Maintenance Supervisor","Inland Group",inlandconstruction.com,"Real Estate",,,,Surprise,AZ,"85374"
2/15/2022,"Director of Healthcare","Orchard Pointe by Heritage Communities",,,,,,Surprise,AZ,""
2/17/2022,"Used Car Sales Manager","Surprise Ford",surpriseford.com,Automotive,,,,Surprise,AZ,""
2/16/2022,"Lead Construction Laborer / Foreman","econstruct, Inc.",econstructinc.com,Construction,"$25 - $30 an hour",,,Surprise,AZ,"85374"
2/16/2022,"RN Cardiac","Vitana Inc",,,"$75 - $85 an hour",,,Surprise,AZ,""
2/15/2022,"Lead Commercial Cable Technician ( 5 years exp )","Phoenix Communication Solutions",phxcomm.com,Telecommunications,"$25 - $30 an hour",,,Surprise,AZ,""
2/16/2022,"Construction Worker / Framing","econstruct, Inc.",econstructinc.com,Construction,"$22 - $26 an hour",,,Surprise,AZ,"85374"
2/16/2022,"RN Cardiac","Vitana Inc",,,"$75 - $85 an hour",,,Surprise,AZ,""
2/16/2022,"Office Coordinator 2-Cardiology Clinic","Northern Arizona Healthcare Corporation",nahealth.com,"Hospital & Health Care",,,,Flagstaff,AZ,"86001"
2/16/2022,"Retail Department Manager - Flagstaff",REI,rei.com,Retail,,,"Sawmill Place area",Flagstaff,AZ,"86001"
2/15/2022,"Director of Nursing and Allied Health","Coconino Community College",coconino.edu,"Higher Education","$83,809 - $105,365 a year",,,Flagstaff,AZ,"86005"
2/17/2022,"Dean, College of Health and Human Services","Northern Arizona University",nau.edu,"Higher Education",,,"Northern Arizona University area",Flagstaff,AZ,"86011"
2/17/2022,"Postdoctoral Scholar - Martin Springer Institute","Northern Arizona University",nau.edu,"Higher Education","$46,014 a year",,"Northern Arizona University area",Flagstaff,AZ,"86011"
2/16/2022,"Clinical Manager","Northern Arizona Healthcare Corporation",nahealth.com,"Hospital & Health Care",,,,Flagstaff,AZ,"86001"
2/16/2022,"House Supervisor","Northern Arizona Healthcare Corporation",nahealth.com,"Hospital & Health Care",,,,Flagstaff,AZ,"86001"
2/15/2022,"Lead Medical Office Coordinator 27830","Northern Arizona Healthcare Corporation",nahealth.com,"Hospital & Health Care",,,,Flagstaff,AZ,"86001"
2/17/2022,"Scrum Master","Deckers Brands",,,,,,Flagstaff,AZ,""
2/16/2022,"Electro-Mechanical Assembler II (Flagstaff)","Barry Wehmiller Companies Inc",barrywehmiller.com,Machinery,,,,Flagstaff,AZ,""
2/17/2022,"RN Care Manager 27450","Northern Arizona Healthcare Corporation",nahealth.com,"Hospital & Health Care",,,,Flagstaff,AZ,"86001"
2/16/2022,"RN Trauma","Northern Arizona Healthcare Corporation",nahealth.com,"Hospital & Health Care",,,,Flagstaff,AZ,"86001"
2/15/2022,"Director of Nursing and Allied Health","Coconino Community College",coconino.edu,"Higher Education",,,,Flagstaff,AZ,"86004"
2/17/2022,"Materials Testing Technician/Special Inspector- Flagstaff","WTI, Inc.",wtiinc.com,"Food Production",,,,Flagstaff,AZ,"86004"
2/16/2022,"Medical Equipment Branch Manager","Rotech Healthcare Inc.",rotech.com,"Hospital & Health Care","$45,000 - $70,000 a year",,,Flagstaff,AZ,"86004"
2/15/2022,"Clinic Manager (Dental)","North Country HealthCare AZ",,,,,,Flagstaff,AZ,"86004"
2/16/2022,"Tier II Help Desk Technician","Nothing But NET",,,"$45,000 - $52,000 a year",,,Flagstaff,AZ,"86004"
2/17/2022,"Indigenous Foodways Program Manager","Local First Arizona",localfirstaz.com,"Civic & Social Organization",,,,Flagstaff,AZ,""
2/17/2022,"Leasing Consultant - Sterling Pointe","Mack Property Management LP",,,,,,Flagstaff,AZ,"86001"
2/17/2022,"Community Manager","Mack Property Management",mackmgmt.com,"Real Estate",,,"Woodlands Village area",Flagstaff,AZ,"86001"
2/17/2022,"Community Manager","Mack Property Management LP",,,,,,Flagstaff,AZ,"86001"
2/16/2022,"Community Outreach Manager","Homeless Youth Connection",hycaz.org,"Nonprofit Organization Management","Up to $43,000 a year",Remote,,"Hybrid remote in Flagstaff",AZ,""
2/17/2022,"Construction Materials Testing & Inspection, Project Manager...","WTI, Inc.",wtiinc.com,"Food Production",,,,Flagstaff,AZ,"86004"
2/16/2022,"Optical Supervisor",Visionworks,visionworks.com,Retail,,,,Flagstaff,AZ,"86004"
2/17/2022,"Landscape Foreman","Warner's Nursery & Landscape Co.",warnercompanies.com,Retail,"$16 - $20 an hour",,,Flagstaff,AZ,"86001"
2/15/2022,"Assisted Living Director","The Peaks, A Senior Living Community",thepeaks.org,"Medical Practice",,,,Flagstaff,AZ,"86001"
2/15/2022,"Materials Testing Technician/Special Inspector- Flagstaff","WTI, Inc.",wtiinc.com,"Food Production",,,,Flagstaff,AZ,"86004"
2/16/2022,"Optical Supervisor",Visionworks,visionworks.com,Retail,,,,Flagstaff,AZ,"86004"
2/16/2022,"Optical Supervisor",Visionworks,visionworks.com,Retail,,,,Flagstaff,AZ,"86004"
2/16/2022,"Optical Supervisor",Visionworks,visionworks.com,Retail,,,,Flagstaff,AZ,"86004"
2/16/2022,"Optical Supervisor",Visionworks,visionworks.com,Retail,,,,Flagstaff,AZ,"86004"
2/16/2022,"Optical Supervisor",Visionworks,visionworks.com,Retail,,,,Flagstaff,AZ,"86004"
2/15/2022,"Construction Materials Testing & Inspection, Project Manager...","WTI, Inc.",wtiinc.com,"Food Production",,,,Flagstaff,AZ,"86004"
2/15/2022,"Part Time Assistant Manager: Freight Flow","World Market",worldmarket.com,Furniture,,,,Flagstaff,AZ,"86004"
2/15/2022,"Licensing Specialist 1576611","Human Resource Training, Inc.",,,,,,Flagstaff,AZ,"86001"
2/15/2022,"WILDLIFE SPECIALIST","State of Arizona",az.gov,"Government Administration","$44,000 - $48,000 a year",,,Yuma,AZ,""
2/16/2022,"Customer Care Manager","Biomat USA, Inc.",grifolsplasma.com,Pharmaceuticals,,,,Yuma,AZ,"85366"
2/15/2022,"Outside Plant Supervisor","ALLO Communications",allo.ua,Telecommunications,,,,Yuma,AZ,""
2/16/2022,"Program Planner - Remote","Raytheon Missiles & Defense",raytheonmissilesanddefense.com,"Defense & Space",,Remote,,"Remote in Yuma",AZ,""
2/17/2022,"Case Manager II - Full Time - Days","Yuma Regional Medical Center",yumaregional.org,"Hospital & Health Care",,,,Yuma,AZ,"85364"
2/15/2022,"Principal Specialist, Financial Planning & Analysis (Remote)","Raytheon Missiles & Defense",raytheonmissilesanddefense.com,"Defense & Space",,Remote,,"Remote in Yuma",AZ,""
2/15/2022,"Community Planning Manager (To Establish an Eligibility List...","Yuma County",yumacountyaz.gov,"Government Administration",,,,Yuma,AZ,"85364"
2/17/2022,"Accounts Payable Technician",Hunter,hunterand.co,"Marketing & Advertising","$14 - $17 an hour",,,Yuma,AZ,"85364"
2/17/2022,"Maintenance Technician - Weekend Shift","Jordan Manufacturing Company, INC.",,,"$18 - $22 an hour",,,Yuma,AZ,"85365"
2/17/2022,"Network Operations Manager",Airebeam,,,"$65,000 - $85,000 a year",Remote,,"Remote in Yuma",AZ,""
2/16/2022,"Chief Pilot","Lohman Helicopter LLC",lohmanhelicopter.com,"Aviation & Aerospace","From $110,000 a year",,,Yuma,AZ,""
2/15/2022,"Traveling Flight Nurse","Global Medical Response",globalmedicalresponse.com,"Hospital & Health Care",,,,Yuma,AZ,"85366"
2/15/2022,"Supervisor (Part-Time)","Barnes & Noble College",bncollege.com,Retail,,,,Yuma,AZ,""
2/17/2022,"Accounts Payable Technician",Hunter,hunterand.co,"Marketing & Advertising","$14 - $17 an hour",,,Yuma,AZ,"85364"
2/17/2022,"Community Manager","Capital Consultants Management Corporation",desertmthoa.com,,,,,"Queen Creek",AZ,""
2/17/2022,"Lifestyle Director","Capital Consultants Management Corporation",desertmthoa.com,,,,,"Queen Creek",AZ,""
2/17/2022,"CASE MANAGER - Rite Path","Rite Path",,,,,,"Queen Creek",AZ,"85142"
2/16/2022,"Director of Talent and Culture","Chick-fil-A | Queen Creek",queencreek.org,"Government Administration","$20 an hour",,,"Queen Creek",AZ,"85142"
2/15/2022,"Instructional Coach","American Leadership Academy",americanleadershipacademy.org,,,,,"Queen Creek",AZ,""
2/16/2022,"Lifestyle Director",CCMC,ccmcnet.com,"Management Consulting",,,,"Queen Creek",AZ,""
2/16/2022,"Director of Talent and Culture","Chick-fil-A | Queen Creek",queencreek.org,"Government Administration","$20 an hour",,,"Queen Creek",AZ,"85142"
2/16/2022,"City Clerk Volunteer","City of Goodyear, AZ",goodyearaz.gov,"Government Administration",,,,Goodyear,AZ,""
2/17/2022,"Lifestyle Associate","Capital Consultants Management Corporation",desertmthoa.com,,,,,Goodyear,AZ,""
2/15/2022,"Security Operations Manager","Amazon.com Services LLC",amazon.com,Internet,,,,Goodyear,AZ,""
2/17/2022,"Lifestyle Director","Capital Consultants Management Corporation",desertmthoa.com,,,,,Goodyear,AZ,""
2/17/2022,"Resident?s Club Manager","Capital Consultants Management Corporation",desertmthoa.com,,,,,Goodyear,AZ,""
2/17/2022,"Practice Administrator, Women's Health Services","Cancer Treatment Centers of America",cancercenter.com,"Hospital & Health Care",,,,Goodyear,AZ,"85338"
2/15/2022,"Manager, Compliance & Privacy","Cancer Treatment Centers of America",cancercenter.com,"Hospital & Health Care",,,,Goodyear,AZ,"85338"
2/15/2022,"Sewing Machine Operator/Prototype Sewer","Shooters World",,,"$15 - $18 an hour",,,Goodyear,AZ,"85338"
2/15/2022,"Case Manager","Roman Empire Living Skills, Inc",romanempireagency.com,"Hospital & Health Care","Up to $25 an hour",,,Goodyear,AZ,"85338"
,"Stem Cell Transplant-RN PT","Cancer Treatment Centers of America",cancercenter.com,"Hospital & Health Care",,,,Goodyear,AZ,"85338"
