DATE,"Job Title",Company,Website,Industry,Salary,Remote,AREA,City,State,"Zip Code"
25-02-2022,"Art Director (New Game Incubation Team)","Electronic Arts",ea.com,"Computer Games",,,,"Los Angeles",CA,""
25-02-2022,"Creative Director","Twitch Interactive, Inc.",,,,,,"Los Angeles",CA,""
26-02-2022,"QMO Program Manager","Cushman & Wakefield",cushwake-ni.com,"Commercial Real Estate",,,"Downtown area","Los Angeles",CA,"90017"
26-02-2022,"AR Solutions Partner",Snapchat,snap.com,"Computer Software",,,"Venice area","Los Angeles",CA,"90291"
24-02-2022,"Strategic Communications Manager- Government & Public Servic...",Deloitte,deloitte.com,"Management Consulting",,,"Downtown area","Los Angeles",CA,"90013"
25-02-2022,"Art Director","Fox Corporation",foxcorporation.com,"Broadcast Media",,,,"Los Angeles",CA,""
24-02-2022,"Design Director, Apex Mobile (6 Month Contract)","Electronic Arts",ea.com,"Computer Games",,,,"Los Angeles",CA,""
25-02-2022,"VP Influencer & Entertainment Marketing","American Heart Association",heart.org,"Health, Wellness & Fitness",,,,"Los Angeles",CA,"90006"
24-02-2022,"Industrial Designer",Toughbuilt,toughbuilt.com,"Consumer Goods",,,,"Los Angeles",CA,"90001"
26-02-2022,"Product Manager",Deloitte,deloitte.com,"Management Consulting",,,"Downtown area","Los Angeles",CA,"90013"
24-02-2022,"11-035 - Siemon Center Director - CAS/Siemon Family Youth &...","The Salvation Army Western USA",salvationarmyusa.org,"Nonprofit Organization Management",,,,"Los Angeles",CA,""
25-02-2022,"Director Partnership Mktg","Paramount Pictures",paramount.com,Entertainment,,,,"Los Angeles",CA,"90038"
26-02-2022,"Financial Analyst, Consultant","Blue Shield of California",blueshieldca.com,Insurance,,,"Westchester area","Los Angeles",CA,"90045"
26-02-2022,"Director of Customer Operations",RestorixHealth,restorixhealth.com,"Hospital & Health Care",,,,"Los Angeles",CA,""
26-02-2022,"Community Engagement Director","OUTFRONT media",outfrontmedia.com,"Marketing & Advertising",,,"Baldwin Hills/Crenshaw area","Los Angeles",CA,"90016"
25-02-2022,"PCI Regional Sales Manager",PSSI,pssi.com,"Food Production",,,,"Los Angeles",CA,"90058"
25-02-2022,"Director, Consulting","Logic20/20 Inc.",,,,,,"Los Angeles",CA,""
26-02-2022,"Identity and Access Management Specialist",Deloitte,deloitte.com,"Management Consulting",,Remote,,"Remote in Los Angeles",CA,""
25-02-2022,"Project Manager","Flatiron Construction Corp",flatironcorp.com,Construction,,,,"Los Angeles",CA,"90045"
26-02-2022,"Manager of Architecture","Burlington Stores",burlingtonstores.jobs,,,,"Downtown area","Los Angeles",CA,"90017"
24-02-2022,"Oracle CX Delivery Lead",Accenture,cazoodle.com,"Computer Software",,,"Downtown area","Los Angeles",CA,"90013"
25-02-2022,"SAP Chemical & Natural Resources Manager",Accenture,cazoodle.com,"Computer Software",,,"Downtown area","Los Angeles",CA,"90013"
24-02-2022,"Project Manager",Perkins+Will,sermescro.com,"Security & Investigations",,,,"Los Angeles",CA,"90017"
26-02-2022,"Data Engineering Manager",Accenture,cazoodle.com,"Computer Software",,,"Downtown area","Los Angeles",CA,"90013"
26-02-2022,"Healthcare Consulting - AM&C Marketing Manager",Deloitte,deloitte.com,"Management Consulting",,,"Downtown area","Los Angeles",CA,"90013"
24-02-2022,"Head of Brand Management","DRUM WORKSHOP INC",dwdrums.com,Retail,,Remote,,"Remote in Los Angeles",CA,""
25-02-2022,"College Project Director",STV,stvinc.com,"Architecture & Planning",,,,"Los Angeles",CA,"90017"
24-02-2022,"Director, Construction Project Manager - CBRE Investment Man...",CBRE,cbre.us,"Real Estate",,,"Downtown area","Los Angeles",CA,"90071"
26-02-2022,"Regional Safety Director - Renewables","Rosendin Electric, Inc",rosendin.com,Construction,,,,"Los Angeles",CA,""
25-02-2022,"Director Software Engineering",Accenture,cazoodle.com,"Computer Software",,,"Downtown area","Los Angeles",CA,"90013"
24-02-2022,"IT Delivery Manager/ IT Program Manager","E2 Consulting Engineers, Inc.",e2.com,Utilities,,,"Downtown area","Los Angeles",CA,"90017"
25-02-2022,"Client Service Manager - Water, Wastewater, Reuse","Carollo Engineers Inc.",carollo.com,"Environmental Services",,,"Downtown area","Los Angeles",CA,"90017"
24-02-2022,"Project Director / Project Manager","Comtech Group",,,,,,"Los Angeles",CA,"90038"
24-02-2022,"Human Resources Business Partner, Shared Functions",MRC,miningsearch.com,"Staffing & Recruiting",,,,"Los Angeles",CA,"90210"
25-02-2022,"ServiceNow Architect - REMOTE",Deloitte,deloitte.com,"Management Consulting",,Remote,,"Remote in Los Angeles",CA,""
24-02-2022,"Director, Capital Markets (Property and Fund Financing) - CB...",CBRE,cbre.us,"Real Estate",,,"Downtown area","Los Angeles",CA,"90071"
26-02-2022,"Rare Blood Account Director, West, Rare Blood Disorders","Sanofi US",,,,,,"Los Angeles",CA,""
26-02-2022,"Director, Account Development - Western US (Remote)",NielsenIQ,,,,Remote,,"Remote in Los Angeles",CA,""
25-02-2022,"Lead Architect - REMOTE",Deloitte,deloitte.com,"Management Consulting",,Remote,,"Remote in Los Angeles",CA,""
24-02-2022,"Director of Digital Platforms and Technology","DRUM WORKSHOP INC",dwdrums.com,Retail,,Remote,,"Hybrid remote in Los Angeles",CA,""
26-02-2022,"SAP Implementation Specialist Leader",Deloitte,deloitte.com,"Management Consulting",,,"Downtown area","Los Angeles",CA,"90013"
25-02-2022,"Cloud Interlock Director",Splunk,splunk.com,"Computer Software",,,,"Los Angeles",CA,"90002"
24-02-2022,"Director, CMC Statistics",Amgen,ansals.com,"Real Estate",,,,"Los Angeles",CA,""
25-02-2022,"Program Manager","HNTB Corporation",hntb.com,"Civil Engineering",,,,"Los Angeles",CA,"90006"
25-02-2022,"Principal project manager - geotechnical","Mott MacDonald",mottmac.com,"Civil Engineering",,,"Baldwin Hills/Crenshaw area","Los Angeles",CA,"90016"
26-02-2022,"Associate Creative Director",Darkroom,darkroom.co,"Computer Software","$80,000 - $100,000 a year",,"Downtown area","Los Angeles",CA,"90014"
25-02-2022,"RVP I","Morrison Living",morrisonliving.com,"Food & Beverages","From $175,000 a year",,,"Los Angeles",CA,""
24-02-2022,"Creative Director","American International Industries",aiibeauty.com,"Consumer Goods",,,,"Los Angeles",CA,"90040"
25-02-2022,"Project Scheduler","Lee Andrews Group",leeandrewsgroup.com,"Public Relations & Communications",,,"Downtown area","Los Angeles",CA,"90017"
26-02-2022,"Conference and Events Manager","CAL STATE LA UNIVERSITY AUXILIARY SERVICES INC.",uascalstatela.org,,,,,"Los Angeles",CA,"90032"
26-02-2022,"Task Order Manager - Future",BTAS,,,,,,"Los Angeles",CA,"90009"
25-02-2022,"VP, Data & Technology","Team Rubicon",teamrubiconusa.org,"Nonprofit Organization Management",,,"Westchester area","Los Angeles",CA,"90045"
24-02-2022,"Plant Engineering Manager","Kindeva Drug Delivery Careers",kindevadd.com,Pharmaceuticals,,,,"Los Angeles",CA,""
26-02-2022,"Director of Human Resources","DTLA Proper",,,,,,"Los Angeles",CA,"90015"
24-02-2022,"Finance Manager","10X Business Consulting",dbs-cpas.com,Accounting,,,,"Los Angeles",CA,""
25-02-2022,"Construction Project Manager I & II","Dabri, Inc.",dabri.us,"Civil Engineering",,,"Downtown area","Los Angeles",CA,"90012"
26-02-2022,"Regional Manager-Remote","CCI Systems, Inc.",ccisystems.com,"Information Technology & Services",,Remote,,"Remote in Los Angeles",CA,""
25-02-2022,"Construction Project Manager I & II","Dabri, Inc.",dabri.us,"Civil Engineering",,,"Downtown area","Los Angeles",CA,"90012"
24-02-2022,"Design Director, Apex Mobile (6 Month Contract)","Electronic Arts",ea.com,"Computer Games",,,,"Los Angeles",CA,""
24-02-2022,"Strategic Communications Manager- Government & Public Servic...",Deloitte,deloitte.com,"Management Consulting",,,"Marina area","San Diego",CA,"92101"
24-02-2022,"Facilities Planner & Scheduler","Altos Labs",,,,,,"San Diego",CA,""
24-02-2022,"Enterprise Customer Success Manager (Remote USA)",Splunk,splunk.com,"Computer Software","$119,231 a year",Remote,,"Remote in San Diego",CA,""
26-02-2022,"Laser Scientist","General Atomics and Affiliated Companies",ga-careers.com,"Defense & Space",,,,"San Diego",CA,""
26-02-2022,"Financial Analyst II, North American Customer Fulfillment","Amazon.com Services LLC",amazon.com,Internet,,,,"San Diego",CA,""
25-02-2022,"Director, Consulting","Logic20/20 Inc.",,,,,,"San Diego",CA,""
25-02-2022,"Buyer III","Thermo Fisher Scientific",rwenpower.com,,,,,"San Diego",CA,""
24-02-2022,"Global Experience Design Director",HP,hp.com,"Information Technology & Services",,Remote,,"Remote in San Diego",CA,""
24-02-2022,"Director, Regulatory Strategy- Hybrid or Remote Opportunity","Neurocrine Bioscience",neurocrine.com,Biotechnology,,Remote,,"Remote in San Diego",CA,""
26-02-2022,"Product Manager",Deloitte,deloitte.com,"Management Consulting",,,"Marina area","San Diego",CA,"92101"
26-02-2022,"Account Director","National University",nu.edu,"Higher Education",,,,"San Diego",CA,"92106"
26-02-2022,"Software Architect","Axos Bank",meqf.com,"Financial Services",,,"University City area","San Diego",CA,"92122"
26-02-2022,"Identity and Access Management Specialist",Deloitte,deloitte.com,"Management Consulting",,Remote,,"Remote in San Diego",CA,""
25-02-2022,"ServiceNow Architect - REMOTE",Deloitte,deloitte.com,"Management Consulting",,Remote,,"Remote in San Diego",CA,""
24-02-2022,"MEP Manager","Clark Construction Group",clarkconstruction.com,Construction,,,"Core-Columbia area","San Diego",CA,"92101"
26-02-2022,"SAP Implementation Specialist Leader",Deloitte,deloitte.com,"Management Consulting",,,"Marina area","San Diego",CA,"92101"
24-02-2022,"Underground Superintendent","Flatiron Construction Corp",flatironcorp.com,Construction,,,,"San Diego",CA,""
25-02-2022,"Cloud Interlock Director",Splunk,splunk.com,"Computer Software",,,,"San Diego",CA,"92103"
26-02-2022,"Rare Blood Account Director, West, Rare Blood Disorders","Sanofi US",,,,,,"San Diego",CA,""
24-02-2022,"Oracle CX Delivery Lead",Accenture,cazoodle.com,"Computer Software",,,,"San Diego",CA,""
25-02-2022,"Director Software Engineering",Accenture,cazoodle.com,"Computer Software",,,,"San Diego",CA,""
25-02-2022,"Microsoft 365 Regional Architect, End User Support & Product...","Sony Corporation of America",,,,,"Sorrento Valley area","San Diego",CA,"92121"
24-02-2022,"Audit and Financial Systems Analyst","UC San Diego",ucsd.edu,"Higher Education",,,"Torrey Pines area","San Diego",CA,"92093"
25-02-2022,"Lead Architect - REMOTE",Deloitte,deloitte.com,"Management Consulting",,Remote,,"Remote in San Diego",CA,""
26-02-2022,"Marketing Officer","Mckenzie Adams",,,,,,"San Diego",CA,"92111"
24-02-2022,"Calibration Laboratory Manager",Transcat,,,"$100,000 - $130,000 a year",,"Miramar area","San Diego",CA,"92126"
26-02-2022,"Director of Pricing",Cloudbeds,cloudbeds.com,"Information Technology & Services",,Remote,,"Remote in San Diego",CA,""
24-02-2022,"Director, In Vivo Oncology, Pre-Clinical",CrownBio,,,,,"Rancho Bernardo area","San Diego",CA,"92127"
25-02-2022,"Director, R&D Product Development","ProciseDx, Inc",,,,,"Sorrento Valley area","San Diego",CA,"92121"
25-02-2022,"Principal Scientist, DMPK","Vividion Therapeutics",vividion.com,Biotechnology,,,"Sorrento Valley area","San Diego",CA,"92121"
26-02-2022,"IVD Product Development Program Manager","ProciseDx, Inc",,,,,"Sorrento Valley area","San Diego",CA,"92121"
26-02-2022,"Regional Manager-Remote","CCI Systems, Inc.",ccisystems.com,"Information Technology & Services",,Remote,,"Remote in San Diego",CA,""
24-02-2022,"Project Manager - Construction","Breakthrough Properties",btprop.com,"Real Estate",,,"Carmel Valley area","San Diego",CA,"92130"
24-02-2022,"Director, Quality Assurance","Shoreline Biosciences",shorelinebio.com,Biotechnology,,,"Torrey Preserve area","San Diego",CA,"92121"
25-02-2022,"Scientist, NGS Assay Development","Moore & Associates",whmoore.com,"Hospital & Health Care","$80,000 - $110,000 a year",,,"San Diego",CA,"92121"
26-02-2022,"Director of Human Resources","Synergy Orthopedic Specialists",synergysmg.com,"Medical Practice",,,"University City area","San Diego",CA,"92121"
25-02-2022,"Security Analyst","Generali Global Assistance",generaliglobalassistance.com,"Consumer Services",,,,"San Diego",CA,"92123"
24-02-2022,"Creative Director, Fenty","Kendo Holdings",,,,,,"San Francisco",CA,""
24-02-2022,"Enterprise Customer Success Manager (Remote USA)",Splunk,splunk.com,"Computer Software","$119,231 a year",Remote,,"Remote in San Francisco",CA,""
25-02-2022,"Chief of Staff, Business Models & Pricing",Autodesk,autodesk.comm,,,Remote,,"Remote in San Francisco",CA,""
25-02-2022,"Group Product Marketing Manager, Photography",Adobe,adobe.com,"Computer Software",,,,"San Francisco",CA,""
25-02-2022,"Chief of Staff, Experience Design",Autodesk,autodesk.comm,,,Remote,,"Remote in San Francisco",CA,""
25-02-2022,"Head of Marketing - Loop Commerce",Synchrony,synchrony.com,"Financial Services","$115,000 - $230,000 a year",Remote,,"Remote in San Francisco",CA,""
25-02-2022,"Head of Product Research - Remote",Chargebee,chargebee.com,"Financial Services",,Remote,,"Remote in San Francisco",CA,""
26-02-2022,"Director, Inventory Management","Williams Sonoma",williamssonoma.com,Retail,,,"Financial District/South Beach area","San Francisco",CA,"94108"
25-02-2022,"Account Director, Enterprise Market - Auto",Salesforce,covidi.com,"Computer Software",,,"Financial District/South Beach area","San Francisco",CA,"94105"
25-02-2022,"Head of Product Research - Remote","CHARGEBEE TECHNOLOGIES PRIVATE LIMITED",,,,Remote,,"Remote in San Francisco",CA,""
25-02-2022,"Data Engineering Manager, Customer Success",Square,squareup.com,Internet,,,,"San Francisco",CA,""
26-02-2022,"CC Express Education QE Lead",Adobe,adobe.com,"Computer Software",,,,"San Francisco",CA,""
24-02-2022,"Sales Specialist, Power Systems - West (TX/CA/AZ)",IBM,bionovo.com.cn,"Computer Software","$137,000 - $240,000 a year",,,"San Francisco",CA,""
24-02-2022,"Managing Director, Client Services","Morning Consult",morningconsult.com,"Information Technology & Services",,Remote,,"Remote in San Francisco",CA,""
26-02-2022,"Manager, Mid-Market Sales (San Francisco, CA)",Box,box.com,Internet,,,,"San Francisco",CA,""
24-02-2022,"Research & Insight Designer",Salesforce,covidi.com,"Computer Software","$168,000 a year",,"Financial District/South Beach area","San Francisco",CA,"94105"
26-02-2022,Director,"Gap Inc.",gapinc.com,Retail,,,"Financial District area","San Francisco",CA,"94105"
26-02-2022,"Principal Solutions Architect","Amazon Web Services, Inc.",,,,Remote,,"Remote in San Francisco",CA,""
24-02-2022,"Glide - Relaunch Returnship: HR Talent Acquisition Group","WELLS FARGO BANK",wellsfargo.com,"Financial Services",,,,"San Francisco",CA,""
26-02-2022,"Member of Technical Staff - Opportunity for Working Remotely...",VMware,thebrunswicknews.com,Newspapers,,Remote,,"Remote in San Francisco",CA,""
24-02-2022,"Executive Assistant Manager",Block,block.app,"Computer Software",,,,"San Francisco",CA,""
24-02-2022,"Finance Manager, Chrome",Google,google.com,Internet,,,,"San Francisco",CA,""
24-02-2022,"Square Employee Experience Lead",Square,squareup.com,Internet,,,,"San Francisco",CA,""
26-02-2022,"Director, Product Development/Management, 3DS Ecosystem Heal...",Visa,visa.com,"Information Technology & Services",,,,"San Francisco",CA,""
24-02-2022,"Director of Data Science","FLYR Labs",,,,,,"San Francisco",CA,""
25-02-2022,"Director, Consulting","Logic20/20 Inc.",,,,,,"San Francisco",CA,""
24-02-2022,"Associate Director, Innovation (R&D)",Abbvie,ssp.co.jp,Chemicals,,,,"San Francisco",CA,""
25-02-2022,"Principal Product Manager-Tech","Amazon Web Services, Inc.",,,,,,"San Francisco",CA,""
24-02-2022,"Account Technical Leader (Pre-Sales: Hybrid Cloud Solutionin...",IBM,bionovo.com.cn,"Computer Software",,,,"San Francisco",CA,""
24-02-2022,"Lead Product Manager","NextEra Energy",nexteraenergy.com,"Renewables & Environment",,,"Financial District area","San Francisco",CA,"94108"
26-02-2022,"Business Development Director",CBRE,cbre.us,"Real Estate",,,"Financial District/South Beach area","San Francisco",CA,"94105"
25-02-2022,"Architect/ Designer (10+ years)",Dialog,,,,,,"San Francisco",CA,""
26-02-2022,"Compensation Lead, Square",Square,squareup.com,Internet,,,,"San Francisco",CA,""
26-02-2022,"Principal Program Manager Research Informatics",Genentech,hetbaken.nl,"Primary/Secondary Education",,Remote,,"Remote in San Francisco",CA,""
26-02-2022,"Ecosystem/Field Insights Lead - Field Analytics and Operatio...",Genentech,hetbaken.nl,"Primary/Secondary Education",,Remote,,"Remote in San Francisco",CA,""
24-02-2022,"Regulatory and Litigation Counsel, Users, Legislators, Socie...",Google,google.com,Internet,,,,"San Francisco",CA,""
24-02-2022,"Strategy Marketing Manager II","Pacific Premier Bank",ppbi.com,Banking,,,"Financial District area","San Francisco",CA,"94111"
25-02-2022,"Global Account Director",Brainrider,brainrider.com,"Marketing & Advertising",,,,"San Francisco",CA,""
25-02-2022,"Director of Information Delivery","University of California San Francisco",ucsf.edu,"Higher Education",,,"Inner Sunset area","San Francisco",CA,"94143"
26-02-2022,"Director of Customer Operations",RestorixHealth,restorixhealth.com,"Hospital & Health Care",,,,"San Francisco",CA,""
24-02-2022,"Compensation Lead, Square",Block,block.app,"Computer Software",,,,"San Francisco",CA,""
24-02-2022,"Director, Strategic Events - Tableau",Salesforce,covidi.com,"Computer Software","$146,000 a year",,"Financial District/South Beach area","San Francisco",CA,"94105"
25-02-2022,"Market Engagement Lead",Accenture,cazoodle.com,"Computer Software",,,,"San Francisco",CA,""
25-02-2022,"SAP Chemical & Natural Resources Manager",Accenture,cazoodle.com,"Computer Software",,,,"San Francisco",CA,""
26-02-2022,"AWS Developer",IBM,bionovo.com.cn,"Computer Software",,,,"San Francisco",CA,""
24-02-2022,"Glide - Relaunch Returnship: Commercial Relationship Managem...","WELLS FARGO BANK",wellsfargo.com,"Financial Services",,,,"San Francisco",CA,""
26-02-2022,"Director of Communications","Public Advocates",publicadvocates.org,"Law Practice","$113,000 - $139,000 a year",,"Financial District/South Beach area","San Francisco",CA,"94105"
25-02-2022,"Member of Technical Staff, Telco Cloud and Edge - Opportunit...",VMware,thebrunswicknews.com,Newspapers,,Remote,,"Remote in San Francisco",CA,""
26-02-2022,"Executive Strategist, Media & Communications",Salesforce,covidi.com,"Computer Software",,,"Financial District/South Beach area","San Francisco",CA,"94105"
25-02-2022,"Director of Service Provider Center of Excellence - Opportun...",VMware,thebrunswicknews.com,Newspapers,,Remote,,"Remote in San Francisco",CA,""
24-02-2022,"Director, Digital Marketing",Prologis,prologis.com,"Real Estate",,,,"San Francisco",CA,""
24-02-2022,"Ambulatory Administrative Director","University of California San Francisco",ucsf.edu,"Higher Education",,,"Inner Sunset area","San Francisco",CA,"94143"
26-02-2022,"Lead HR Business Partner",Twitter,twitter.com,Internet,,,"South of Market area","San Francisco",CA,"94103"
25-02-2022,"Digital Experience Strategy & Insights Lead","WELLS FARGO BANK",wellsfargo.com,"Financial Services",,,,"San Francisco",CA,""
26-02-2022,"Rare Blood Account Director, West, Rare Blood Disorders","Sanofi US",,,,,,"San Francisco",CA,""
24-02-2022,"Oracle CX Delivery Lead",Accenture,cazoodle.com,"Computer Software",,,,"San Francisco",CA,""
25-02-2022,"Director, Account Development",NielsenIQ,,,,,,"San Francisco",CA,""
24-02-2022,"Salesforce Public Sector Foundations Architect",Accenture,cazoodle.com,"Computer Software",,,,"San Francisco",CA,""
24-02-2022,"Manager Legal Affairs Solutions - GRC - San Francisco Bay Ar...","Delta Dental Ins.",deltadentalins.com,Insurance,,,,"San Francisco",CA,""
24-02-2022,"Director of Campaigns & Demand Generation",Cloudera,cloudera.com,"Computer Software",,,"Financial District/South Beach area","San Francisco",CA,"94104"
25-02-2022,"Cloud Interlock Director",Splunk,splunk.com,"Computer Software",,,"South Of Market area","San Francisco",CA,"94107"
25-02-2022,"Heroku Technical Account Manager",Salesforce,covidi.com,"Computer Software","$104,600 a year",,"Financial District/South Beach area","San Francisco",CA,"94105"
26-02-2022,"NetSuite Solutions Architect",Crowe,crowe.com,Accounting,,,"Financial District area","San Francisco",CA,"94105"
26-02-2022,"Director of Engineering, Marketplace",Wish,ilovewish.com,"Apparel & Fashion",,,"Mission area","San Francisco",CA,"94103"
25-02-2022,"Director Software Engineering",Accenture,cazoodle.com,"Computer Software",,,,"San Francisco",CA,""
24-02-2022,"Executive Director, Product Specialist Team Lead (West-NW Re...","JPMorgan Chase Bank, N.A.",chase.com,"Financial Services",,,,"San Francisco",CA,""
25-02-2022,"Director of GTM, Service Cloud Product Marketing",Salesforce,covidi.com,"Computer Software",,,"Financial District/South Beach area","San Francisco",CA,"94105"
24-02-2022,"Principal Product Manager, Lending Automation",SoFi,sofi.com,"Financial Services",,,"Presidio area","San Francisco",CA,"94129"
24-02-2022,"Glide - Relaunch Returnship: Technology","WELLS FARGO BANK",wellsfargo.com,"Financial Services",,,,"San Francisco",CA,""
26-02-2022,"Executive Strategist, Media & Communications",Salesforce,covidi.com,"Computer Software",,,"Financial District/South Beach area","San Francisco",CA,"94105"
24-02-2022,"Creative Director, Fenty","Kendo, a division of LVMH",kendobrands.com,Cosmetics,,Remote,,"Remote in San Francisco",CA,""
24-02-2022,"Director, Product Development","Eat Just",takeaway.com,Internet,,,"Mission area","San Francisco",CA,"94110"
25-02-2022,"Head of Operations & Finance",Ultrarev,,,,Remote,,"Remote in San Francisco",CA,""
25-02-2022,"Staff Product Scientist - Ranking",Indeed,indeed.com,Internet,"$180,000 - $260,000 a year",Remote,,"Remote in San Francisco",CA,""
26-02-2022,"Regional Manager-Remote","CCI Systems, Inc.",ccisystems.com,"Information Technology & Services",,Remote,,"Remote in San Francisco",CA,""
24-02-2022,"Strategic Account Director, RPO (Remote)","SmartRecruiters Inc",jmtpartners.com,"Staffing & Recruiting",,Remote,,"Remote in San Francisco",CA,""
24-02-2022,"Vice President of Finance","Community Vision",communityvision.org,"Nonprofit Organization Management","$170,000 - $210,000 a year",Remote,,"Temporarily Remote in San Francisco",CA,""
24-02-2022,"Program Manager","Stefanini, Inc",stefanini.com,"Information Technology & Services","$195,000 - $210,000 a year",,,"San Francisco",CA,""
24-02-2022,"Strategic Communications Manager- Government & Public Servic...",Deloitte,deloitte.com,"Management Consulting",,,"Downtown area","San Jose",CA,"95113"
25-02-2022,"Engineering Program Manager",Adobe,adobe.com,"Computer Software",,,,"San Jose",CA,""
24-02-2022,"Enterprise Customer Success Manager (Remote USA)",Splunk,splunk.com,"Computer Software","$119,231 a year",Remote,,"Remote in San Jose",CA,""
26-02-2022,"Master Planner","Microchip Technology",microchip.net,,,,"North San Jose area","San Jose",CA,"95134"
26-02-2022,"Scheduling Executive","Gilbane Building Company",gilbaneco.com,Construction,,,"North San Jose area","San Jose",CA,"95110"
26-02-2022,"Cardiovascular San Jose Market Director","Good Samaritan Hospital",goodsamhosp.org,"Hospital & Health Care",,,,"San Jose",CA,"95124"
26-02-2022,"Product Manager",Deloitte,deloitte.com,"Management Consulting",,,"Downtown area","San Jose",CA,"95113"
25-02-2022,"Partner Solution Architect",Zscaler,zscaler.com,"Computer & Network Security",,,"North San Jose area","San Jose",CA,"95134"
25-02-2022,"Information Security Manager","Allworth Financial",allworthfinancial.com,"Financial Services",,,"Downtown area","San Jose",CA,"95126"
26-02-2022,"Identity and Access Management Specialist",Deloitte,deloitte.com,"Management Consulting",,Remote,,"Remote in San Jose",CA,""
26-02-2022,"Director of Cardiovascular Service Line","Regional Medical Center of San Jose",regionalmedicalsanjose.com,"Hospital & Health Care",,,,"San Jose",CA,"95116"
25-02-2022,"Manager - S&A/A&C - Banking & Capital Markets - Intelligent...",Deloitte,deloitte.com,"Management Consulting",,,"Downtown area","San Jose",CA,"95113"
25-02-2022,"ServiceNow Architect - REMOTE",Deloitte,deloitte.com,"Management Consulting",,Remote,,"Remote in San Jose",CA,""
24-02-2022,"Oracle CX Delivery Lead",Accenture,cazoodle.com,"Computer Software",,,"Downtown area","San Jose",CA,"95113"
26-02-2022,"SAP Implementation Specialist Leader",Deloitte,deloitte.com,"Management Consulting",,,"Downtown area","San Jose",CA,"95113"
24-02-2022,"Director, Talent Acquisition Technology",Splunk,splunk.com,"Computer Software",,,"Willow Glen area","San Jose",CA,"95128"
25-02-2022,"Director Software Engineering",Accenture,cazoodle.com,"Computer Software",,,"Downtown area","San Jose",CA,"95113"
25-02-2022,"KumoScale Technical Marketing Manager - 2060",Kioxia,kioxia.com,Semiconductors,,Remote,,"Remote in San Jose",CA,""
25-02-2022,"Lead Architect - REMOTE",Deloitte,deloitte.com,"Management Consulting",,Remote,,"Remote in San Jose",CA,""
24-02-2022,"Product Manager, Analytics (ML & AI)","Rockwell Automation",rockwellautomation.com,"Industrial Automation",,,"Downtown area","San Jose",CA,"95113"
25-02-2022,"Director, Consulting","Logic20/20 Inc.",,,,,,"San Jose",CA,""
26-02-2022,"Inspector Sheet Metal","Encore Industries",encoreindustries.com,"Mechanical Or Industrial Engineering",,,"North San Jose area","San Jose",CA,"95131"
26-02-2022,"Regional Manager-Remote","CCI Systems, Inc.",ccisystems.com,"Information Technology & Services",,Remote,,"Remote in San Jose",CA,""
26-02-2022,"Engineering Manager","Mountz, Inc.",mountztorque.com,"Mechanical Or Industrial Engineering",,,"Downtown area","San Jose",CA,"95112"
25-02-2022,"Director of Business Development","Momentus Space LLC",,,,,,"San Jose",CA,""
25-02-2022,"Information Security Manager","Allworth Financial",allworthfinancial.com,"Financial Services",,,"Downtown area","San Jose",CA,"95126"
24-02-2022,"Strategic Communications Manager- Government & Public Servic...",Deloitte,deloitte.com,"Management Consulting",,,"Downtown area",Sacramento,CA,"95814"
26-02-2022,"Information Technology Business/Technical Analyst I (2 Posit...","Los Rios Community College District",sacramentocitd.org,"Higher Education","$7,654 a month",Remote,,"Hybrid remote in Sacramento",CA,""
26-02-2022,"Account General Manager - Dental","Gainwell Technologies LLC",,,,,,Sacramento,CA,""
24-02-2022,"Market Director, Business Development","Shriners Hospitals for Children",,,,,"Medical Center area",Sacramento,CA,"95817"
26-02-2022,"Identity and Access Management Specialist",Deloitte,deloitte.com,"Management Consulting",,Remote,,"Remote in Sacramento",CA,""
26-02-2022,"Director, Account Development - Western US (Remote)",NielsenIQ,,,,Remote,,"Remote in Sacramento",CA,""
24-02-2022,"Director, Office of Management and Budget","Sacramento Regional Transit District",sacrt.com,Transportation/Trucking/Railroad,,,"Midtown - Winn Park Capital Avenue area",Sacramento,CA,""
25-02-2022,"ServiceNow Architect - REMOTE",Deloitte,deloitte.com,"Management Consulting",,Remote,,"Remote in Sacramento",CA,""
24-02-2022,"Oracle CX Delivery Lead",Accenture,cazoodle.com,"Computer Software",,,"Richmond Grove area",Sacramento,CA,"95811"
26-02-2022,"SAP Implementation Specialist Leader",Deloitte,deloitte.com,"Management Consulting",,,"Downtown area",Sacramento,CA,"95814"
26-02-2022,"Actuarial Manager","Sutter Health",gag.com,Telecommunications,,,"South East area",Sacramento,CA,"95813"
25-02-2022,"Director Software Engineering",Accenture,cazoodle.com,"Computer Software",,,"Richmond Grove area",Sacramento,CA,"95811"
26-02-2022,"Infrastructure Architect, VP","State Street",statestreet.com,"Financial Services",,,"Natomas Corporate Center area",Sacramento,CA,"95833"
25-02-2022,"Lead Architect - REMOTE",Deloitte,deloitte.com,"Management Consulting",,Remote,,"Remote in Sacramento",CA,""
24-02-2022,"Director, Office of Management and Budget","Sacramento Regional Transit District",sacrt.com,Transportation/Trucking/Railroad,,,"Midtown - Winn Park Capital Avenue area",Sacramento,CA,"95816"
24-02-2022,"Market Director, Business Development","Shriners Hospitals for Children",,,,,"Medical Center area",Sacramento,CA,"95817"
26-02-2022,"Executive Director of Contract Management","Pinnacle Treatment Centers",pinnacletreatment.com,"Hospital & Health Care","$42,947 - $154,827 a year",,,Sacramento,CA,""
25-02-2022,"IT Automation Testing Consultant","Providence Technology Group, Inc.",provteam.com,"Information Technology & Services","From $90 an hour",,"Downtown area",Sacramento,CA,"95814"
25-02-2022,"IT Performance Testing Consultant","Providence Technology Group, Inc.",provteam.com,"Information Technology & Services","From $90 an hour",,"Downtown area",Sacramento,CA,"95814"
25-02-2022,"Lead Functional IT Quality Assurance Consultant","Providence Technology Group, Inc.",provteam.com,"Information Technology & Services","From $90 an hour",,"Downtown area",Sacramento,CA,"95814"
25-02-2022,"Director of Construction","Ethan Conrad Properties Inc",ethanconradprop.com,"Real Estate",,,"Natomas Crossing area",Sacramento,CA,"95834"
26-02-2022,"Information Technology Business/Technical Analyst I (2 Posit...","Los Rios Community College District",sacramentocitd.org,"Higher Education","$7,654 a month",Remote,,"Hybrid remote in Sacramento",CA,""
25-02-2022,"IT Automation Testing Consultant","Providence Technology Group, Inc.",provteam.com,"Information Technology & Services","From $90 an hour",,"Downtown area",Sacramento,CA,"95814"
25-02-2022,"IT Performance Testing Consultant","Providence Technology Group, Inc.",provteam.com,"Information Technology & Services","From $90 an hour",,"Downtown area",Sacramento,CA,"95814"
25-02-2022,"Lead Functional IT Quality Assurance Consultant","Providence Technology Group, Inc.",provteam.com,"Information Technology & Services","From $90 an hour",,"Downtown area",Sacramento,CA,"95814"
26-02-2022,"Art Director (Juv?derm)",Abbvie,ssp.co.jp,Chemicals,,,,Irvine,CA,""
26-02-2022,"Director, Customer Support Services Operations","Panasonic Avionics Corporation",panasonic.aero,"Aviation & Aerospace",,Remote,,"Hybrid remote in Irvine",CA,""
26-02-2022,"Editorial Copywriter (CRM)",Abbvie,ssp.co.jp,Chemicals,,,,Irvine,CA,""
24-02-2022,"Industrial Designer",Toughbuilt,toughbuilt.com,"Consumer Goods",,,,Irvine,CA,"92618"
25-02-2022,"Lifestyle Product Director",Super73,super73.com,"Consumer Goods",,,"San Joaquin Marsh area",Irvine,CA,"92606"
24-02-2022,"Associate Director, Marketing Excellence",Abbvie,ssp.co.jp,Chemicals,,,,Irvine,CA,""
25-02-2022,"Account Director, Enterprise Market - Auto",Salesforce,covidi.com,"Computer Software",,,"Irvine Health and Science Complex area",Irvine,CA,"92618"
26-02-2022,"Mgr Software Engineering","Cox Automotive",coxautomotive.biz,Automotive,,,"Irvine Health and Science Complex area",Irvine,CA,"92618"
26-02-2022,"Director of Customer Operations",RestorixHealth,restorixhealth.com,"Hospital & Health Care",,,,Irvine,CA,""
26-02-2022,"Executive Strategist, Media & Communications",Salesforce,covidi.com,"Computer Software",,,"Irvine Health and Science Complex area",Irvine,CA,"92618"
24-02-2022,"Director, Finance - Loyalty Pricing",Abbvie,ssp.co.jp,Chemicals,,,,Irvine,CA,""
25-02-2022,"PROJECT MANAGER","KTGY Group, Inc",ktgy.com,"Architecture & Planning",,,"San Joaquin Marsh area",Irvine,CA,"92614"
24-02-2022,"Real Estate Valuation Director","Altus Group",altusgroup.ca,,,,"San Joaquin Marsh area",Irvine,CA,"92614"
24-02-2022,"Associate Medical Director, US Medical Affairs - Migraine",Abbvie,ssp.co.jp,Chemicals,,,,Irvine,CA,""
25-02-2022,"Heroku Technical Account Manager",Salesforce,covidi.com,"Computer Software","$104,600 a year",,"Irvine Health and Science Complex area",Irvine,CA,"92618"
24-02-2022,"Manager, Regional Sales, Insurance - HPP/GPP","Hyundai Capital America",hyundaicapitalamerica.com,"Financial Services",,,"San Joaquin Marsh area",Irvine,CA,"92612"
26-02-2022,"Solutions Engineering and Architecture, Managing Director","State Street",statestreet.com,"Financial Services",,,,Irvine,CA,""
26-02-2022,"Global Supply Chain Director","Precision Castparts Corp.",precast.com,"Aviation & Aerospace",,,,Irvine,CA,""
24-02-2022,"Executive Director, Product Specialist Team Lead (West-SW Re...","JPMorgan Chase Bank, N.A.",chase.com,"Financial Services",,,,Irvine,CA,""
24-02-2022,"Director of Partner Success","ConsumerDirect, Inc.",consumerdirect.com,"Information Services",,,"San Joaquin Marsh area",Irvine,CA,"92606"
24-02-2022,"Structural Concrete Superintendent","Ekedal Concrete, Inc.",,,"$30 - $50 an hour",,,Irvine,CA,""
26-02-2022,"Product Marketing Director",Kofax,kofax.com,"Computer Software",,,"Irvine Health and Science Complex area",Irvine,CA,"92618"
26-02-2022,"Product Marketing Director",Kofax,kofax.com,"Computer Software",,,"Irvine Health and Science Complex area",Irvine,CA,"92618"
26-02-2022,"Product Owner Onsite/Offsite",Smallboard.com,,,,,,Irvine,CA,"92602"
24-02-2022,"Director, Payroll (On-site)","Easterseals Southern California",,,,,,Irvine,CA,"92602"
26-02-2022,"Identity and Access Management Specialist",Deloitte,deloitte.com,"Management Consulting",,Remote,,"Remote in Fresno",CA,""
24-02-2022,"Director, Provider Relations & Development ~ Central Valley...","Saint Agnes Medical Center",samc.com,"Hospital & Health Care",,,"Woodward Park area",Fresno,CA,"93720"
25-02-2022,"ServiceNow Architect - REMOTE",Deloitte,deloitte.com,"Management Consulting",,Remote,,"Remote in Fresno",CA,""
25-02-2022,"Lead Architect - REMOTE",Deloitte,deloitte.com,"Management Consulting",,Remote,,"Remote in Fresno",CA,""
26-02-2022,Controller,"Talent State Consultant",,,"$140,000 - $150,000 a year",,,Fresno,CA,""
26-02-2022,"Executive Director of Contract Management","Pinnacle Treatment Centers",pinnacletreatment.com,"Hospital & Health Care","$42,947 - $154,827 a year",,,Fresno,CA,""
26-02-2022,"Regional Manager-Remote","CCI Systems, Inc.",ccisystems.com,"Information Technology & Services",,Remote,,"Remote in Fresno",CA,""
26-02-2022,"Director, Creative and Communications Studio","Blue Shield of California",blueshieldca.com,Insurance,,,"Downtown area",Oakland,CA,"94607"
26-02-2022,"IT Product Manager, Consultant","Blue Shield of California",blueshieldca.com,Insurance,,,"Downtown area",Oakland,CA,"94607"
26-02-2022,"IT Product Manager, Consultant","Blue Shield of California",blueshieldca.com,Insurance,,,"Downtown area",Oakland,CA,"94607"
26-02-2022,"Applications Solution Design Lead","Blue Shield of California",blueshieldca.com,Insurance,,,"Downtown area",Oakland,CA,"94607"
26-02-2022,"Portfolio Service Strategy and Performance, Principal","Blue Shield of California",blueshieldca.com,Insurance,,,"Downtown area",Oakland,CA,"94607"
26-02-2022,"Product Marketing Strategist, Principal","Blue Shield of California",blueshieldca.com,Insurance,,,"Downtown area",Oakland,CA,"94607"
26-02-2022,"Transformation Product Strategist, Principal","Blue Shield of California",blueshieldca.com,Insurance,,,"Downtown area",Oakland,CA,"94607"
26-02-2022,"Information Security Risk and Governance Specialist, Consult...","Blue Shield of California",blueshieldca.com,Insurance,,,"Downtown area",Oakland,CA,"94607"
26-02-2022,"People Technology Business Product Owner","Blue Shield of California",blueshieldca.com,Insurance,,,"Downtown area",Oakland,CA,"94607"
26-02-2022,"Enterprise Architect, Consultant","Blue Shield of California",blueshieldca.com,Insurance,,,"Downtown area",Oakland,CA,"94607"
26-02-2022,"Program Manager, Principal for Medi-Cal","Blue Shield of California",blueshieldca.com,Insurance,,,"Downtown area",Oakland,CA,"94607"
26-02-2022,"Manager, HR Technology","Blue Shield of California",blueshieldca.com,Insurance,,,"Downtown area",Oakland,CA,"94607"
26-02-2022,"Cyber Defense Specialist, Consultant","Blue Shield of California",blueshieldca.com,Insurance,,,"Downtown area",Oakland,CA,"94607"
26-02-2022,"Portfolio Performance Analyst, Consultant","Blue Shield of California",blueshieldca.com,Insurance,,,"Downtown area",Oakland,CA,"94607"
26-02-2022,"Director-People & Engagement Planning and Performance","Blue Shield of California",blueshieldca.com,Insurance,,,"Downtown area",Oakland,CA,"94607"
26-02-2022,"Manager, IT Development","Blue Shield of California",blueshieldca.com,Insurance,,,"Downtown area",Oakland,CA,"94607"
26-02-2022,"Digital UX Strategist, Principal","Blue Shield of California",blueshieldca.com,Insurance,,,"Downtown area",Oakland,CA,"94607"
26-02-2022,"Solution Design Lead, Consultant","Blue Shield of California",blueshieldca.com,Insurance,,,"Downtown area",Oakland,CA,"94607"
26-02-2022,"Talent Advisor, Consultant - Growth, Marketing & Customer Ex...","Blue Shield of California",blueshieldca.com,Insurance,,,"Downtown area",Oakland,CA,"94607"
26-02-2022,"Product Manager, Principal - New Product","Blue Shield of California",blueshieldca.com,Insurance,,,"Downtown area",Oakland,CA,"94607"
26-02-2022,"Interaction Designer, Principal","Blue Shield of California",blueshieldca.com,Insurance,,,"Downtown area",Oakland,CA,"94607"
26-02-2022,"Application Developer, Consultant","Blue Shield of California",blueshieldca.com,Insurance,,,"Downtown area",Oakland,CA,"94607"
24-02-2022,"Architect - Retail",Gensler,gensler.com,"Architecture & Planning",,,"Downtown area",Oakland,CA,"94612"
26-02-2022,"Director, Employee Relations","Blue Shield of California",blueshieldca.com,Insurance,,,"Downtown area",Oakland,CA,"94607"
26-02-2022,"Director, Account Development - Western US (Remote)",NielsenIQ,,,,Remote,,"Remote in Oakland",CA,""
26-02-2022,"Internal IT Auditor, Principal","Blue Shield of California",blueshieldca.com,Insurance,,,"Downtown area",Oakland,CA,"94607"
26-02-2022,"Information Security Risk and Governance Specialist, Princip...","Blue Shield of California",blueshieldca.com,Insurance,,,"Downtown area",Oakland,CA,"94607"
26-02-2022,"Manager, Enterprise Risk Management","Blue Shield of California",blueshieldca.com,Insurance,,,"Downtown area",Oakland,CA,"94607"
26-02-2022,"Director, Pharmaceutical Contracting","Blue Shield of California",blueshieldca.com,Insurance,,,"Downtown area",Oakland,CA,"94607"
26-02-2022,"Application Developer, Consultant","Blue Shield of California",blueshieldca.com,Insurance,,,"Downtown area",Oakland,CA,"94607"
25-02-2022,"Principal, Industry Solutions",CoreLogic,corelogic.com,"Information Services",,,,Oakland,CA,""
26-02-2022,"Director, Provider Contracting","Brown & Toland Physicians",altabatesmd.com,"Hospital & Health Care",,,"Downtown area",Oakland,CA,"94612"
26-02-2022,"Governance, Risk, Compliance (GRC) Program Manager","Blue Shield of California",blueshieldca.com,Insurance,,,"Downtown area",Oakland,CA,"94607"
26-02-2022,"Application Developer, Principal","Blue Shield of California",blueshieldca.com,Insurance,,,"Downtown area",Oakland,CA,"94607"
26-02-2022,"Rare Blood Account Director, West, Rare Blood Disorders","Sanofi US",,,,,,Oakland,CA,""
24-02-2022,"Staff Geologist","Terraphase Engineering Inc.",,,,,"Downtown area",Oakland,CA,"94612"
25-02-2022,"Director, Consulting","Logic20/20 Inc.",,,,,,Oakland,CA,""
26-02-2022,"Regional Manager-Remote","CCI Systems, Inc.",ccisystems.com,"Information Technology & Services",,Remote,,"Remote in Oakland",CA,""
24-02-2022,"Cloud Consulting Practice Manager","California Communications Access Foundation (CCAF)",,,,,"Downtown area",Oakland,CA,"94612"
26-02-2022,"Business Intelligence Analyst IV","Kern Health Systems",kernfamilyhealthcare.com,"Hospital & Health Care",,,,Bakersfield,CA,"93308"
26-02-2022,"Systems Architect","Kern Health Systems",kernfamilyhealthcare.com,"Hospital & Health Care",,,,Bakersfield,CA,"93308"
26-02-2022,"VP, National Contracting","Molina Healthcare",molinahealthcare.com,"Hospital & Health Care",,,,"Long Beach",CA,"90802"
26-02-2022,"Clinical Informatics Specialist","MemorialCare Health Services",,,,,,"Long Beach",CA,""
25-02-2022,"Vice President Property Management","Vestar Properties Inc",vestar.com,"Commercial Real Estate",,,"El Dorado Park area","Long Beach",CA,"90808"
26-02-2022,"Regional Manager-Remote","CCI Systems, Inc.",ccisystems.com,"Information Technology & Services",,Remote,,"Remote in Long Beach",CA,""
25-02-2022,"Cost Accounting Specialist","Cadence Aerospace - Astro Spar Arden",,,,,,Anaheim,CA,"92806"
24-02-2022,"Wetland Ecologist /Biologist","POWER Engineers, Inc.",powereng.com,"Civil Engineering",,Remote,,"Hybrid remote in Anaheim",CA,""
26-02-2022,"Revenue Cycle Business Analyst","Planned Parenthood of Orange and San Bernardino...",plannedparenthood.org,"Hospital & Health Care",,,"Platinum Triangle area",Anaheim,CA,"92805"
26-02-2022,"Assistant Director, Campaigns and Recruitment","University of California, Riverside",ucr.edu,"Higher Education",,,"University area",Riverside,CA,"92521"
25-02-2022,"Associate Director for Residential Life","University of California, Riverside",ucr.edu,"Higher Education",,,"University area",Riverside,CA,"92521"
25-02-2022,"Executive Director","HomeAid Inland Empire",,,"$95,000 - $100,000 a year",Remote,,"Hybrid remote in Riverside",CA,""
26-02-2022,"Business Development Manager","McGuff Family of Companies",mcguffmedical.com,Pharmaceuticals,"$95,000 - $185,000 a year",,,"Santa Ana",CA,"92704"
26-02-2022,"Control Software Dev Principal","Walt Disney Imagineering",disneyimaginations.com,Entertainment,,,,Glendale,CA,""
26-02-2022,"Technical Design Drawing Checker IV",JPL/NASA,,,,,,Pasadena,CA,"91109"
23-02-2022,"Principal Research Scientist, AWS Center for Quantum Computi...","Amazon Dev Center U.S., Inc.",,,,,,Pasadena,CA,""
26-02-2022,"Director of Accounting and Finance","Miso Robotics",misorobotics.com,"Industrial Automation",,,,Pasadena,CA,"91101"
24-02-2022,"Recruiting Manager, Platform","Amazon.com Services LLC",amazon.com,Internet,,,"Mid-City area","Santa Monica",CA,"90404"
25-02-2022,"Director, Software Engineering","Disney Streaming",disneyplus.com,Internet,,,,"Santa Monica",CA,""
25-02-2022,"Account Director, Enterprise Market - Auto",Salesforce,covidi.com,"Computer Software",,,,"Newport Beach",CA,""
26-02-2022,"SAP Signavio Business Process Management (BPM) Principal Con...",SAP,sap.com,"Information Technology & Services",,,,"Newport Beach",CA,"92660"
25-02-2022,"Heroku Technical Account Manager",Salesforce,covidi.com,"Computer Software","$104,600 a year",,,"Newport Beach",CA,""
26-02-2022,"DENTAL RECEPTIONIST","Joseph Goodman DDS",,,"$30 - $35 an hour",,,"Beverly Hills",CA,"90212"
26-02-2022,"DENTAL RECEPTIONIST","Joseph Goodman DDS",,,"$30 - $35 an hour",,,"Beverly Hills",CA,"90212"
26-02-2022,"Vice President, Quality Control",Bachem,bachem.com,Pharmaceuticals,,,,Torrance,CA,""
24-02-2022,"Manager, Cost/Pricing","Intellisense Systems Inc",intellisenseinc.com,"Defense & Space",,,,Torrance,CA,"90501"
24-02-2022,"PRODUCTION UNIT MANAGER","Lisi Aerospace",lisi-aerospace.com,"Aviation & Aerospace","From $90,000 a year",,,Torrance,CA,"90505"
26-02-2022,"Manager, Distribution Center Operations","Hybrid Apparel",hybridapparel.com,"Apparel & Fashion",,,,"Huntington Beach",CA,""
24-02-2022,"Regional Director",AMR,anamariarodriguez.com,"Writing & Editing",,,,"Santa Rosa",CA,"95404"
24-02-2022,"Nextracker - US Delivery Project Manager",Flex,flex.com,"Electrical/Electronic Manufacturing",,,,Fremont,CA,""
24-02-2022,"US Delivery Project Manager",NEXTracker,nextracker.com,"Renewables & Environment",,,"Ardenwood area",Fremont,CA,"94555"
26-02-2022,"Distribution Manager","ALOM TECHNOLOGIES CORPORATION",alom.com,"Logistics & Supply Chain",,,,Fremont,CA,"94539"
25-02-2022,"Urgent Requirement for SAP SD Consultant","Appian Infotech",appianinfotech.com,"Staffing & Recruiting","$50 - $55 an hour",,,Fremont,CA,""
25-02-2022,"Urgent Requirement for SAP SD Consultant","Appian Infotech",appianinfotech.com,"Staffing & Recruiting","$50 - $55 an hour",,,Fremont,CA,""
24-02-2022,"CHEF/KITCHEN LEADER","OPPI'Z - THE LATTERA",oppiz-sb.com,,"From $75,000 a year",,"Downtown area","Santa Barbara",CA,"93101"
26-02-2022,"Director Patient Access Center","CHOC Children's",choc.org,"Hospital & Health Care",,,,Orange,CA,"92868"
26-02-2022,"Director, On-Premise Hospitality - Orange County, CA","Enthuse Marketing",enthuse-marketing.com,"Marketing & Advertising",,,,Orange,CA,""
25-02-2022,"Assistant Vice President, Career & Professional Development","Chapman University",chapman.edu,"Higher Education",,,,Orange,CA,"92866"
26-02-2022,"Director, On-Premise Hospitality - Orange County, CA","Enthuse Marketing",enthuse-marketing.com,"Marketing & Advertising",,,,Orange,CA,""
24-02-2022,"Executive Director, Mental Health Programs","CHOC Children's",choc.org,"Hospital & Health Care",,,,Orange,CA,"92868"
25-02-2022,"Quality Manager","Thermal-Vac Technology",thermalvac.com,"Aviation & Aerospace",,,,Orange,CA,"92867"
25-02-2022,"Quality Manager","Thermal-Vac Technology",thermalvac.com,"Aviation & Aerospace",,,,Orange,CA,"92867"
24-02-2022,"Lean Continuous Improvement Leader - Carlsbad Operations",SCIEX,sciex.com,Biotechnology,,,,Carlsbad,CA,"92008"
26-02-2022,"Strategic Accounts Director (Remote - West of Mississippi)","SeaSpine Sales, LLC",,,,Remote,,"Remote in Carlsbad",CA,""
26-02-2022,"Director, Finance - Operations","Thermo Fisher Scientific",rwenpower.com,,,,,Carlsbad,CA,""
25-02-2022,"Director, Software Engineering - Laboratory Management Syste...","Thermo Fisher Scientific",rwenpower.com,,,,,Carlsbad,CA,""
24-02-2022,"Accounting Director","Nortek Security & Control, LLC",nortekcontrol.com,"Information Technology & Services",,,,Carlsbad,CA,""
26-02-2022,"Vice President - Head of Sales Specialty North America","SPY Optic / Bolle Brands Inc",,,,,,Carlsbad,CA,"92010"
26-02-2022,"Associate Principal Counsel ? Distribution","The Walt Disney Company (Corporate)",thewaltdisneycompany.com,Entertainment,,,,Burbank,CA,""
24-02-2022,"Security Operations Mgr Off Property","The Walt Disney Company (Corporate)",thewaltdisneycompany.com,Entertainment,,,,Burbank,CA,""
26-02-2022,"Staff Security Specialist, SecOps","The Walt Disney Company (Corporate)",thewaltdisneycompany.com,Entertainment,,,,Burbank,CA,""
25-02-2022,"Manager - HR Business Partner","General Entertainment Content",,,,,,Burbank,CA,""
25-02-2022,"Art Director","Innovative Skincare",,,,,,Burbank,CA,"91504"
24-02-2022,"Associate Director, Programs - Boeing Defense Systems","Collins Aerospace",collinsaerospace.com,"Aviation & Aerospace",,,,"Chula Vista",CA,""
26-02-2022,"Identity and Access Management Specialist",Deloitte,deloitte.com,"Management Consulting",,Remote,,"Remote in Costa Mesa",CA,""
26-02-2022,"Director, Technical Security Architecture",Experian,experion.com,,,,,"Costa Mesa",CA,"92626"
25-02-2022,"ServiceNow Architect - REMOTE",Deloitte,deloitte.com,"Management Consulting",,Remote,,"Remote in Costa Mesa",CA,""
23-02-2022,"Director, Care Transformation - Southern California","UnitedHealth Group",unitedhealthgroup.com,"Hospital & Health Care",,,,"Costa Mesa",CA,"92627"
26-02-2022,"SAP Implementation Specialist Leader",Deloitte,deloitte.com,"Management Consulting",,,,"Costa Mesa",CA,"92626"
25-02-2022,"Manager - S&A/A&C - Banking & Capital Markets - Intelligent...",Deloitte,deloitte.com,"Management Consulting",,,,"Costa Mesa",CA,"92626"
26-02-2022,"Group Director of Brand Strategy","Garage Team Mazda",garageteammazda.com,"Marketing & Advertising",,,,"Costa Mesa",CA,"92626"
25-02-2022,"Lead Architect - REMOTE",Deloitte,deloitte.com,"Management Consulting",,Remote,,"Remote in Costa Mesa",CA,""
24-02-2022,"Vice President, Charter Business Development","Clay Lacy Aviation",claylacy.com,"Aviation & Aerospace",,Remote,,"Remote in Van Nuys",CA,""
25-02-2022,"Business Architect - Customer Innovation Office",SAP,sap.com,"Information Technology & Services",,,,"Palo Alto",CA,"94304"
25-02-2022,"User Experience Design Manager",SAP,sap.com,"Information Technology & Services",,,,"Palo Alto",CA,"94304"
26-02-2022,"Member of Technical Staff - Opportunity for Working Remotely...",VMware,thebrunswicknews.com,Newspapers,,Remote,,"Remote in Palo Alto",CA,""
26-02-2022,"Channel Development Manager",HP,hp.com,"Information Technology & Services",,,,"Palo Alto",CA,"94304"
24-02-2022,"Principal Product Manager - Technical, Shopper Understanding...","Amazon.com Services LLC",amazon.com,Internet,,,,"Palo Alto",CA,""
25-02-2022,"Heroku Technical Account Manager",Salesforce,covidi.com,"Computer Software","$104,600 a year",,"Downtown North area","Palo Alto",CA,"94301"
25-02-2022,"Director of Service Provider Center of Excellence - Opportun...",VMware,thebrunswicknews.com,Newspapers,,Remote,,"Remote in Palo Alto",CA,""
26-02-2022,"Snr Finance Manager, AMER Sales Finance Palo Alto, CA",VMware,thebrunswicknews.com,Newspapers,,Remote,,"Hybrid remote in Palo Alto",CA,""
26-02-2022,"Member of Technical Staff - Opportunity for Working Remotely...",VMware,thebrunswicknews.com,Newspapers,,Remote,,"Remote in Palo Alto",CA,""
25-02-2022,"Member of Technical Staff, Telco Cloud and Edge - Opportunit...",VMware,thebrunswicknews.com,Newspapers,,Remote,,"Remote in Palo Alto",CA,""
25-02-2022,"Director of Service Provider Center of Excellence - Opportun...",VMware,thebrunswicknews.com,Newspapers,,Remote,,"Remote in Palo Alto",CA,""
25-02-2022,"Member of Technical Staff, Telco Cloud and Edge - Opportunit...",VMware,thebrunswicknews.com,Newspapers,,Remote,,"Remote in Palo Alto",CA,""
24-02-2022,"Medical Director",AmpersandPeople,ampersandpeople.com,"Human Resources",,,,"Palo Alto",CA,"94304"
26-02-2022,"Engineering Technician IV - (T4)","Applied Materials Inc.",appliedmaterials.com,Semiconductors,,,,"Santa Clara",CA,""
24-02-2022,"Internal Communications Manager",NVIDIA,nvidia.com,"Computer Hardware",,,,"Santa Clara",CA,""
26-02-2022,"Storage Architect",Intel,intel.in,"Information Technology & Services",,,,"Santa Clara",CA,"95052"
24-02-2022,"Lifecycle Leader Sequencing Systems",Roche,roche.com.cn,Biotechnology,,,,"Santa Clara",CA,""
24-02-2022,"Business Unit CFO - (M5)","Applied Materials Inc.",appliedmaterials.com,Semiconductors,,,,"Santa Clara",CA,""
25-02-2022,"Director, GPU Communications",NVIDIA,nvidia.com,"Computer Hardware",,,,"Santa Clara",CA,""
24-02-2022,"Global Director of Site Health",Marvell,marvell.com,Semiconductors,,,,"Santa Clara",CA,"95054"
25-02-2022,"Technical Project/Program Management IV - (E4)","Applied Materials Inc.",appliedmaterials.com,Semiconductors,,,,"Santa Clara",CA,""
25-02-2022,"Director of Technical Product Marketing",Intel,intel.in,"Information Technology & Services",,,,"Santa Clara",CA,"95052"
23-02-2022,"Principal Product Manager Tech, Prime Video","Amazon.com Services LLC",amazon.com,Internet,,,,"Santa Clara",CA,"94085"
26-02-2022,"SRP BU Finance Manager - (B4)","Applied Materials Inc.",appliedmaterials.com,Semiconductors,,,,"Santa Clara",CA,""
25-02-2022,"Algorithm Developer for Process Engineering V - (E5)","Applied Materials Inc.",appliedmaterials.com,Semiconductors,,,,"Santa Clara",CA,""
25-02-2022,"VP, AI Architecture Impact - Advanced Technology Group (ATG)",ServiceNow,servicenow.com,"Computer Software",,,,"Santa Clara",CA,"95054"
26-02-2022,"Vice President- IFS, Design Ecosystem Technology Office Lead...",Intel,intel.in,"Information Technology & Services",,,,"Santa Clara",CA,"95052"
26-02-2022,"VP of Global Sales",Appvance.ai,,,,,,"Santa Clara",CA,"95054"
26-02-2022,"Director, SaaS and Digital Operations",ServiceNow,servicenow.com,"Computer Software",,,,"Santa Clara",CA,"95054"
26-02-2022,"SAP Basis Architect",Comcentric,comcentric.com,"Information Technology & Services",,,,"Santa Clara",CA,""
26-02-2022,"IT Solutions Manager / Technical Lead",Solidigm,solidigmtechnology.com,"Computer Hardware",,,,"Santa Clara",CA,""
25-02-2022,"Principal Architect - AI/ML Engineering - Advanced Technolog...",ServiceNow,servicenow.com,"Computer Software",,,,"Santa Clara",CA,"95054"
24-02-2022,"Technical Director - RTL",Capgemini,capgeminisogeti.dk,,,,,"Santa Clara",CA,""
24-02-2022,"Director, Product Marketing - Prisma Cloud","Palo Alto Networks",paloaltonetworks.com,"Computer & Network Security",,,,"Santa Clara",CA,""
26-02-2022,"SAP Basis Architect",Comcentric,comcentric.com,"Information Technology & Services",,,,"Santa Clara",CA,""
24-02-2022,"SAP Basis Architect",Comcentric,comcentric.com,"Information Technology & Services",,,,"Santa Clara",CA,""
26-02-2022,"SAP Basis Architect",Comcentric,comcentric.com,"Information Technology & Services",,,,"Santa Clara",CA,""
26-02-2022,"SAP Basis Architect",Comcentric,comcentric.com,"Information Technology & Services",,,,"Santa Clara",CA,""
25-02-2022,"SAP Basis Architect",Comcentric,comcentric.com,"Information Technology & Services",,,,"Santa Clara",CA,""
24-02-2022,"SAP Basis Architect",Comcentric,comcentric.com,"Information Technology & Services",,,,"Santa Clara",CA,""
24-02-2022,"SAP Basis Architect",Comcentric,comcentric.com,"Information Technology & Services",,,,"Santa Clara",CA,""
25-02-2022,"SAP Basis Architect",Comcentric,comcentric.com,"Information Technology & Services",,,,"Santa Clara",CA,""
25-02-2022,"SAP Basis Architect",Comcentric,comcentric.com,"Information Technology & Services",,,,"Santa Clara",CA,""
25-02-2022,"SAP Basis Architect",Comcentric,comcentric.com,"Information Technology & Services",,,,"Santa Clara",CA,""
25-02-2022,"Business Systems Analyst","Apptad Inc.",,,"$60 - $80 an hour",,,"Santa Clara",CA,"95054"
25-02-2022,"Business Systems Analyst","Apptad Inc.",,,"$60 - $80 an hour",,,"Santa Clara",CA,"95054"
26-02-2022,"Lifestyle Medicine Market Solutions, Principal","Blue Shield of California",blueshieldca.com,Insurance,,,,"Woodland Hills",CA,"91367"
26-02-2022,"Program Manager, Principal","Blue Shield of California",blueshieldca.com,Insurance,,,,"Woodland Hills",CA,"91367"
26-02-2022,"Contract Manager, Principal","Blue Shield of California",blueshieldca.com,Insurance,,,,"Woodland Hills",CA,"91367"
26-02-2022,"Compliance Audit Services Specialist, Principal","Blue Shield of California",blueshieldca.com,Insurance,,,,"Woodland Hills",CA,"91367"
26-02-2022,"ASO Product Strategist, Principal","Blue Shield of California",blueshieldca.com,Insurance,,,,"Woodland Hills",CA,"91367"
26-02-2022,"Identity and Access Management Specialist",Deloitte,deloitte.com,"Management Consulting",,Remote,,"Remote in Woodland Hills",CA,""
26-02-2022,"Compliance Audit Services Specialist, Consultant","Blue Shield of California",blueshieldca.com,Insurance,,,,"Woodland Hills",CA,"91367"
26-02-2022,"Sales Implementation Specialist, Consultant","Blue Shield of California",blueshieldca.com,Insurance,,,,"Woodland Hills",CA,"91367"
26-02-2022,"Program Manager Clinical, Consultant (Registered Nurse or Nu...","Blue Shield of California",blueshieldca.com,Insurance,,,,"Woodland Hills",CA,"91367"
25-02-2022,"ServiceNow Architect - REMOTE",Deloitte,deloitte.com,"Management Consulting",,Remote,,"Remote in Woodland Hills",CA,""
26-02-2022,"NetSuite Solutions Architect",Crowe,crowe.com,Accounting,,,,"Woodland Hills",CA,"91367"
25-02-2022,"Lead Architect - REMOTE",Deloitte,deloitte.com,"Management Consulting",,Remote,,"Remote in Woodland Hills",CA,""
26-02-2022,"Director, Supply Chain Management","Kratos Defense",kratosdefense.com,"Defense & Space",,,,Roseville,CA,"95661"
24-02-2022,"Principal Investigator/Associate Director of Analytical Chem...","Arcus Biosciences",arcusbio.com,Biotechnology,,,"Glen Eden area",Hayward,CA,"94545"
25-02-2022,"Facilities Technician III","Radiant Systems Inc",radiantsystems.com,"Software Development & Design, Software, Custom Software & Technical Consulting, ... Computer Netwo","$39 an hour",,"Glen Eden area",Hayward,CA,"94545"
25-02-2022,"Facilities Technician III","Radiant Systems Inc",radiantsystems.com,"Software Development & Design, Software, Custom Software & Technical Consulting, ... Computer Netwo","$39 an hour",,"Glen Eden area",Hayward,CA,"94545"
25-02-2022,"Director Software Engineering",Accenture,cazoodle.com,"Computer Software",,,,"Walnut Creek",CA,""
26-02-2022,"IT Operations Engagement and Program Services Leader","CSAA Insurance Group",,,,Remote,,"Remote in Walnut Creek",CA,""
25-02-2022,"Executive Director","John Muir Health",johnmuirhealth.com,"Hospital & Health Care",,,,"Walnut Creek",CA,""
26-02-2022,"Director, Human Resources - Field","The Travelers Companies, Inc.",,,,Remote,,"Hybrid remote in Walnut Creek",CA,""
24-02-2022,"Oracle CX Delivery Lead",Accenture,cazoodle.com,"Computer Software",,,,"Walnut Creek",CA,""
25-02-2022,"Sentinel LCCS FSR Supervisor","Raytheon Intelligence & Space",raytheonintelligenceandspace.com,"Defense & Space",,,,Fullerton,CA,"92834"
25-02-2022,"VP, LABOR RELATIONS - REMOTE (WEST COAST)","Compass Group Careers",,,,Remote,,"Remote in Redding",CA,""
25-02-2022,"Associate Director, Capital Projects","Gilead Sciences",gilead.com,Biotechnology,,,,Oceanside,CA,""
25-02-2022,"Director of Marketing",Karana,,,,,"North Central area","San Mateo",CA,"94401"
24-02-2022,"Director, Solutions Management",Cloudian,,,,,"Aragon area","San Mateo",CA,"94402"
24-02-2022,"Director of Cloud Ops","Jupiter Intelligence",jupiterintel.com,"Computer Software",,,,"San Mateo",CA,""
26-02-2022,"Project Director","Vanir Construction Management, Inc.",vanir.com,Construction,,,"Carousel area","San Bernardino",CA,"92401"
25-02-2022,"TANF Executive Director","Morongo Band of Mission Indians",morongonation.org,"Government Administration","$94,000 - $140,000 a year",,,"San Bernardino",CA,""
