DATE,"Job Title",Company,Website,Industry,Salary,Remote,AREA,City,State,"Zip Code"
1970-01-01,"Surveillance Investigator","Allied Universal? Compliance and Investigations",,,,,,"Las Vegas",NV,""
1970-01-01,"Customer Care Advisor",GoodLeap,goodleaphomeloans.com,"Financial Services","$22 an hour",,,"Las Vegas",NV," 88901"
1970-01-01,"Catering Convention Services Manager (Caesars Palace)","Caesars Entertainment",caesars.com,Hospitality,,,,"Las Vegas",NV,""
1970-01-01,"Retail General Manager","Bass Pro Shops",basspro.com,Retail,,,"Enterprise area)","Las Vegas",NV," 89139"
1970-01-01,"Customer Service Representative Lead - Las Vegas, NV",UnitedHealthcare,unitedhealthcare.com,Insurance,,,"Desert Shores area)","Las Vegas",NV," 89128"
1970-01-01,"Exhibit Builder","Access TCA",,,,,"Paradise area)","Las Vegas",NV," 89118"
1970-01-01,"Virtual Assistant Director Training",Parallon,parallon.com,"Hospital & Health Care","$74,942 - $104,936 a year",Remote,,"Remote in Las Vegas",NV,""
1970-01-01,"Production Crew Captain","AREA15 Las Vegas, LLC.",area15.com,Entertainment,"from $24,818 a year",,"Rancho Charleston area)","Las Vegas",NV," 89102"
1970-01-01,"Recruiting Coordinator","Holland & Hart LLP",hollandhart.com,"Law Practice","$22.42 - $37.37 an hour",,,"Las Vegas",NV,""
1970-01-01,"Social Media Specialist - Nightlife","Wynn Las Vegas",wynndevelopment.com,,,,,"Las Vegas",NV,""
1970-01-01,"Meeting Planner - Remote",GES,ges.com,"Events Services",,Remote,,"Remote in Las Vegas",NV," 89118"
1970-01-01,"Specialist Life Support System- Animal Care (Full-Time)(The...","MGM Resorts International",mgmresorts.com,Hospitality,,,,"Las Vegas",NV," 89109"
1970-01-01,"Table Games Service Supervisor (Harrah's Las Vegas)","Caesars Entertainment",caesars.com,Hospitality,,,,"Las Vegas",NV,""
1970-01-01,"Administrative Assistant CCS (Banquets, Bally's)","Caesars Entertainment",caesars.com,Hospitality,,,,"Las Vegas",NV,""
1970-01-01,"SUPERVISOR OF FAMILY SERVICES","Nevada Donor Network Inc",,,,,"Winchester area)","Las Vegas",NV," 89104"
1970-01-01,"SLOT TECHNICIAN-GYD (FULL TIME)","Treasure Island Las Vegas",treasureisland.com,Hospitality,,,"The Strip area)","Las Vegas",NV," 89109"
1970-01-01,"IGAMING MARKETING AND OPERATIONS SPECIALIST",DraftKings,draftkings.com,Internet,,,"Enterprise area)","Las Vegas",NV," 89119"
1970-01-01,"National Product Coordinator ? Audio","Rentex Computer & Audio Visual Rentals",rentex.com,"Events Services",,,,"Las Vegas",NV,""
1970-01-01,Nutritionist,"Sunrise Children's Foundation",sunrisechildren.org,"Education Management",,,"Paradise area)","Las Vegas",NV," 89121"
1970-01-01,"Door Shop Fabricator - Las Vegas","Rugby Architectural Building Products",rugbyabp.com,"Building Materials",,,,"Las Vegas",NV," 89118"
1970-01-01,"CAD Draftsperson","Solotech Inc",solotech.com,"Media Production",,,,"Las Vegas",NV,""
1970-01-01,"Executive Housekeeper - Full Time (Flamingo Las Vegas)","Caesars Entertainment",caesars.com,Hospitality,,,,"Las Vegas",NV,""
1970-01-01,"Production Specialist - Sign Shop","Wynn Las Vegas",wynndevelopment.com,,,,,"Las Vegas",NV,""
1970-01-01,"Materials Coordinator","Jet East",,,,,,"Las Vegas",NV," 89169"
1970-01-01,"Fleet Planner","CAE Inc.",cae.com,"Aviation & Aerospace",,,,"Las Vegas",NV,""
1970-01-01,"Food & Beverage Supervisor","Holiday Inn Club Vacations",holidayinnclub.com,Hospitality,,,,"Las Vegas",NV," 89109"
1970-01-01,"Corporate Recruiter",Bergelectric,bergelectric.com,Construction,,,,"Las Vegas",NV,""
1970-01-01,"Pool Manager (Paris and Bally's)","Caesars Entertainment",caesars.com,Hospitality,,,,"Las Vegas",NV,""
1970-01-01,"Banquet Assistant Manager (Caesars Forum Center)","Caesars Entertainment",caesars.com,Hospitality,,,,"Las Vegas",NV,""
1970-01-01,"SUPERVISOR CONVENTION SET-UP",Orleans,judoparis.com,Sports,,,"Paradise area)","Las Vegas",NV," 89103"
1970-01-01,"Materials Coordinator","Jet East",,,,,,"Las Vegas",NV," 89119"
1970-01-01,"Supervisor Central Supply (FT Days) Valley Hospital","Valley Hospital",valleyhospital-phoenix.com,"Mental Health Care",,,,"Las Vegas",NV,""
1970-01-01,"Casino VIP Supervisor (Full Time) (Aria)","MGM Resorts International",mgmresorts.com,Hospitality,,,"The Strip area)","Las Vegas",NV," 89158"
1970-01-01,"Client Service Representative, Supervisor - Wynn","Christian Dior Couture",diorcareer.com,,,,,"Las Vegas",NV,""
1970-01-01,Estimator,"Rosendin Electric, Inc",rosendin.com,Construction,,,,"Las Vegas",NV,""
1970-01-01,"M1751 - Store Leader-maurices",Maurices,maurices.com,Retail,,,,"Las Vegas",NV," 89118"
1970-01-01,"PROPERTY EXECUTIVE HOUSEKEEPING MANAGER","Boyd Gaming Corporate",boydgaming.com,"Gambling & Casinos",,,"Spring Valley area)","Las Vegas",NV," 89118"
1970-01-01,"Material Handler II","Everi Games Inc",everi.com,"Gambling & Casinos",,,,"Las Vegas",NV,""
1970-01-01,"LEAD PERF IMPROVEMENT ANALYST (FT Days) Valley Health System","The Valley Health System",,,,,"Spring Valley area)","Las Vegas",NV," 89113"
1970-01-01,"Guest Experience Manager","ASM Global",asmglobal.com,Entertainment,,,,"Las Vegas",NV," 89118"
1970-01-01,"Midtown Operations & Connection Pastor","The Crossing Christian Church",,,,,"Rancho Charleston area)","Las Vegas",NV," 89102"
1970-01-01,"PROPERTY EXECUTIVE HOUSEKEEPING MANAGER","Boyd Gaming Corporate",boydgaming.com,"Gambling & Casinos",,,"Spring Valley area)","Las Vegas",NV," 89118"
1970-01-01,"Manager Hotel Operations - Full Time (Caesars Las Vegas)","Caesars Entertainment",caesars.com,Hospitality,,,,"Las Vegas",NV,""
1970-01-01,"Client Service Representative, Supervisor - Wynn","Christian Dior Couture",diorcareer.com,,,,,"Las Vegas",NV,""
1970-01-01,"SCF Pre-School Teacher Assistant","Sunrise Children's Foundation",sunrisechildren.org,"Education Management",,,"Paradise area)","Las Vegas",NV," 89121"
1970-01-01,"BARTENDER - SAND DOLLAR DOWNTOWN","Plaza Hotel & Casino LLC",,,,,"Downtown area)","Las Vegas",NV," 89101"
1970-01-01,"On-Site Community Manager","Westward Property Management",triviewproperty.com,"Real Estate",,,,"Las Vegas",NV,""
1970-01-01,Recruiter,"Helix Electric",helixelectric.com,Construction,,,"Paradise area)","Las Vegas",NV," 89120"
1970-01-01,"RN I GERO PSYCH (FT DAYS) DESERT SPRINGS","Desert Springs Hospital Medical Center",desertspringshospital.com,"Staffing & Recruiting",,,"Paradise area)","Las Vegas",NV," 89119"
1970-01-01,"Assistant Manager- Convention/Banquet Set Up (Full-Time)(The...","MGM Resorts International",mgmresorts.com,Hospitality,,,,"Las Vegas",NV," 89109"
1970-01-01,Auditor,"NV Energy",nvenergy.com,Utilities,"$72,500 a year",,"Buffalo area)","Las Vegas",NV," 89146"
1970-01-01,"Union Payroll Specialist - Remote",GES,ges.com,"Events Services",,Remote,,"Remote in Las Vegas",NV," 89118"
1970-01-01,"Assistant Manager Convention Set Up - (Full Time) (Mandalay...","MGM Resorts International",mgmresorts.com,Hospitality,,,,"Las Vegas",NV," 89119"
1970-01-01,"Event Technical Specialist, Audio - Cosmopolitan","Encore Global",encoreglobal.com,"Events Services",,,,"Las Vegas",NV,""
1970-01-01,"DIR - HIM OPS/PRIVACY OFFICER (FT Days) Desert Springs","The Valley Health System",,,,,"Paradise area)","Las Vegas",NV," 89119"
1970-01-01,"Lounge Manager","Wynn Las Vegas",wynndevelopment.com,,,,,"Las Vegas",NV,""
1970-01-01,"Hotel Assistant Manager - Full Time (Rio All-Suite Hotel & C...","Caesars Entertainment",caesars.com,Hospitality,,,,"Las Vegas",NV,""
1970-01-01,"Assistant Manager, Operations, Bellagio",Chanel,chanel.co.uk,"Apparel & Fashion",,,,"Las Vegas",NV,""
1970-01-01,"IT Technician - (8am-5pm Monday-Friday Las Vegas)","Z NETWORKS",znetworks.com,"Computer Networking",,,,"Las Vegas",NV,""
1970-01-01,"CONTROLLER - ACUTE (FT Days) Valley Health System","Valley Health System Consolidated Services",valleyhealthsystemlv.com,"Hospital & Health Care",,,"The Lakes area)","Las Vegas",NV,""
1970-01-01,"Surveillance Technician (Mirage)","MGM Resorts International",mgmresorts.com,Hospitality,,,,"Las Vegas",NV," 89109"
1970-01-01,"Lead Product Management & Development - SMB Products",AT&T,att.com,Telecommunications,,,,"Las Vegas",NV,""
1970-01-01,"Site Director","KinderCare Education",kcecareers.com,"Education Management",,,"Kyle Canyon area)","Las Vegas",NV," 89166"
1970-01-01,"Experienced Patient Financial Services Claims Representative...","Banner Health",bannerhealth.com,"Hospital & Health Care","$16.56/hr - $24.84/hr?",Remote,,"Remote in Las Vegas",NV," 89134"
1970-01-01,"Marketing Campaign Supervisor - Hybrid (Corporate)","Caesars Entertainment",caesars.com,Hospitality,,,,"Las Vegas",NV,""
1970-01-01,"Poker Floor Supervisor - Card Room (Bellagio)","MGM Resorts International",mgmresorts.com,Hospitality,,,,"Las Vegas",NV," 89177"
1970-01-01,"Director of Casino Operations (The Mirage)","MGM Resorts International",mgmresorts.com,Hospitality,,,,"Las Vegas",NV," 89109"
1970-01-01,"General Manager- Residence Inn Las Vegas","Residence Inn Las Vegas",,,,,"Paradise area)","Las Vegas",NV," 89118"
1970-01-01,"Account Manager","Allied Universal?",,,,,,"Las Vegas",NV," 89110"
1970-01-01,"Account Manager","Allied Universal?",,,,,,"Las Vegas",NV," 89119"
1970-01-01,"Servicing Compliance Manager","Civic Financial Services",civicfs.com,"Financial Services",,,,"Las Vegas",NV," 89146"
1970-01-01,"Project Manager","Bombard Electric, LLC",bombardelectric.com,Construction,,,,"Las Vegas",NV,""
1970-01-01,"Infrastructure Coordinator","Nevada System of Higher Education",nevada.edu,"Higher Education","$40,000 - $44,000 a year",,"Paradise area)","Las Vegas",NV," 89119"
1970-01-01,"Supervisor EVS - Bellagio","MGM Resorts International",mgmresorts.com,Hospitality,,,,"Las Vegas",NV," 89177"
1970-01-01,"IT Technician - (3pm-12am Monday-Friday Las Vegas)","Z NETWORKS",znetworks.com,"Computer Networking",,,,"Las Vegas",NV,""
1970-01-01,"Pastry Chef - Hakkasan Restaurant Las Vegas","Hakkasan Group",hakkasangroup.com,Hospitality,,,"Spring Valley area)","Las Vegas",NV," 89118"
1970-01-01,"Hotel Managing Director - Full Time (The Cromwell)","Caesars Entertainment",caesars.com,Hospitality,,,,"Las Vegas",NV,""
1970-01-01,"GM - SAND DOLLAR DOWNTOWN","Plaza Hotel & Casino LLC",,,,,"Downtown area)","Las Vegas",NV," 89101"
1970-01-01,"Front Services Supervisor - Bell & Door (Full-Time) (New Yor...","MGM Resorts International",mgmresorts.com,Hospitality,,,,"Las Vegas",NV," 89109"
1970-01-01,"Lead Arcade Technician - Midway (Full Time) (New York New Yo...","MGM Resorts International",mgmresorts.com,Hospitality,,,,"Las Vegas",NV," 89109"
1970-01-01,"Infant/Toddler Teacher I","Sunrise Children's Foundation",sunrisechildren.org,"Education Management",,,"Paradise area)","Las Vegas",NV," 89121"
1970-01-01,"Account Manager","Allied Universal?",,,,,"Huntridge area)","Las Vegas",NV," 89104"
1970-01-01,"Assistant Manager Entertainment Showroom & Ticket Sales (Mir...","MGM Resorts International",mgmresorts.com,Hospitality,,,,"Las Vegas",NV," 89109"
1970-01-01,"HCM Business Analyst - HR (Corporate)","Caesars Entertainment",caesars.com,Hospitality,,,,"Las Vegas",NV,""
1970-01-01,"Product Support Specialist","ECi Software Solutions",ecisolutions.com,"Computer Software",,Remote,,"Remote in Las Vegas",NV,""
1970-01-01,"Third Party Risk Analyst","Civic Financial Services",civicfs.com,"Financial Services",,,,"Las Vegas",NV," 89146"
1970-01-01,"Lead Audio Technician","Cirque du Soleil",cirquedusoleil.com,Entertainment,,,,"Las Vegas",NV,""
1970-01-01,"The Pantry Assistant Chef (Mirage)","MGM Resorts International",mgmresorts.com,Hospitality,,,,"Las Vegas",NV," 89109"
1970-01-01,"Production Shop Fabricator","Cirque du Soleil",cirquedusoleil.com,Entertainment,,,,"Las Vegas",NV,""
1970-01-01,"Field Reimbursement Manager",Labcorp,labcorp.com,"Hospital & Health Care",,,,"Las Vegas",NV," 89123"
1970-01-01,"Lead Sommelier","Majordomo Meat & Fish | The Venetian Resort",,,,,,"Las Vegas",NV," 89109"
1970-01-01,"Hotel Operations Assistant Manager - Full Time (Caesars Las...","Caesars Entertainment",caesars.com,Hospitality,,,,"Las Vegas",NV,""
1970-01-01,"Outside Sales Representative","Core and Main",,,,,"Paradise area)","Las Vegas",NV," 89118"
1970-01-01,"Outside Sales Representative","Ernest Packaging Solutions",ernestpackaging.com,"Packaging & Containers",,,,"Las Vegas",NV," 89139"
1970-01-01,"Table Games Service Supervisor (The Linq Hotel)","Caesars Entertainment",caesars.com,Hospitality,,,,"Las Vegas",NV,""
1970-01-01,"Supervisor Casino VIP Services - Bellagio","MGM Resorts International",mgmresorts.com,Hospitality,,,,"Las Vegas",NV," 89177"
1970-01-01,"Health and Nutrition Services Manager","Sunrise Children's Foundation",sunrisechildren.org,"Education Management",,,"Paradise area)","Las Vegas",NV," 89121"
1970-01-01,"Payroll & HRIS Analyst - Remote (Pacific Time Zone)",GES,ges.com,"Events Services",,Remote,,"Remote in Las Vegas",NV," 89118"
1970-01-01,"Channel Distribution Analyst","San Manuel Gaming Hospitality Board Nevada",,,,,,"Las Vegas",NV,""
1970-01-01,"Virtual Assistant Director Training",Parallon,parallon.com,"Hospital & Health Care","$74,942 - $104,936 a year",Remote,,"Remote in Las Vegas",NV,""
1970-01-01,"Health and Nutrition Services Manager","Sunrise Children's Foundation",sunrisechildren.org,"Education Management",,,"Paradise area)","Las Vegas",NV," 89121"
1970-01-01,"Channel Distribution Analyst","San Manuel Gaming Hospitality Board Nevada",,,,,,"Las Vegas",NV,""
1970-01-01,"Assistant Store Manager (ASM) - Las Vegas South Premium Outl...","Carter's | OshKosh B'gosh Retail",oshkosh.com,,,,,"Las Vegas",NV," 89123"
1970-01-01,"Sales Account Manager","Kaptyn Nevada LLC",,,,,,"Las Vegas",NV," 89103"
1970-01-01,"Supervisor Cage - Bellagio","MGM Resorts International",mgmresorts.com,Hospitality,,,,"Las Vegas",NV," 89177"
1970-01-01,"Assistant General Manager - Diablo's (Full Time) (Luxor)","MGM Resorts International",mgmresorts.com,Hospitality,,,,"Las Vegas",NV," 89119"
1970-01-01,"Chef Tournant (Caesars Palace)","Caesars Entertainment",caesars.com,Hospitality,,,,"Las Vegas",NV,""
1970-01-01,"Project Manager","Bombard Electric, LLC",bombardelectric.com,Construction,,,,"Las Vegas",NV,""
1970-01-01,"Remote Cloud Accountant (Virtual PART-TIME or FULL-TIME) ? L...","Supporting Strategies",supportingstrategies.com,Accounting,,Remote,,"Remote in Las Vegas",NV,""
1970-01-01,"Assistant Manager - Interactive Marketing","Caesars Entertainment",caesars.com,Hospitality,,,,"Las Vegas",NV,""
1970-01-01,"Event Technical Lead, Audio Visual - Cosmopolitan","Encore Global",encoreglobal.com,"Events Services",,,,"Las Vegas",NV,""
1970-01-01,"Systems Analyst","College of Southern Nevada",,,"$48,298 - $51,679 a year",,"Buffalo area)","Las Vegas",NV," 89146"
1970-01-01,"IT Technician - (3pm-12am Monday-Friday Las Vegas)","Z NETWORKS",znetworks.com,"Computer Networking",,,,"Las Vegas",NV,""
1970-01-01,"RN I MED/SURG TWR 5 (FT NIGHTS) -DESERT SPRINGS","Desert Springs Hospital Medical Center",desertspringshospital.com,"Staffing & Recruiting",,,"Paradise area)","Las Vegas",NV," 89119"
1970-01-01,"RT Technician III","Southern Hills Hospital and Medical Center",southernhillshospital.com,"Hospital & Health Care","$30.68 - $42.96 an hour",,,"Las Vegas",NV," 89148"
1970-01-01,"Clinical Supervisor I Med/Surg 4T (FT-Nights) Valley","Valley Hospital Medical Center",valleyhospital.net,"Medical Practice",,,,"Las Vegas",NV,""
1970-01-01,"Manager of Workforce Management (Mirage)","MGM Resorts International",mgmresorts.com,Hospitality,,,,"Las Vegas",NV," 89109"
1970-01-01,"Lead Product Management & Development - SMB Offers",AT&T,att.com,Telecommunications,,,,"Las Vegas",NV,""
1970-01-01,"Assistant Manager","El Pollo Loco",elpolloloco.com,Restaurants,,,,"Las Vegas",NV,""
1970-01-01,"Video & Motion Producer","Cirque du Soleil",cirquedusoleil.com,Entertainment,,,,"Hybrid remote in Las Vegas",NV,""
1970-01-01,"CRM MARKETING MANAGER, CASINO",DraftKings,draftkings.com,Internet,,,"Enterprise area)","Las Vegas",NV," 89119"
1970-01-01,"General Manager","El Pollo Loco",elpolloloco.com,Restaurants,,,,"Las Vegas",NV,""
1970-01-01,"PERFORMANCE IMPROVEMENT ANALYST (FT Days) Consolidated","The Valley Health System",,,,,"Spring Valley area)","Las Vegas",NV," 89113"
1970-01-01,"Entertainment - Make-up & Hair Technician","Wynn Las Vegas",wynndevelopment.com,,,,,"Las Vegas",NV,""
1970-01-01,"FACILITIES MAINTENANCE TECHNICIAN","BISHOP GORMAN HIGH SCHOOL",,,,,"Summerlin South area)","Las Vegas",NV," 89148"
1970-01-01,"Director Proposal Development - Pharmacy Benefit Management",Anthem,anthem.com,Insurance,,,,"Las Vegas",NV," 89109"
1970-01-01,"Land Acquisition Analyst","Tri Pointe Homes",pardeehomes.com,Construction,,,,"Las Vegas",NV,""
1970-01-01,"Catering Manager (Aria)","MGM Resorts International",mgmresorts.com,Hospitality,,,"The Strip area)","Las Vegas",NV," 89158"
1970-01-01,"Field Service Representative - Phoenix (ASCO)","Schneider Electric",se.com,"Electrical/Electronic Manufacturing",,,,"Las Vegas",NV,""
1970-01-01,"Assistant Security Manager - (Full Time) (Mandalay Bay)","MGM Resorts International",mgmresorts.com,Hospitality,,,,"Las Vegas",NV," 89119"
1970-01-01,"Site Director","KinderCare Education",kcecareers.com,"Education Management",,,"Cultural Corridor area)","Las Vegas",NV," 89101"
1970-01-01,"Assistant Director Supply Chain Operations","MountainView Hospital",mountainview-hospital.com,"Hospital & Health Care","$61,942 - $86,091 a year",,,"Las Vegas",NV," 89128"
1970-01-01,"Case Manager (LMSW)","Spring Mountain Treatment Center",springmountaintreatmentcenter.com,"Hospital & Health Care",,,"Spring Valley area)","Las Vegas",NV," 89117"
1970-01-01,"PC Support Technician II","Somerpointe Resort",,,,,,"Las Vegas",NV,""
1970-01-01,"Assistant General Manager - Casa Calavera Las Vegas","Hakkasan Group",hakkasangroup.com,Hospitality,,,"Spring Valley area)","Las Vegas",NV," 89118"
1970-01-01,"Assistant Chef - Fine Dining","Wynn Las Vegas",wynndevelopment.com,,,,,"Las Vegas",NV,""
1970-01-01,"SQL Database Developer (Remote)","Everi Games Inc",everi.com,"Gambling & Casinos",,Remote,,"Remote in Las Vegas",NV,""
1970-01-01,"Vice President Transformation - Change Enablement",Aristocrat,aristocrat.com,"Gambling & Casinos",,,"Summerlin South area)","Las Vegas",NV," 89135"
1970-01-01,"Digital Content Producer, KTNV","The E.W. Scripps Company",scripps.com,"Media Production",,,,"Las Vegas",NV,""
1970-01-01,"Construction Project Manager - West","Burlington Stores",burlingtonstores.jobs,,,,"Meadows Village area)","Las Vegas",NV," 89102"
1970-01-01,"Facilities Manager - (Rio)","Caesars Entertainment",caesars.com,Hospitality,,,,"Las Vegas",NV,""
1970-01-01,"Manager - Marketing Analytics (Corporate_Las Vegas)","Caesars Entertainment",caesars.com,Hospitality,,,,"Las Vegas",NV,""
1970-01-01,"Account Director - Remote",GES,ges.com,"Events Services",,Remote,,"Remote in Las Vegas",NV," 89118"
1970-01-01,"Manager of Hotel Operations (Full Time) (Signature)","MGM Resorts International",mgmresorts.com,Hospitality,,,,"Las Vegas",NV," 89109"
1970-01-01,"Client Manager",Optiv,landgate.wa.gov.au,"Government Administration",,,,"Las Vegas",NV,""
1970-01-01,"Executive Medical Director - Patient and Provider Experience...","Intermountain Healthcare",intermountainhealthcare.com,"Hospital & Health Care",,,,"Las Vegas",NV,""
1970-01-01,"Marketing Executive (Full Time) (MGM Grand)","MGM Resorts International",mgmresorts.com,Hospitality,,,,"Las Vegas",NV," 89109"
1970-01-01,"Case Manager Immigration - Bilingual / Spanish","BI Incorporated (A GEO Company)",,,"$20.67 an hour",,,"Las Vegas",NV,""
1970-01-01,"Service Supervisor - St. Lucia","Greystar Real Estate Partners LLC",greystar.com,"Real Estate",,,,"Las Vegas",NV,""
1970-01-01,"Solar Project Manager","Bombard Electric, LLC",bombardelectric.com,Construction,,,,"Las Vegas",NV,""
1970-01-01,"Marketing Executive (Full Time) (MGM Grand)","MGM Resorts International",mgmresorts.com,Hospitality,,,,"Las Vegas",NV," 89109"
1970-01-01,"Solar Project Manager","Bombard Electric, LLC",bombardelectric.com,Construction,,,,"Las Vegas",NV,""
1970-01-01,"Service Supervisor - St. Lucia","Greystar Real Estate Partners LLC",greystar.com,"Real Estate",,,,"Las Vegas",NV,""
1970-01-01,"Clinical Educator Medical Surgical","Sunrise Hospital",sunrisehospital.com,"Hospital & Health Care","$85,966 - $128,960 a year",,,"Las Vegas",NV," 89109"
1970-01-01,"Solar Project Manager","Bombard Electric, LLC",bombardelectric.com,Construction,,,,"Las Vegas",NV,""
1970-01-01,"Manager, Chief of Staff, Client Account Management Program",Deloitte,deloitte.com,"Management Consulting",,,"Paradise area)","Las Vegas",NV," 89169"
1970-01-01,"MANAGER SALESFORCE ADMINISTRATOR","Boyd Gaming Corporate",boydgaming.com,"Gambling & Casinos",,,"Spring Valley area)","Las Vegas",NV," 89118"
1970-01-01,"VP of Engineering - ML/AI & Analytic Automation",Deloitte,deloitte.com,"Management Consulting",,,"Paradise area)","Las Vegas",NV," 89169"
1970-01-01,"Operations Team Lead","GEODIS Logistics LLC",,,,,,"Las Vegas",NV," 89115"
1970-01-01,"Manager, Investment Management, Private Wealth",Deloitte,deloitte.com,"Management Consulting",,,"Paradise area)","Las Vegas",NV," 89169"
1970-01-01,"PROGRAM MANAGER, CUSTOMER CENTRICITY STRATEGY & ENABLEMENT",DraftKings,draftkings.com,Internet,,,"Enterprise area)","Las Vegas",NV," 89119"
1970-01-01,"Lead Risk & Compliance Analyst",Deloitte,deloitte.com,"Management Consulting",,,"Paradise area)","Las Vegas",NV," 89169"
1970-01-01,"Account Management Manager-Deloitte?s Green Dot Agency",Deloitte,deloitte.com,"Management Consulting",,,"Paradise area)","Las Vegas",NV," 89169"
1970-01-01,"REMOTE Associate Project Manager Electric Utilities",Leidos,opera.org.au,"Performing Arts",,Remote,,"Remote in Las Vegas",NV," 89199"
1970-01-01,"Franchised - Manager Revenue III","Marriott International, Inc",,,,,"The Strip area)","Las Vegas",NV," 89109"
1970-01-01,"Wealth Management - Private Bank - Banker - Vice President -...","JPMorgan Chase Bank, N.A.",chase.com,"Financial Services",,,,"Las Vegas",NV,""
1970-01-01,"MANAGER SALESFORCE ADMINISTRATOR","Boyd Gaming Corporate",boydgaming.com,"Gambling & Casinos",,,"Spring Valley area)","Las Vegas",NV," 89118"
1970-01-01,"Customer Success Manager (Western Region)",OpenGov,opengov.com,Internet,,,,"Las Vegas",NV,""
1970-01-01,"Instructor, Veterinary Nursing","College of Southern Nevada",,,"$46,691 - $58,364 a year",,"Buffalo area)","Las Vegas",NV," 89146"
1970-01-01,"Technical Project Manager","Cognizant Technology Solutions",cognizant.com,"Information Technology & Services",,,,"Las Vegas",NV," 89115"
1970-01-01,"Technical Project Manager",Cognizant,,,,,,"Las Vegas",NV," 89115"
1970-01-01,"Operations Team Lead",GEODIS,geodis.com,"Logistics & Supply Chain",,,,"Las Vegas",NV," 89115"
1970-01-01,"Dir, M&A Integration","ODS Chauffeured Transportation",odslimo.com,Transportation/Trucking/Railroad,,,,"Las Vegas",NV," 89103"
1970-01-01,"Associate Property Manager, Multifamily","Cushman & Wakefield",cushwake-ni.com,"Commercial Real Estate",,,"Rancho Charleston area)","Las Vegas",NV," 89102"
1970-01-01,"Associate Dean, Faculty","Chamberlain College of Nursing",,,,,"Summerlin North area)","Las Vegas",NV," 89144"
1970-01-01,"IT Analyst Consultant",Anthem,anthem.com,Insurance,,,"Cultural Corridor area)","Las Vegas",NV," 89101"
1970-01-01,"Field-Based Family Nurse Practitioner","Molina Healthcare",molinahealthcare.com,"Hospital & Health Care",,,,"Las Vegas",NV,""
1970-01-01,"Lead Fiduciary Specialist - Risk Manager, Trust Client & Adv...","WELLS FARGO BANK",wellsfargo.com,"Financial Services",,,,"Las Vegas",NV,""
1970-01-01,"Dir, M&A Integration","Kaptyn Nevada LLC",,,,,,"Las Vegas",NV," 89103"
1970-01-01,"Event Technical Specialist, Video - Cosmopolitan","Encore Global",encoreglobal.com,"Events Services",,,,"Las Vegas",NV,""
1970-01-01,"Marketing Activation Manager (Park MGM)","MGM Resorts International",mgmresorts.com,Hospitality,,,,"Las Vegas",NV," 89109"
1970-01-01,"Electromechanical Field Service Technician III","Giesecke+Devrient Currency Technology America,...",,,,,,"Las Vegas",NV,""
1970-01-01,"Director of Respiratory Therapy Full Time","Kindred Hospitals",kindredsangabriel.com,"Health, Wellness & Fitness",,,,"Las Vegas",NV," 89147"
1970-01-01,"Construction Project Manager (2022-3814)","Atrium CWS",atriumworks.com,"Human Resources",,,"West Las Vegas area)","Las Vegas",NV," 89106"
1970-01-01,"Service Technician","Lithia Motors, Inc.",,,,,,"Las Vegas",NV," 89149"
1970-01-01,"Supervisor, DC Operations",Sephora,sephora.ch,,,,,"Las Vegas",NV," 89115"
1970-01-01,"IT Support Specialist II- Las Vegas","The Salvation Army Western USA",salvationarmyusa.org,"Nonprofit Organization Management",,,,"Las Vegas",NV,""
1970-01-01,"Territory Sales Representative","Herc Rentals",hercrentals.com,Construction,,,,"Las Vegas",NV,""
1970-01-01,"Account Manager","Allied Universal?",,,,,,"Las Vegas",NV," 89119"
1970-01-01,"IT Technical Analyst","Cirque du Soleil",cirquedusoleil.com,Entertainment,,,,"Las Vegas",NV,""
1970-01-01,"INFECTION CONTROL NURSE EDUCATOR","Spring Mountain Treatment Center",springmountaintreatmentcenter.com,"Hospital & Health Care",,,"Spring Valley area)","Las Vegas",NV," 89117"
1970-01-01,"Assistant Controller","Pacific Seafood",,,,,"Paradise area)","Las Vegas",NV," 89118"
1970-01-01,"ASSISTANT MANAGER - SAND DOLLAR DOWNTOWN","Plaza Hotel & Casino LLC",,,,,"Downtown area)","Las Vegas",NV," 89101"
1970-01-01,"Operational Support Administrator-Managed Technology Solutio...","Robert Half",roberthalf.com,"Staffing & Recruiting",,,,"Hybrid remote in Las Vegas",NV,""
1970-01-01,"Cloud Architect - Information Technology","Wynn Las Vegas",wynndevelopment.com,,,,,"Las Vegas",NV,""
1970-01-01,"ASSISTANT MANAGER OFFSITE CONSTRUCTION","Clark County, NV",,,"$34.65 - $53.71 an hour",,,"Las Vegas",NV,""
1970-01-01,"Account Manager","Allied Universal?",,,,,"Huntridge area)","Las Vegas",NV," 89104"
1970-01-01,"Physician - CenterWell - Las Vegas, NV - S. Nellis",CenterWell,patientfocusedcareers.com,,,,,"Las Vegas",NV," 89117"
1970-01-01,"Business Intelligence Manager","Caesars Entertainment",caesars.com,Hospitality,,,,"Las Vegas",NV,""
1970-01-01,"Operations Technician",Comcentric,comcentric.com,"Information Technology & Services",,,,"Las Vegas",NV,""
1970-01-01,"Manager Nursing Intensive Care","St Rose Dominican - San Martin",,,,,"Spring Valley area)","Las Vegas",NV," 89113"
1970-01-01,"Assistant Chef - Banquets (Full-Time)(Park MGM)","MGM Resorts International",mgmresorts.com,Hospitality,,,,"Las Vegas",NV," 89109"
1970-01-01,"Manager of M/S Oncology","MountainView Hospital",mountainview-hospital.com,"Hospital & Health Care","$90,272 - $135,387 a year",,,"Las Vegas",NV," 89128"
1970-01-01,"IT Technician - (8am-5pm Monday-Friday Las Vegas)","Z NETWORKS",znetworks.com,"Computer Networking",,,,"Las Vegas",NV,""
1970-01-01,"Leasing Manager - 3001 Park Apartments","Greystar Real Estate Partners LLC",greystar.com,"Real Estate",,,,"Las Vegas",NV,""
1970-01-01,"Cage Supervisor - Bellagio","MGM Resorts International",mgmresorts.com,Hospitality,,,,"Las Vegas",NV," 89177"
1970-01-01,"RT Technician III","Southern Hills Hospital and Medical Center",southernhillshospital.com,"Hospital & Health Care","$30.68 - $42.96 an hour",,,"Las Vegas",NV," 89148"
1970-01-01,"Community Services Administrator","City of Las Vegas",lasvegasnevada.gov,"Government Administration",,,"Cultural Corridor area)","Las Vegas",NV," 89101"
1970-01-01,"Assistant Manager","El Pollo Loco",elpolloloco.com,Restaurants,,,,"Las Vegas",NV,""
1970-01-01,"Assistant Manager","El Pollo Loco",elpolloloco.com,Restaurants,,,,"Las Vegas",NV,""
1970-01-01,"General Manager","El Pollo Loco",elpolloloco.com,Restaurants,,,,"Las Vegas",NV,""
1970-01-01,"General Manager","El Pollo Loco",elpolloloco.com,Restaurants,,,,"Las Vegas",NV,""
1970-01-01,"Director of NICU","Sunrise Hospital",sunrisehospital.com,"Hospital & Health Care","$116,646 - $174,970 a year",,,"Las Vegas",NV," 89109"
1970-01-01,"Manager - Intermediate Care Unit, IMC","MountainView Hospital",mountainview-hospital.com,"Hospital & Health Care","$99,299 - $148,970 a year",,,"Las Vegas",NV," 89128"
1970-01-01,"Talent Manager (Full Time Professionals)","Robert Half",roberthalf.com,"Staffing & Recruiting","$61,000 a year",,,"Las Vegas",NV,""
1970-01-01,"Assistant Security Manager - (Full Time) (Mandalay Bay)","MGM Resorts International",mgmresorts.com,Hospitality,,,,"Las Vegas",NV," 89119"
1970-01-01,"Assistant Chef - Mizumi","Wynn Las Vegas",wynndevelopment.com,,,,,"Las Vegas",NV,""
1970-01-01,"Assistant Restaurant Chef II - Robuchon (Full Time) (MGM Gra...","MGM Resorts International",mgmresorts.com,Hospitality,,,,"Las Vegas",NV," 89109"
1970-01-01,"Azure DevOps Infrastructure Specialist- Location Open",Deloitte,deloitte.com,"Management Consulting",,,"Paradise area)","Las Vegas",NV," 89169"
1970-01-01,"AWS DevOps Specialist- Location Open",Deloitte,deloitte.com,"Management Consulting",,,"Paradise area)","Las Vegas",NV," 89169"
1970-01-01,"Customer Service Team Member",Office1,office1.com,"Information Technology & Services",,,"East Las Vegas area)","Las Vegas",NV," 89101"
1970-01-01,"Lead Fiduciary Specialist-Risk Manager, Trust & Client Servi...","WELLS FARGO BANK",wellsfargo.com,"Financial Services",,,,"Las Vegas",NV,""
1970-01-01,"Customer Service Rep / Dispatcher",Office1,office1.com,"Information Technology & Services",,,"East Las Vegas area)","Las Vegas",NV," 89101"
1970-01-01,"Office Administrator","Construction by Mirage",,,"$2,500 - $3,000 a month",,"Twin Lakes area)","Las Vegas",NV," 89108"
1970-01-01,Trainer,"Silver State Schools Credit Union",silverstatecu.com,Banking,,,,"Las Vegas",NV," 89119"
1970-01-01,"Warehouse Facility Custodian",CarParts.com,carparts.com,Internet,,,"Sunrise Manor area)","Las Vegas",NV," 89115"
1970-01-01,"Floral Designer","Flora Couture",floracouture.com,"Events Services","$13 - $20 an hour",,"Meadows Village area)","Las Vegas",NV," 89102"
1970-01-01,"Front Desk Concierge",Associa,associaonline.com,"Real Estate","$15 - $17 an hour",,"Cultural Corridor area)","Las Vegas",NV," 89158"
1970-01-01,"Baker/ Danish Station","Cafe Breizh",,,"$14 - $18 an hour",,"Spring Valley area)","Las Vegas",NV," 89147"
1970-01-01,"Sales Associate","Rebecca Taylor",rebeccataylor.com,"Apparel & Fashion",,,,"Las Vegas",NV," 89109"
1970-01-01,"ASSISTANT MANAGER OFFSITE CONSTRUCTION","Clark County",clarkcountynv.gov,"Government Administration",,,"East Las Vegas area)","Las Vegas",NV," 89155"
1970-01-01,"Experienced Cake Decorator/Artist","Ahern Rentals",ahern.com,Construction,,,"Meadows Village area)","Las Vegas",NV," 89102"
1970-01-01,"Exhibit Builder","ACCESS TCA INCORPORATED",,,,,"Paradise area)","Las Vegas",NV," 89118"
1970-01-01,"Interconnection Specialist","Freedom Forever",freedomforever.com,"Renewables & Environment","$21 an hour",,,"Las Vegas",NV," 89120"
1970-01-01,"Director Team","Chick-fil-A | Eastern & Ione",,,"$19 - $25 an hour",,,"Las Vegas",NV," 89183"
1970-01-01,"Food Runner",CUT,cut.com,Internet,,,,"Las Vegas",NV," 89109"
1970-01-01,"Trucking Dispatcher","Impact Companies",impactsandandgravel.com,Construction,,,"Paradise area)","Las Vegas",NV," 89119"
1970-01-01,"Scholarships PLUS Program Coordinator","The Public Education Foundation",,,"from $50,000 a year",,"Paradise area)","Las Vegas",NV," 89119"
1970-01-01,"Leadership Position","Lev Group",levgrouplv.com,Restaurants,,,"Downtown area)","Las Vegas",NV," 89101"
1970-01-01,"Medical Scribe","CENTENNIAL MEDICAL GROUP",,,"$16 - $18 an hour",,,"Las Vegas",NV,""
1970-01-01,"Retail Storage Assistant (Las Vegas, NV)","US Storage Centers",,,"$15 - $16 an hour",,,"Las Vegas",NV," 89121"
1970-01-01,"Copier Technician",Office1,office1.com,"Information Technology & Services",,,,"Las Vegas",NV," 89118"
1970-01-01,"Facility Maintenance Manager","The Stirling Club",,,"$20 - $25 an hour",,"The Strip area)","Las Vegas",NV," 89109"
1970-01-01,"Production Supervisor (Print)","Taylor Corporation",taylorcorporation.com,,,,,"Las Vegas",NV,""
1970-01-01,"Architectural Films (Vinyl) Installer (Windows/Walls/Floors)","Super Color Digital",supercolor.be,Printing,"$23 - $27 an hour",,,"Las Vegas",NV,""
1970-01-01,"IT Tech","Network Heroes",network-heroes.com,"Computer Networking","$20 - $25 an hour",,"Charleston Heights area)","Las Vegas",NV," 89107"
1970-01-01,"MANAGER - CAFE SALES & MARKETI","Hard Rock Cafe International (USA), Inc.",,,,,"The Strip area)","Las Vegas",NV," 89109"
1970-01-01,"Sales Assistant","Nature's Lab",natureslab.com,"Health, Wellness & Fitness",,,,"Las Vegas",NV,""
1970-01-01,"Outside Sales Representative","CMC Tire Inc.",,,,,,"Las Vegas",NV,""
1970-01-01,Painter,"Las Vegas, NV",,,,,,,,""
1970-01-01,"Spa Front Desk Manager","Arch Amenities Group",,,,,,"Las Vegas",NV," 89109"
1970-01-01,"ATM Technician (2810)","Nautilus Hyosung America Inc",hyosungamericas.com,"Information Technology & Services","$22 - $24 an hour",,,"Las Vegas",NV," 89113"
1970-01-01,"Leasing Consultant/Assistant","MPM Corporation",,,"$14 - $16 an hour",,"North Cheyenne area)","Las Vegas",NV," 89108"
1970-01-01,"Upper Elementary Teacher","Calvary Chapel Green Valley Christian Academy",,,"$30,000 - $40,000 a year",,"Paradise area)","Las Vegas",NV," 89119"
1970-01-01,"ATM Technician (2810)","Nautilus Hyosung America Inc",hyosungamericas.com,"Information Technology & Services","$22 - $24 an hour",,,"Las Vegas",NV," 89110"
1970-01-01,Auditor,"Berry & Company CPA's",,,"$60,000 - $100,000 a year",,"Desert Shores area)","Las Vegas",NV," 89128"
1970-01-01,"Medical Billing Manager","ALIGNOLOGY & Associates",alignology.com,"Medical Practice","$14 - $25 an hour",,"Summerlin North area)","Las Vegas",NV," 89134"
1970-01-01,"ATM Technician (2810)","Nautilus Hyosung America Inc",hyosungamericas.com,"Information Technology & Services","$22 - $24 an hour",,"Michael Way area)","Las Vegas",NV," 89108"
1970-01-01,Investigator,"Clinical Research Consortium Nevada",crctrials.com,Pharmaceuticals,,,,"Las Vegas",NV," 89119"
1970-01-01,"Learning Management System (LMS) Specialist / Training Speci...","JoshCo Group LLC",,,"$33,097 - $109,293 a year",,,"Las Vegas",NV," 89119"
1970-01-01,"Application Specialist",OPTX,optx.com,"Computer Software","$40,823 - $109,730 a year",,"Spring Valley area)","Las Vegas",NV," 89118"
1970-01-01,"Career Coach (High School Counselor)","Acceleration Academies",accelerationacademy.org,"Education Management","$55,000 a year",,,"Las Vegas",NV," 89110"
1970-01-01,"Spa Supervisor","The Red Rock Spa by Well & Being",rr-spa.com,,"$16 an hour",,,"Las Vegas",NV," 89135"
1970-01-01,"Shipping & Receiving Clerk",ENTEK,entek.com,Plastics,,,,"Las Vegas",NV,""
1970-01-01,"Loan Servicing Officer","Silver State Schools Credit Union",silverstatecu.com,Banking,,,"Spring Valley area)","Las Vegas",NV," 89147"
1970-01-01,"Assistant Property Manager","SCHNITZER INVESTMENT CORP",,,,,,"Las Vegas",NV," 89120"
1970-01-01,"Director of Girl Experience","Girl Scouts Of Southern Nevada Inc",girlscoutsnv.org,"Civic & Social Organization","$50,000 a year",,"East Las Vegas area)","Las Vegas",NV," 89101"
1970-01-01,"3rd Grade Teacher","The Meadows School",themeadowsschool.org,"Education Management","$35,000 - $100,000 a year",,"Summerlin North area)","Las Vegas",NV," 89128"
1970-01-01,"Retail Store Operations Analyst","Marshall Retail Group/InMotion",marshallretailgroup.com,Retail,,,"Enterprise area)","Las Vegas",NV," 89118"
1970-01-01,"Project Manager (Contract)","4Wall Entertainment",4wall.com,Entertainment,,,"Enterprise area)","Las Vegas",NV," 89118"
1970-01-01,"Warehouse Technician","Baseband Telecom",basebandusa.com,Telecommunications,,,,"Las Vegas",NV,""
1970-01-01,"Armed Vehicle Patrol Officers Needed","Preventive Measures Security Firm, LLC",,,"$16 - $18 an hour",,,"Las Vegas",NV,""
1970-01-01,"Hotel Operations Manager","SAHARA Las Vegas",saharalasvegas.com,Hospitality,"$45,000 - $55,000 a year",,"The Strip area)","Las Vegas",NV," 89109"
1970-01-01,"Xactimate Estimator","Pinnacle Restoration",,,,,,"Las Vegas",NV,""
1970-01-01,"Manager, People Practices","Tao Group Hospitality",,,,,,"Las Vegas",NV," 89113"
1970-01-01,"ATM Technician (2810)","Nautilus Hyosung America Inc",hyosungamericas.com,"Information Technology & Services","$22 - $24 an hour",,,"Las Vegas",NV," 89156"
1970-01-01,"FT-Medical Assistant - Las Vegas, NV","ALTUS BIOLOGICS",altusbiologics.com,"Hospital & Health Care",,,,"Las Vegas",NV,""
1970-01-01,"Detailer (Las Vegas, NV)","KUBIK INC.",,,,,"Paradise area)","Las Vegas",NV," 89118"
1970-01-01,"Fraud Operations Manager",Sunbit,sunbit.com,"Financial Services",,,,"Las Vegas",NV," 89119"
1970-01-01,"ATM Technician (2810)","Nautilus Hyosung America Inc",hyosungamericas.com,"Information Technology & Services","$22 - $24 an hour",,"Lone Mountain area)","Las Vegas",NV," 89129"
1970-01-01,"Assistant Transportation Manager - Las Vegas, NV","All My Sons Moving & Storage",allmysons.com,Transportation/Trucking/Railroad,"$45,000 - $55,000 a year",,,"Las Vegas",NV,""
1970-01-01,"Human Resource Generalist - Las Vegas, NV","Trulite Glass & Aluminum Solutions 1513 North A...",,,"$40,023 - $76,023 a year",,"West Las Vegas area)","Las Vegas",NV," 89106"
1970-01-01,"Middle School Academic Progress and Accountability Specialis...","Odyssey Charter School",odysseycharter.net,"Education Management","$44,367 - $94,185 a year",,"Buffalo area)","Las Vegas",NV," 89146"
1970-01-01,"Elementary PE Teacher","The Meadows School",themeadowsschool.org,"Education Management","$35,000 - $100,000 a year",,"Summerlin North area)","Las Vegas",NV," 89128"
1970-01-01,"Store Manager","ALEX AND ANI, LLC",,,,,"The Strip area)","Las Vegas",NV," 89109"
1970-01-01,"Inspector - Automotive Repair","Ted Wiens Tire & Auto",tedwiens.com,"Individual & Family Services",,,,"Las Vegas",NV,""
1970-01-01,"Bookkeeper CPA Practice - 100% Remote and Flexible Hours","Mark Perlberg, CPA, PLLC",,,"$20 - $30 an hour",Remote,,"Remote in Las Vegas",NV,""
1970-01-01,"Event/Experience Planner","American Gem Society",,,,,"The Lakes area)","Las Vegas",NV,""
1970-01-01,"Commercial Sales Rep","ServiceMaster Restoration by EMT 9673",drylasvegas.com,"Environmental Services","from $300,000 a year",,,"Las Vegas",NV," 89118"
1970-01-01,"Billing Coordinator","Taney Engineering",taneycorp.com,,"from $65,000 a year",,"Spring Valley area)","Las Vegas",NV," 89118"
1970-01-01,"Math Teacher","Nasri Academy for Gifted Children",nasriacademy.com,,"from $30,000 a year",,,"Las Vegas",NV," 89103"
1970-01-01,"Italian Specialty Room Chef","J W Marriott",,,,,"Summerlin North area)","Las Vegas",NV," 89145"
1970-01-01,"Seeking a Broker/Salesperson- 100% comission","Next Home Discovered",,,"$50,000 - $150,000 a year",,,"Las Vegas",NV,""
1970-01-01,"PUR Account Coordinator - CO/UT/Las Vegas","Pur Beauty Inc",purcosmetics.com,Cosmetics,,,"Michael Way area)","Las Vegas",NV," 89108"
1970-01-01,"Wireless Internet Installers",LV.Net,lv.net,"Information Technology & Services","$13 - $25 an hour",,"Sunrise Manor area)","Las Vegas",NV," 89104"
1970-01-01,"Product Marketing and Training Representative","GetAways Resort Management",getawaysresorts.com,"Leisure, Travel & Tourism","$45,000 - $55,000 a year",,,"Las Vegas",NV,""
1970-01-01,"Math/Science Tutor","Excel Academy",excel-academy.org,"Primary/Secondary Education","$15 - $25 an hour",,,"Las Vegas",NV,""
1970-01-01,"Land Acquisition Manager","Toll Brothers",tollbrothers.com,"Real Estate",,,"Michael Way area)","Las Vegas",NV," 89108"
1970-01-01,"Outside Sales Representative","Ted Wiens Tire & Auto",tedwiens.com,"Individual & Family Services",,,,"Las Vegas",NV,""
1970-01-01,"Loan Officer - Retail","Mutual of Omaha Mortgage",mutualmortgage.com,"Financial Services",,,"Huntridge area)","Las Vegas",NV," 89104"
1970-01-01,Auditor,"Berry & Company CPA's",,,"$60,000 - $100,000 a year",,"Desert Shores area)","Las Vegas",NV," 89128"
1970-01-01,"Leasing Consultant/Assistant","MPM Corporation",,,"$14 - $16 an hour",,"North Cheyenne area)","Las Vegas",NV," 89108"
1970-01-01,"Loan Servicing Officer","Silver State Schools Credit Union",silverstatecu.com,Banking,,,"Spring Valley area)","Las Vegas",NV," 89147"
1970-01-01,"3rd Grade Teacher","The Meadows School",themeadowsschool.org,"Education Management","$35,000 - $100,000 a year",,"Summerlin North area)","Las Vegas",NV," 89128"
1970-01-01,"ATM Technician (2810)","Nautilus Hyosung America Inc",hyosungamericas.com,"Information Technology & Services","$22 - $24 an hour",,,"Las Vegas",NV," 89156"
1970-01-01,"Armed Vehicle Patrol Officers Needed","Preventive Measures Security Firm, LLC",,,"$16 - $18 an hour",,,"Las Vegas",NV,""
1970-01-01,"FT-Medical Assistant - Las Vegas, NV","ALTUS BIOLOGICS",altusbiologics.com,"Hospital & Health Care",,,,"Las Vegas",NV,""
1970-01-01,"Fraud Operations Manager",Sunbit,sunbit.com,"Financial Services",,,,"Las Vegas",NV," 89119"
1970-01-01,"ATM Technician (2810)","Nautilus Hyosung America Inc",hyosungamericas.com,"Information Technology & Services","$22 - $24 an hour",,"Lone Mountain area)","Las Vegas",NV," 89129"
1970-01-01,"Human Resource Generalist - Las Vegas, NV","Trulite Glass & Aluminum Solutions 1513 North A...",,,"$40,023 - $76,023 a year",,"West Las Vegas area)","Las Vegas",NV," 89106"
1970-01-01,"Commercial Sales Rep","ServiceMaster Restoration by EMT 9673",drylasvegas.com,"Environmental Services","from $300,000 a year",,,"Las Vegas",NV," 89118"
1970-01-01,"Elementary PE Teacher","The Meadows School",themeadowsschool.org,"Education Management","$35,000 - $100,000 a year",,"Summerlin North area)","Las Vegas",NV," 89128"
1970-01-01,"Math Teacher","Nasri Academy for Gifted Children",nasriacademy.com,,"from $30,000 a year",,,"Las Vegas",NV," 89103"
1970-01-01,"Outside Sales Representative","Ted Wiens Tire & Auto",tedwiens.com,"Individual & Family Services",,,,"Las Vegas",NV,""
1970-01-01,"Seeking a Broker/Salesperson- 100% comission","Next Home Discovered",,,"$50,000 - $150,000 a year",,,"Las Vegas",NV,""
1970-01-01,"Land Acquisition Manager","Toll Brothers",tollbrothers.com,"Real Estate",,,"Michael Way area)","Las Vegas",NV," 89108"
1970-01-01,"Property Administrator","SCHNITZER INVESTMENT CORP",,,,,,"Las Vegas",NV," 89115"
1970-01-01,"Director, CES Partnerships (Las Vegas Office)","S.D. Rawlings Enterprise",sdrawlings.com,,"$115,000 - $125,000 a year",,,"Las Vegas",NV,""
1970-01-01,"Assistant General Manager - Casa Calavera","Tao Group Hospitality",,,,,"Spring Valley area)","Las Vegas",NV," 89113"
1970-01-01,"Registered Dietitian","RELIABLE HEALTH CARE SERVICES",reliablehc.com,"Staffing & Recruiting","$50 an hour",,,"Las Vegas",NV,""
1970-01-01,"Construction Office Manager","SILVERTON HOTEL & CASINO",silvertoncasino.com,"Gambling & Casinos",,,"Enterprise area)","Las Vegas",NV," 89139"
1970-01-01,"Call Center Manager / General Manager","Lead Driver",,,"$60,000 - $100,000 a year",,"Paradise area)","Las Vegas",NV," 89120"
1970-01-01,"Marketing and Public Relations Manager","Revenue Media Group",revenuemediagroup.com,"Marketing & Advertising","$50,000 - $65,000 a year",,"Paradise area)","Las Vegas",NV," 89118"
1970-01-01,"Cabinet Maker/Installer","JJ CUSTOM CABINETS",,,"from $16 an hour",,,"Las Vegas",NV," 89109"
1970-01-01,"Claims Examiner II","Tristar Insurance",tristargroup.net,"Oil & Energy",,,"Paradise area)","Las Vegas",NV," 89121"
1970-01-01,"Premiere Customer Support Representative","TELUS International",telusinternational.com,"Information Technology & Services","$16 an hour",,,"Las Vegas",NV,""
1970-01-01,"Assistant General Manager ? Casa Calavera","Tao Group",taogroup.com,Hospitality,,,"The Strip area)","Las Vegas",NV," 89109"
1970-01-01,"Production Manager","Nevada Business Services Group",nventity.com,"Government Relations",,,,"Las Vegas",NV," 89120"
1970-01-01,"Accounts Payable Specialist","Speed Commerce",speedcommerce.com,"Logistics & Supply Chain","$43,000 - $48,000 a year",,"Paradise area)","Las Vegas",NV," 89103"
1970-01-01,"Renovation Technician","Signature Management",signaturemanagement.com,"Real Estate",,,"West Las Vegas area)","Las Vegas",NV," 89106"
1970-01-01,"Accounting Associate",Cozymeal,cozymeal.com,Internet,,Remote,,"Remote in Las Vegas",NV,""
1970-01-01,"Outpatient Program Director (Mental Health Division )","Ignite Teen Treatment LLC",,,,,,"Las Vegas",NV," 89147"
1970-01-01,"GENERAL MANAGER - Downtown Terrace","Downtown Project",dtplv.com,Hospitality,,,"Cultural Corridor area)","Las Vegas",NV," 89101"
1970-01-01,"Operations Manager","Mina Group",michaelmina.net,Hospitality,,,,"Las Vegas",NV,""
1970-01-01,"Control System Lead Tech","RPO International",rpointernational.com,"Staffing & Recruiting","up to $38 an hour",,,"Las Vegas",NV," 89115"
1970-01-01,"Residential Program Director (Mental Health Division )","Ignite Teen Treatment LLC",,,,,"Enterprise area)","Las Vegas",NV," 89113"
1970-01-01,"Escalation / Service Resolution Manager","Veteran Benefits Guide",vetbenefitsguide.com,"Management Consulting",,,"Enterprise area)","Las Vegas",NV," 89119"
1970-01-01,"Stone Center Manager","Dal-Tile Corp.",daltile.com,"Building Materials","$52,000 - $70,000 a year",,,"Las Vegas",NV,""
1970-01-01,"Quick Lube Technician","David Wilson's Toyota of Las Vegas",dwtoyotalasvegas.com,Automotive,"$13 - $16 an hour",,"Winchester area)","Las Vegas",NV," 89104"
1970-01-01,"Manager of Warehouse Operations",LMG,lmgresults.com,"Marketing & Advertising","from $60,000 a year",,"Enterprise area)","Las Vegas",NV," 89119"
1970-01-01,"Project Manager (Tradeshow/Exhibits)",Elevation3D,elevation3d.com,"Events Services","from $70,000 a year",,"Paradise area)","Las Vegas",NV," 89119"
1970-01-01,"Director, Customer Success",Agrify,,,"$125,000 - $145,000 a year",,,"Las Vegas",NV," 89103"
1970-01-01,"Accounts Receivable (AR) Specialist",Office1,office1.com,"Information Technology & Services",,,"East Las Vegas area)","Las Vegas",NV," 89101"
1970-01-01,"Community Manager - M","FirstService Residential",fsresidential.com,"Real Estate","$70,000 - $75,000 a year",,"Spring Valley area)","Las Vegas",NV," 89148"
1970-01-01,"Operations Manager","Mina Group",michaelmina.net,Hospitality,,,,"Las Vegas",NV,""
1970-01-01,"Medical Sales $70k -$80k (Base + Comm)","Synergy Sleep & Respiratory",synergysr.com,"Hospital & Health Care",,,,"Las Vegas",NV," 89118"
1970-01-01,"Residential Program Director (Mental Health Division )","Ignite Teen Treatment LLC",,,,,"Spring Valley area)","Las Vegas",NV," 89117"
1970-01-01,"Social Media Lead at Spiegelworld Corporate",Spiegelworld,spiegelworld.com,Entertainment,,,,"Las Vegas",NV," 89103"
1970-01-01,"Food & Beverage Cost Control Manager","Ellis Island Casino, Hotel & Brewery and Village...",,,,,"Paradise area)","Las Vegas",NV," 89109"
1970-01-01,"Apache Kafka Administrator","KK Associates",,,,,,"Las Vegas",NV,""
1970-01-01,"Math Teacher","Nasri Academy for Gifted Children",nasriacademy.com,,"from $30,000 a year",,,"Las Vegas",NV," 89103"
1970-01-01,"Property Administrator","SCHNITZER INVESTMENT CORP",,,,,,"Las Vegas",NV," 89115"
1970-01-01,"Assistant General Manager - Casa Calavera","Tao Group Hospitality",,,,,"Spring Valley area)","Las Vegas",NV," 89113"
1970-01-01,"Director, CES Partnerships (Las Vegas Office)","S.D. Rawlings Enterprise",sdrawlings.com,,"$115,000 - $125,000 a year",,,"Las Vegas",NV,""
1970-01-01,"Registered Dietitian","RELIABLE HEALTH CARE SERVICES",reliablehc.com,"Staffing & Recruiting","$50 an hour",,,"Las Vegas",NV,""
1970-01-01,"Cabinet Maker/Installer","JJ CUSTOM CABINETS",,,"from $16 an hour",,,"Las Vegas",NV," 89109"
1970-01-01,"Claims Examiner II","Tristar Insurance",tristargroup.net,"Oil & Energy",,,"Paradise area)","Las Vegas",NV," 89121"
1970-01-01,"Assistant General Manager ? Casa Calavera","Tao Group",taogroup.com,Hospitality,,,"The Strip area)","Las Vegas",NV," 89109"
1970-01-01,"Production Manager","Nevada Business Services Group",nventity.com,"Government Relations",,,,"Las Vegas",NV," 89120"
1970-01-01,"Outpatient Program Director (Mental Health Division )","Ignite Teen Treatment LLC",,,,,,"Las Vegas",NV," 89147"
1970-01-01,"Operations Manager","Mina Group",michaelmina.net,Hospitality,,,,"Las Vegas",NV,""
1970-01-01,"Renovation Technician","Signature Management",signaturemanagement.com,"Real Estate",,,"West Las Vegas area)","Las Vegas",NV," 89106"
1970-01-01,"Quick Lube Technician","David Wilson's Toyota of Las Vegas",dwtoyotalasvegas.com,Automotive,"$13 - $16 an hour",,"Winchester area)","Las Vegas",NV," 89104"
1970-01-01,"Control System Lead Tech","RPO International",rpointernational.com,"Staffing & Recruiting","up to $38 an hour",,,"Las Vegas",NV," 89115"
1970-01-01,"Manager of Warehouse Operations",LMG,lmgresults.com,"Marketing & Advertising","from $60,000 a year",,"Enterprise area)","Las Vegas",NV," 89119"
1970-01-01,"Accounts Receivable (AR) Specialist",Office1,office1.com,"Information Technology & Services",,,"East Las Vegas area)","Las Vegas",NV," 89101"
1970-01-01,"Operations Manager","Mina Group",michaelmina.net,Hospitality,,,,"Las Vegas",NV,""
1970-01-01,"Community Manager - M","FirstService Residential",fsresidential.com,"Real Estate","$70,000 - $75,000 a year",,"Spring Valley area)","Las Vegas",NV," 89148"
1970-01-01,"Epoxy Garage Flooring Installer","Fastlane Coatings LLC",,,"from $20 an hour",,,"Las Vegas",NV,""
1970-01-01,"Flooring Installer","JW Floor Covering",jwfloors.com,,"$1,000 - $3,500 a week",,,"Las Vegas",NV,""
1970-01-01,"Social Media Lead at Spiegelworld Corporate",Spiegelworld,spiegelworld.com,Entertainment,,,,"Las Vegas",NV," 89103"
1970-01-01,"Apache Kafka Administrator","KK Associates",,,,,,"Las Vegas",NV,""
1970-01-01,"Regional Sales Representative (Remote - Marine/RV Industry E...","Reynolds and Reynolds",reyrey.com,"Computer Software",,,,"Las Vegas",NV,""
1970-01-01,"Digital Marketing Strategist","Nevada Corporate Headquarters",nchinc.com,"Legal Services","$100,000 a year",Remote,,"Remote in Las Vegas",NV," 89147"
1970-01-01,"Supervisor, Production","Premium Waters",premiumwaters.com,"Food Production","$58,000 - $63,000 a year",,"Sunrise Manor area)","Las Vegas",NV," 89115"
1970-01-01,"Manufacturing Supervisor","TemperPack Inc.",temperpack.com,"Renewables & Environment","from $55,000 a year",,"Sunrise Manor area)","Las Vegas",NV," 89115"
1970-01-01,"Mortgage Loan Officer","Silver State Schools Credit Union",silverstatecu.com,Banking,,,,"Las Vegas",NV," 89119"
1970-01-01,"FULL TIME CONTROLLER FOR PROPERTY MANAGEMENT","Desert Realty",,,"$30 an hour",,"Rancho Charleston area)","Las Vegas",NV," 89102"
1970-01-01,"Talent Acquisition Manager","Diversified Restaurant Group",,,"$85,000 - $100,000 a year",,,"Las Vegas",NV,""
1970-01-01,"DIRECTOR OF BUSINESS DEVELOPMENT - HOSPICE","CompassionCare Hospice",compassioncarenevada.com,"Hospital & Health Care",,,"Cultural Corridor area)","Las Vegas",NV," 89101"
1970-01-01,"Business Broker","Sunbelt Business Advisors",,,"up to $500,000 a year",,"Rancho Charleston area)","Las Vegas",NV," 89102"
1970-01-01,"Associate Dental Assistant Instructor - (LV)","Iec Aai Holdings Inc",,,,,"Paradise area)","Las Vegas",NV," 89169"
1970-01-01,"Assistant Project Manager","PAR Western Line Contractors, LLC",,,,,"North Las Vegas area)","Las Vegas",NV," 89081"
1970-01-01,"Microcomputer & Network Analyst","Las Vegas Clark County Library District",,,"$57,561 - $92,098 a year",,"Enterprise area)","Las Vegas",NV," 89113"
1970-01-01,"Case Manager RN","Spanish Hills Wellness Suites",spanishhillswellness.com,"Medical Practice",,,"Spring Valley area)","Las Vegas",NV," 89113"
1970-01-01,"Graphic Designer","The Neato Company",,,,,,"Las Vegas",NV," 89118"
1970-01-01,"Business Development, Sales Coordinator",Slickdeals,slickdeals.net,"Online Media",,,,"Las Vegas",NV,""
1970-01-01,"QA Manager - Software","Johnstone Supply LLC",,,,,"Sunrise Manor area)","Las Vegas",NV," 89115"
1970-01-01,"RV MECHANICAL TECHNICIAN","Findlay RV",findlayrv.com,Philanthropy,,,"Paradise area)","Las Vegas",NV," 89121"
1970-01-01,"Residential Construction Superintendent","Signature Management",signaturemanagement.com,"Real Estate",,,,"Las Vegas",NV,""
1970-01-01,"Flooring Install Field Manager","JW Floor Covering Inc.",,,"$45,000 - $55,000 a year",,"Sunrise Manor area)","Las Vegas",NV," 89115"
1970-01-01,"Kafka Administrator","Okaya LLC",,,,,,"Las Vegas",NV,""
1970-01-01,Bookkeeper/Accountant,"Full Spectrum Laser",fslaser.com,Machinery,"from $50,000 a year",,"Paradise area)","Las Vegas",NV," 89120"
1970-01-01,"Maintenance Team Lead",GEODIS,geodis.com,"Logistics & Supply Chain","$20 - $22 an hour",,,"Las Vegas",NV," 89115"
1970-01-01,Controller,"Silver Sevens Hotel & Casino",,,"$61,000 - $82,000 a year",,"Paradise area)","Las Vegas",NV," 89169"
1970-01-01,"Security Branch Manager (Las Vegas)","American Guard Services INC.",americanguardservices.com,"Security & Investigations","from $60,000 a year",,"Rancho Charleston area)","Las Vegas",NV," 89102"
1970-01-01,"Architectural Sales Account Executive","Walker Zanger, LLC.",,,,,,"Las Vegas",NV," 89103"
1970-01-01,"Manufacturing Supervisor","TemperPack Inc.",temperpack.com,"Renewables & Environment",,,"Sunrise Manor area)","Las Vegas",NV," 89115"
1970-01-01,"Clinical Fellowship Speech Language Pathologist","Capability Health and Human Services",capabilityhealth.org,"Hospital & Health Care","$90,000 a year",,"Buffalo area)","Las Vegas",NV," 89117"
1970-01-01,"Human Resources Director","Grand Canyon Resort Corp",,,,,,"Las Vegas",NV," 89113"
1970-01-01,"Regional Sales Representative (Remote - Marine/RV Industry E...","Reynolds and Reynolds",reyrey.com,"Computer Software",,,,"Las Vegas",NV,""
1970-01-01,"DIRECTOR OF BUSINESS DEVELOPMENT - HOSPICE","CompassionCare Hospice",compassioncarenevada.com,"Hospital & Health Care",,,"Cultural Corridor area)","Las Vegas",NV," 89101"
1970-01-01,"Microcomputer & Network Analyst","Las Vegas Clark County Library District",,,"$57,561 - $92,098 a year",,"Enterprise area)","Las Vegas",NV," 89113"
1970-01-01,"Assistant Project Manager","PAR Western Line Contractors, LLC",,,,,"North Las Vegas area)","Las Vegas",NV," 89081"
1970-01-01,"Business Development, Sales Coordinator",Slickdeals,slickdeals.net,"Online Media",,,,"Las Vegas",NV,""
1970-01-01,"QA Manager - Software","Johnstone Supply LLC",,,,,"Sunrise Manor area)","Las Vegas",NV," 89115"
1970-01-01,"Kafka Administrator","Okaya LLC",,,,,,"Las Vegas",NV,""
1970-01-01,"Residential Construction Superintendent","Signature Management",signaturemanagement.com,"Real Estate",,,,"Las Vegas",NV,""
1970-01-01,"Maintenance Team Lead",GEODIS,geodis.com,"Logistics & Supply Chain","$20 - $22 an hour",,,"Las Vegas",NV," 89115"
1970-01-01,"Flooring Install Field Manager","JW Floor Covering Inc.",,,"$45,000 - $55,000 a year",,"Sunrise Manor area)","Las Vegas",NV," 89115"
1970-01-01,Controller,"Silver Sevens Hotel & Casino",,,"$61,000 - $82,000 a year",,"Paradise area)","Las Vegas",NV," 89169"
1970-01-01,Bookkeeper/Accountant,"Full Spectrum Laser",fslaser.com,Machinery,"from $50,000 a year",,"Paradise area)","Las Vegas",NV," 89120"
1970-01-01,"Manufacturing Supervisor","TemperPack Inc.",temperpack.com,"Renewables & Environment",,,"Sunrise Manor area)","Las Vegas",NV," 89115"
1970-01-01,"Architectural Sales Account Executive","Walker Zanger, LLC.",,,,,,"Las Vegas",NV," 89103"
1970-01-01,"Human Resources Director","Grand Canyon Resort Corp",,,,,,"Las Vegas",NV," 89113"
1970-01-01,"Estimator - William Charles Electric","William Charles Construction",williamcharlesconstruction.com,Construction,,,,"Las Vegas",NV,""
1970-01-01,"Clinical Fellowship Speech Language Pathologist","Capability Health and Human Services",capabilityhealth.org,"Hospital & Health Care","$90,000 a year",,"Buffalo area)","Las Vegas",NV," 89117"
1970-01-01,"NICU Registered Nurse","Sunrise Hospital",sunrisehospital.com,"Hospital & Health Care","$37.79 - $56.66 an hour",,,"Las Vegas",NV," 89109"
1970-01-01,"CVICU Registered Nurse - RN - Intensive care unit - $4,200 W...","RS Healthcare",rshealthcare.in,"Hospital & Health Care","$4,200 a week",,"Paradise area)","Las Vegas",NV," 89119"
1970-01-01,"Digital Experience Project Manager","Credit One Bank, N.A.",,,,,"Spring Valley area)","Las Vegas",NV," 89113"
1970-01-01,"Construction Superintendent","Paragon Life Builders",,,"$75,000 - $95,000 a year",,"Paradise area)","Las Vegas",NV," 89120"
1970-01-01,"Journeyman Substation Foreman","Forbes Bros Ltd.",forbesbrosgroup.com,Construction,,,,"Las Vegas",NV," 88901"
1970-01-01,Estimator,"William Charles Construction",williamcharlesconstruction.com,Construction,,,,"Las Vegas",NV,""
1970-01-01,"Advertiser Account Manager",Madrivo,madrivo.com,"Marketing & Advertising",,,,"Las Vegas",NV," 89119"
1970-01-01,"Digital Marketing Associate","Credit One Bank",creditonebank.com,"Financial Services",,,"Spring Valley area)","Las Vegas",NV," 89113"
1970-01-01,"Traveling Superintendent - Retail/Restaurant T.I. Constructi...","Dickinson Cameron Construction",dickinsoncameron.com,Construction,"$60,000 - $130,000 a year",,,"Las Vegas",NV,""
1970-01-01,"Advanced Practice Registered Nurse (APRN)","Asian Community Development Council",acdcnv.org,"Civic & Social Organization","from $70 an hour",,,"Las Vegas",NV," 89147"
1970-01-01,"Data Systems - Data Analyst / Developer","Credit One Bank",creditonebank.com,"Financial Services",,,"Spring Valley area)","Las Vegas",NV," 89113"
1970-01-01,"ISO/Agent Recruiter","National Merchants Association",nationalmerchants.com,"Financial Services",,,,"Las Vegas",NV," 89135"
1970-01-01,"IT Network Security Analyst II","Steinberg Diagnostic Medical Imaging",sdmi-lv.com,"Health, Wellness & Fitness",,,"Desert Shores area)","Las Vegas",NV," 89128"
1970-01-01,Controller,"Silver Sevens Hotel and Casino",silversevenscasino.com,Restaurants,"$61,000 - $82,000 a year",,"Paradise area)","Las Vegas",NV," 89169"
1970-01-01,"Business Development Sales Executive","Business Health Services",bhsonline.com,"Mental Health Care",,Remote,,"Remote in Las Vegas",NV," 88901"
1970-01-01,"Head Chef","Los Prados Community Association",,,"$45,000 - $50,000 a year",,"North Cheyenne area)","Las Vegas",NV," 89130"
1970-01-01,"Account Executive - Remote","National Merchants Association",nationalmerchants.com,"Financial Services",,Remote,,"Remote in Las Vegas",NV," 89135"
1970-01-01,"Landscape Supervisor","Pierro's Landscape & Maintenance",,,"$20 - $25 an hour",,,"Las Vegas",NV,""
1970-01-01,"Incident Manager","Okaya LLC",,,,,,"Las Vegas",NV,""
1970-01-01,"Bilingual Collections Specialist","Scientific Games",qcell.gm,Telecommunications,"$21 - $22 an hour",,"Paradise area)","Las Vegas",NV," 89119"
1970-01-01,"Registered Nurse - ER (House Supervisor)",Decypher,decypher.in,"Computer & Network Security","$50 an hour",,,"Las Vegas",NV," 89191"
1970-01-01,"IT Business Manager","Zenith American",zenith-american.com,Insurance,,,,"Las Vegas",NV," 89148"
1970-01-01,"Molecular General Lab Supervisor & Lab Manager","DNA Molecular Sciences",,,"$100,000 - $150,000 a year",,"Paradise area)","Las Vegas",NV," 89103"
1970-01-01,"Instrumentation, Controls, and Automation Technician (E&I)","TM Electrical Solutions",,,"$32 - $48 an hour",,,"Las Vegas",NV,""
1970-01-01,"ACCOUNTS PAYABLE - ASSISTANT MANAGER","Swickard Shared Services (Las Vegas)",,,,,"Summerlin North area)","Las Vegas",NV," 89144"
1970-01-01,"Case Manager LPN","Spanish Hills Wellness Suites",spanishhillswellness.com,"Medical Practice",,,"Spring Valley area)","Las Vegas",NV," 89113"
1970-01-01,"Operations Manager","HALF PRICE FLOORING LLC",,,"$80,000 - $120,000 a year",,"Rancho Charleston area)","Las Vegas",NV," 89102"
1970-01-01,"Director of Nursing (Inpatient Addiction Treatment) LAS360","Landmark Recovery",landmarkrecovery.com,"Hospital & Health Care","$100,000 a year",,"Lone Mountain area)","Las Vegas",NV," 89129"
1970-01-01,"QA/QC Manager","Ace Analytical Laboratory",,,,,"Desert Shores area)","Las Vegas",NV," 89128"
1970-01-01,"Manager, Product Development - Remote","National Merchants Association",nationalmerchants.com,"Financial Services",,Remote,,"Remote in Las Vegas",NV," 89135"
1970-01-01,"Control Systems Lead","RPO Inc.",rpoinc.com,Construction,"$38 an hour",,,"Las Vegas",NV," 89115"
1970-01-01,"Territory Business Developer","Best Candidates LLC",,,"$40,000 a year",,,"Las Vegas",NV,""
1970-01-01,"Traveling Superintendent - Commercial","ARCO a Family of Construction Companies",arcoconstruction.com,Construction,,,,"Las Vegas",NV," 88901"
1970-01-01,"Traveling Superintendent - Commercial","ARCO a Family of Construction Companies",arcoconstruction.com,Construction,,,,"Las Vegas",NV," 88901"
1970-01-01,"Registered Nurse - Northwest Clinic","Comprehensive Cancer Centers of Nevada",cccnevada.com,"Hospital & Health Care",,,"Summerlin North area)","Las Vegas",NV," 89128"
1970-01-01,"Case Manager LPN","Spanish Hills Wellness Suites",spanishhillswellness.com,"Medical Practice",,,"Spring Valley area)","Las Vegas",NV," 89113"
1970-01-01,"IT Technical Administrator II","Downtown Grand Las Vegas",,,"$60,000 - $70,000 a year",,"Downtown area)","Las Vegas",NV," 89101"
1970-01-01,"Billing / Credentialing Manager","Suarez Physical Therapy",,,"from $22 an hour",,"Spring Valley area)","Las Vegas",NV," 89113"
1970-01-01,"Maintenance Technician III","RPO International",rpointernational.com,"Staffing & Recruiting","$34.50 an hour",,,"Las Vegas",NV," 89115"
1970-01-01,"Project Manager - Construction","SR Construction, Inc.",srbuilt-usa.com,Construction,"$90,000 - $125,000 a year",,"Spring Valley area)","Las Vegas",NV," 89103"
1970-01-01,"Machine Operator- 3rd Shift","Piping Rock Health Products",pipingrock.com,"Health, Wellness & Fitness",,,,"Las Vegas",NV,""
1970-01-01,"Technical Support Specialist - Architecture , Engineering, a...","IMAGINiT Technologies",imaginit.com,"Computer Software",,,,"Las Vegas",NV,""
1970-01-01,"Software Developer - Remote","National Merchants Association",nationalmerchants.com,"Financial Services",,Remote,,"Remote in Las Vegas",NV," 89135"
1970-01-01,"Clinical Manager - RN - Emergency Department, Relocate to Fl...","Northern Arizona Healthcare",,,,,,"Las Vegas",NV,""
1970-01-01,"Charge RN- Pre-Op PACU- Relocate to Flagstaff AZ!","Northern Arizona Healthcare",,,,,,"Las Vegas",NV,""
1970-01-01,"Pediatrics Registered Nurse","Sunrise Hospital",sunrisehospital.com,"Hospital & Health Care","$32.99 - $49.51 an hour",,,"Las Vegas",NV," 89109"
1970-01-01,"Manufacturing Supervisor","TemperPack Inc.",temperpack.com,"Renewables & Environment",,,"Sunrise Manor area)","Las Vegas",NV," 89115"
1970-01-01,"Registered Nurse/Charge - Northwest Clinic","Comprehensive Cancer Centers of Nevada",cccnevada.com,"Hospital & Health Care",,,"Summerlin North area)","Las Vegas",NV," 89128"
1970-01-01,"F&B Counter Attendant - BeerHaus - 21+ (On Call) (Park Distr...","MGM Resorts International",mgmresorts.com,Hospitality,,,,"Las Vegas",NV," 89109"
1970-01-01,"Greeter, Part-Time, Scottsdale","Louis Vuitton Malletier",,,,,,"Las Vegas",NV,""
1970-01-01,"F&B Counter Attendant- Eataly (On-Call)(Park MGM)","MGM Resorts International",mgmresorts.com,Hospitality,,,,"Las Vegas",NV," 89109"
1970-01-01,"Food Server - Fleur De Lys - (Union) (O/C) (Mandalay Bay)","MGM Resorts International",mgmresorts.com,Hospitality,,,,"Las Vegas",NV," 89119"
1970-01-01,"Table Games Floor Supervisor (Part Time) (Aria)","MGM Resorts International",mgmresorts.com,Hospitality,,,"The Strip area)","Las Vegas",NV," 89158"
1970-01-01,"Food Server - Diablo's (Part-Time)(The Mirage)","MGM Resorts International",mgmresorts.com,Hospitality,,,,"Las Vegas",NV," 89109"
1970-01-01,"Floor Supervisor Table Games- (Part-Time) (Mandalay Bay)","MGM Resorts International",mgmresorts.com,Hospitality,,,,"Las Vegas",NV," 89119"
1970-01-01,"Gourmet Food Server - Michael Mina (Bellagio)","MGM Resorts International",mgmresorts.com,Hospitality,,,,"Las Vegas",NV," 89177"
1970-01-01,"F&B Counter Attendant- Eataly (On-Call)(Park MGM)","MGM Resorts International",mgmresorts.com,Hospitality,,,,"Las Vegas",NV," 89109"
1970-01-01,"YOUTH & ADULT INTERVENTION SUPERVISOR","Clark County, NV",,,"$32.07 - $49.74 an hour",,,"Las Vegas",NV,""
1970-01-01,"Customer Service Lead/Keyholder - Las Vegas South Premium Ou...","Carter's | OshKosh B'gosh Retail",oshkosh.com,,,,,"Las Vegas",NV," 89123"
1970-01-01,"Remote Cloud Accountant (Virtual PART-TIME or FULL-TIME) ? L...","Supporting Strategies",supportingstrategies.com,Accounting,,Remote,,"Remote in Las Vegas",NV,""
1970-01-01,"Food Server - Morimoto (On Call) (MGM Grand)","MGM Resorts International",mgmresorts.com,Hospitality,,,,"Las Vegas",NV," 89109"
1970-01-01,"HOUSE SUPERVISOR RN (PT DAYS) VALLEY HEALTH SPECIALTY HOSPIT...","Valley Health Surgery and Rehab Hospital",valleyhealthspecialty.com,,,,"Spring Valley area)","Las Vegas",NV," 89148"
1970-01-01,"Supervisor Casino VIP Services - Bellagio","MGM Resorts International",mgmresorts.com,Hospitality,,,,"Las Vegas",NV," 89177"
1970-01-01,"Gourmet Food Server TD (Union) - Michael Mina (Bellagio)","MGM Resorts International",mgmresorts.com,Hospitality,,,,"Las Vegas",NV," 89177"
1970-01-01,"Pediatric Clinical Nursing Instructor (part-time)","Adtalem Global Education",adtalem.com,"Education Management",,,"Summerlin North area)","Las Vegas",NV," 89144"
1970-01-01,"Mental Health/Psych Clinical Nursing Instructor (part-time)","Chamberlain College of Nursing",,,,,"Summerlin North area)","Las Vegas",NV," 89144"
1970-01-01,"Community Health Clinical Nursing Instructor (part-time)","Adtalem Global Education",adtalem.com,"Education Management",,,"Summerlin North area)","Las Vegas",NV," 89144"
1970-01-01,"Mental Health/Psych Clinical Nursing Instructor (part-time)","Adtalem Global Education",adtalem.com,"Education Management",,,"Summerlin North area)","Las Vegas",NV," 89144"
1970-01-01,"Pediatric Clinical Nursing Instructor (part-time)","Chamberlain College of Nursing",,,,,"Summerlin North area)","Las Vegas",NV," 89144"
1970-01-01,"Community Health Clinical Nursing Instructor (part-time)","Chamberlain College of Nursing",,,,,"Summerlin North area)","Las Vegas",NV," 89144"
1970-01-01,Receptionist,"Kirk Kerkorian School of Medicine at UNLV",,,"$18 an hour",,"Rancho Charleston area)","Las Vegas",NV," 89102"
1970-01-01,"YOUTH & ADULT INTERVENTION SUPERVISOR","Clark County",clarkcountynv.gov,"Government Administration",,,"East Las Vegas area)","Las Vegas",NV," 89155"
1970-01-01,"Floral Designer","Flora Couture",floracouture.com,"Events Services","$13 - $20 an hour",,"Meadows Village area)","Las Vegas",NV," 89102"
1970-01-01,"Part-time Legal Assistant","Plante Lebovic LLP",plantelebovic.com,"Law Practice",,,,"Las Vegas",NV,""
1970-01-01,"Math/Science Tutor","Excel Academy",excel-academy.org,"Primary/Secondary Education","$15 - $25 an hour",,,"Las Vegas",NV,""
1970-01-01,"Food Runner",CUT,cut.com,Internet,,,,"Las Vegas",NV," 89109"
1970-01-01,"IT Tech","Network Heroes",network-heroes.com,"Computer Networking","$20 - $25 an hour",,"Charleston Heights area)","Las Vegas",NV," 89107"
1970-01-01,"Marketing Coordinator","Divine Events",divineeventslv.com,"Events Services","$18 - $28 an hour",,"Paradise area)","Las Vegas",NV," 89118"
1970-01-01,"Showcase Director, Event Planner","RAW Artists Inc.",,,"$50,000 - $100,000 a year",,,"Las Vegas",NV,""
1970-01-01,"Elementary English/Math tutor","Excel Academy",excel-academy.org,"Primary/Secondary Education","$15 - $25 an hour",,,"Las Vegas",NV,""
1970-01-01,"Inspector - Automotive Repair","Ted Wiens Tire & Auto",tedwiens.com,"Individual & Family Services",,,,"Las Vegas",NV,""
1970-01-01,"Medical Billing Manager","ALIGNOLOGY & Associates",alignology.com,"Medical Practice","$14 - $25 an hour",,"Summerlin North area)","Las Vegas",NV," 89134"
1970-01-01,"Part Time Supervisor - Las Vegas South Premium Outlets 2663","Lucky Brand",luckybrand.com,"Apparel & Fashion",,,"Enterprise area)","Las Vegas",NV," 89123"
1970-01-01,"Bookkeeper CPA Practice - 100% Remote and Flexible Hours","Mark Perlberg, CPA, PLLC",,,"$20 - $30 an hour",Remote,,"Remote in Las Vegas",NV,""
1970-01-01,"Armed Vehicle Patrol Officers Needed","Preventive Measures Security Firm, LLC",,,"$16 - $18 an hour",,,"Las Vegas",NV,""
1970-01-01,"Food Runner","Wolfgang Puck Players Locker",playerslockerlv.com,,,,"Summerlin South area)","Las Vegas",NV," 89135"
1970-01-01,"Accounting Associate",Cozymeal,cozymeal.com,Internet,,Remote,,"Remote in Las Vegas",NV,""
1970-01-01,"Seeking a Broker/Salesperson- 100% comission","Next Home Discovered",,,"$50,000 - $150,000 a year",,,"Las Vegas",NV,""
1970-01-01,"Real Estate Managing Broker","Found It",myfoundit.com,"Consumer Services",,,,"Las Vegas",NV,""
1970-01-01,"(Web) Product Manager",Cozymeal,cozymeal.com,Internet,,Remote,,"Remote in Las Vegas",NV,""
1970-01-01,"Infusion Registered Nurse (RN)","InfuCare Rx",infucarerx.com,"Hospital & Health Care",,,,"Las Vegas",NV," 88901"
1970-01-01,"Flight Nurse - PRN - AirMed International","AIRMED INTERNATIONAL",,,,,"Paradise area)","Las Vegas",NV," 89119"
1970-01-01,"Operations Technician",Comcentric,comcentric.com,"Information Technology & Services",,,,"Las Vegas",NV,""
1970-01-01,Seamstress/Patternmaker,"Sondra Falk Couture, LLC",,,"$12 - $15 an hour",,"Lone Mountain area)","Las Vegas",NV," 89129"
1970-01-01,"Elementary English/Math tutor","Excel Academy",excel-academy.org,"Primary/Secondary Education","$15 - $25 an hour",,,"Las Vegas",NV,""
1970-01-01,"Tools Admin (Jira)",linktech,linktechworldwide.com,"Advertising & Marketing , Business Services , Search Engines & Internet Portals ,  Media & Interne","$30 - $33 an hour",,"Summerlin North area)","Las Vegas",NV,""
1970-01-01,"Business Broker","Sunbelt Business Advisors",,,"up to $500,000 a year",,"Rancho Charleston area)","Las Vegas",NV," 89102"
1970-01-01,Seamstress/Patternmaker,"Sondra Falk Couture, LLC",,,"$12 - $15 an hour",,"Lone Mountain area)","Las Vegas",NV," 89129"
1970-01-01,"Temporary Travel Associate",UFC,ufc.com,Sports,,,,"Las Vegas",NV,""
1970-01-01,"Administrative Assistant",ExploreMyPC,,,,,,"Las Vegas",NV,""
1970-01-01,Receptionist,"Kirk Kerkorian School of Medicine at UNLV",,,"$18 an hour",,"Rancho Charleston area)","Las Vegas",NV," 89102"
1970-01-01,"LEAD ADMISSIONS REP/REGISTRAR","Northern Nevada Sierra Medical Center",nnmcsierra.com,,,,"South Reno area)",Reno,NV," 89511"
1970-01-01,"Safety and Loss Prevention Specialist",Chewy,chewy.com,Retail,,,,Reno,NV,""
1970-01-01,"Account Service Coordinator - Las Vegas","Prominence Health Plan",prominencehealthplan.com,"Hospital & Health Care",,,"East Reno area)",Reno,NV," 89502"
1970-01-01,"store manager - Reno/Sparks, NV",Starbucks,starbucks.com,Retail,,,,Reno,NV,""
1970-01-01,"Solutions Advisor - Meal Break (FT) - KC","Office Depot",officedepot.com,"Business Supplies & Equipment",,,"Northeast area)",Reno,NV," 89512"
1970-01-01,"Executive Producer","Sinclair Broadcast Group",sbgi.net,"Broadcast Media",,,"East Reno area)",Reno,NV," 89502"
1970-01-01,"Team Lead, Clario Operations","Clear Capital",clearcapital.com.au,"Financial Services",,,"Northeast area)",Reno,NV," 89501"
1970-01-01,"Supply Chain Operations Manager",JCPenney,cjpenney.com,,"$61,000 - $111,000 a year",,,Reno,NV,""
1970-01-01,"Central Operations Supervisor","Franklin Energy",franklinenergy.com,"Renewables & Environment","$55,000 - $75,000 a year",,,Reno,NV,""
1970-01-01,"Supv - Patient Services Center - SMRMC-MG Administration","Prime Healthcare",primehealthcare.com,"Hospital & Health Care",,,"Old Northwest - West University area)",Reno,NV," 89503"
1970-01-01,"MANAGER OF CARE ADVOCATE","Prominence Health Plan",prominencehealthplan.com,"Hospital & Health Care",,,"East Reno area)",Reno,NV," 89502"
1970-01-01,"Commercial Account Executive","Johnson Controls",ashburton.wa.gov.au,"Government Administration",,,,Reno,NV,""
1970-01-01,"Branch Manager - Non Producing","Nations Lending",nationslending.com,"Financial Services",,,,Reno,NV,""
1970-01-01,"Business Development Representative","Xometry Inc",xometry.com,Internet,,,,Reno,NV,""
1970-01-01,"Product Support Specialist","ECi Software Solutions",ecisolutions.com,"Computer Software",,Remote,,"Remote in Reno",NV,""
1970-01-01,"Extrusion Team Lead","VEKA West Inc",vekainc.com,"Building Materials","$28 an hour",,"North Valleys area)",Reno,NV," 89506"
1970-01-01,"Environmental Manager","Lithium Americas",,,,,"South Central area)",Reno,NV," 89509"
1970-01-01,Surveyor,Ledcor,ledcor.com,Construction,,,"South Central area)",Reno,NV," 89511"
1970-01-01,"Executive Assistant, Vice President of Academic Affairs","Truckee Meadows Community College",tmcc.edu,"Higher Education",,,"Northeast area)",Reno,NV," 89512"
1970-01-01,"Supply Chain Operations Manager - Reno, NV","J.C. Penney Corporation, Inc.",,,,,"North Valleys area)",Reno,NV," 89506"
1970-01-01,"Supervisor MRI/MRSO - Radiology - SMRMC Rad-Diag","Prime Healthcare",primehealthcare.com,"Hospital & Health Care",,,"Old Northwest - West University area)",Reno,NV," 89503"
1970-01-01,"Outside Sales Representative (Reno)",FreshPoint,freshpoint.com,"Food & Beverages",,,,Reno,NV,""
1970-01-01,"OPERATIONS SYSTEMS ANALYST","Prominence Health Plan",prominencehealthplan.com,"Hospital & Health Care",,,"East Reno area)",Reno,NV," 89502"
1970-01-01,"Software Engineer.10741","Light & Wonder",,,,,,Reno,NV,""
1970-01-01,"client executive - NASA - Opportunity for Working Remotely R...",VMware,thebrunswicknews.com,Newspapers,,Remote,,"Remote in Reno",NV,""
1970-01-01,"Chief of Airport Police","Reno-Tahoe Airport Authority",reno-airport.com,,"$126,751 - $170,498 a year",,"Reno-Tahoe International Airport area)",Reno,NV," 89502"
1970-01-01,"Software Engineer.10741","Light & Wonder",,,,,,Reno,NV,""
1970-01-01,"Manager - Operations Analytics (Corporate_Reno)","Caesars Entertainment",caesars.com,Hospitality,,,,Reno,NV,""
1970-01-01,Superintendent,Ledcor,ledcor.com,Construction,,,"South Central area)",Reno,NV," 89511"
1970-01-01,"Supply Chain Channel Manager",Microsoft,microsoft.com,"Computer Software",,,"East Reno area)",Reno,NV," 89511"
1970-01-01,"Human Resource Generalist","Conagra Brands",conagrabrands.com,"Food & Beverages",,,,Reno,NV,""
1970-01-01,"Software Development Process and Project Management","Atlantis Casino Resort & Spa",atlantiscasino.com,"Gambling & Casinos",,,"South Central area)",Reno,NV," 89502"
1970-01-01,"Tower Service Market Supervisor","Commnet Wireless",,,,,"Northeast area)",Reno,NV," 89501"
1970-01-01,"Experienced Claims Adjuster",Progressive,progressivepartnership.co.uk,"Market Research","$62,000 - $80,000 a year",,"South Reno area)",Reno,NV,""
1970-01-01,"REMOTE Associate Project Manager Electric Utilities",Leidos,opera.org.au,"Performing Arts",,Remote,,"Remote in Reno",NV," 89515"
1970-01-01,"Installation Journeyman",YESCO,yesco.com,"Electrical/Electronic Manufacturing",,,"East Reno area)",Reno,NV," 89502"
1970-01-01,"Audit Manager","Grant Thornton",grantthornton.com,Accounting,,,"Southwest area)",Reno,NV," 89501"
1970-01-01,"VP of Engineering - ML/AI & Analytic Automation",Deloitte,deloitte.com,"Management Consulting",,,,Reno,NV,""
1970-01-01,"MEDICAL ASSISTANT PRACTICE SUPPORT TECHNICIAN","Prominence Health Plan",prominencehealthplan.com,"Hospital & Health Care",,,"East Reno area)",Reno,NV," 89502"
1970-01-01,"Lead Market Development Manager",AT&T,att.com,Telecommunications,,,,Reno,NV,""
1970-01-01,"Field-Based Family Nurse Practitioner","Molina Healthcare",molinahealthcare.com,"Hospital & Health Care",,,,Reno,NV,""
1970-01-01,"Civil Estimator",Ledcor,ledcor.com,Construction,,,"South Central area)",Reno,NV," 89511"
1970-01-01,"Industrial Engineering Manager",MARS,accessmars.withgoogle.com,,,,"Northeast area)",Reno,NV," 89501"
1970-01-01,"Sales Pro","Advance Auto Parts",advanceautoparts.com,Retail,,,"East Reno area)",Reno,NV," 89502"
1970-01-01,"AWS DevOps Specialist- Location Open",Deloitte,deloitte.com,"Management Consulting",,,,Reno,NV,""
1970-01-01,"Azure DevOps Infrastructure Specialist- Location Open",Deloitte,deloitte.com,"Management Consulting",,,,Reno,NV,""
1970-01-01,"Preschool - Childcare Center Director","University Preschool and Childcare",,,"$41,600 - $62,400 a year",,"Old Northwest - West University area)",Reno,NV," 89503"
1970-01-01,"Specialty Service Agent","David's Bridal",davidsbridal.com,Retail,,,"South Central area)",Reno,NV," 89511"
1970-01-01,"Training and Personnel Development Officer","Plumas Bank",plumasbank.com,"Financial Services","$4,160 - $6,667 a month",,,Reno,NV,""
1970-01-01,"Branch Manager Trainee (Solar Industry)","The Salter Group",,,"$50,000 - $60,000 a year",,"East Reno area)",Reno,NV," 89502"
1970-01-01,"Travel Center General Manager","Pilot Company",pilotcompany.com,Retail,,,"Northwest area)",Reno,NV," 89503"
1970-01-01,"Associate Director of Social Enterprise","Burning Man",,,,,"East Reno area)",Reno,NV," 89519"
1970-01-01,"Behavioral Coordinator","BEHAVIORAL HEALTH SOLUTIONS, LLC",behavioralhealthsolutions.com,,"$18 an hour",,,Reno,NV,""
1970-01-01,"Northern Nevada Retail Area Manager","Lee's Discount Liquor",leesliquorlv.com,Retail,"$40,000 - $80,000 a year",,,Reno,NV,""
1970-01-01,"Auto Glass Installer WANTED- We offer 401k & Competitive Pay...","Brite Glass",,,"$18 - $30 an hour",,"South Central area)",Reno,NV," 89502"
1970-01-01,"Restaurant Supervisor","Atlantis Casino Resort Spa",,,"$50,000 - $50,001 a year",,"South Central area)",Reno,NV," 89502"
1970-01-01,"Human Resources Clerk","Dragonfly Energy Corp",dragonflyenergy.com,"Renewables & Environment","$21 - $24 an hour",,"South Reno area)",Reno,NV," 89521"
1970-01-01,"Litigation Paralegal","Humphrey Law PLLC",,,"$46,000 - $60,000 a year",,"Southwest area)",Reno,NV," 89501"
1970-01-01,"Computer Network Tech & Manager","Top Speed, LLC",,,"$20 - $30 an hour",,"South Reno area)",Reno,NV," 89521"
1970-01-01,"Cable Harness Assembler","Valley Services Electronics (VSE)",vse.com,"Electrical/Electronic Manufacturing",,,"South Reno area)",Reno,NV," 89521"
1970-01-01,"Compliance Manager","ENCORE DEC",,,,,,Reno,NV,""
1970-01-01,"Warehouse Operations Manager",JCPenney,cjpenney.com,,"$70,000 - $90,000 a year",,"North Valleys area)",Reno,NV," 89506"
1970-01-01,"Lead Optical Lab Technician FT Reno, NV #121","Eyemart Express",eyemartexpress.com,Retail,,,"South Central area)",Reno,NV," 89511"
1970-01-01,"Warehouse Coordinator","PowerComm Solutions",powercommsolutions.com,Utilities,,,"East Reno area)",Reno,NV," 89502"
1970-01-01,"Window Installer/Helper","Brothers Home Improvement, Inc",,,,,,Reno,NV,""
1970-01-01,"Assistant General Manager","Hilton Garden Inn Reno",,,,,,Reno,NV," 89521"
1970-01-01,"IR Registered Nurse - Full Time","Comprehensive Interventional Care Centers",ciccenters.com,"Medical Practice","$38 - $52 an hour",,,Reno,NV," 89511"
1970-01-01,"Summer Outdoor Educator","Truckee Meadows Parks Foundation",tmparksfoundation.org,"Environmental Services","$300 - $450 a week",,"Southwest area)",Reno,NV," 89509"
1970-01-01,"Medical Sales $70k -$80k (Base + Comm)","Synergy Sleep & Respiratory",synergysr.com,"Hospital & Health Care",,,"East Reno area)",Reno,NV," 89502"
1970-01-01,"Executive Meetings Manager","Atlantis Casino Resort Spa",,,"$40,000 - $45,000 a year",,"South Central area)",Reno,NV," 89502"
1970-01-01,"Field Service Technician","Peak Technologies",peaktech.com,"Information Technology & Services",,,,Reno,NV,""
1970-01-01,"Portfolio Community Manager - HOAMCO (Reno, NV)",HOAMCO,hoamco.com,"Real Estate",,,"East Reno area)",Reno,NV," 89502"
1970-01-01,"Equipment Repair Technician","America's Swimming Pool Co. - Reno",,,"$20 - $30 an hour",,"Old Northwest-West University area)",Reno,NV," 89503"
1970-01-01,"Sales and Customer Support Team Manager",Cozymeal,cozymeal.com,Internet,,Remote,,"Remote in Reno",NV,""
1970-01-01,"Production Planner","Valley Services Electronics (VSE)",vse.com,"Electrical/Electronic Manufacturing",,,"South Reno area)",Reno,NV," 89521"
1970-01-01,"Warehouse Supervisor",JCPenney,cjpenney.com,,"$60,000 - $75,000 a year",,"North Valleys area)",Reno,NV," 89506"
1970-01-01,"Accounting Associate",Cozymeal,cozymeal.com,Internet,,Remote,,"Remote in Reno",NV,""
1970-01-01,Superintendent,"Dennis Banks Construction",dbcreno.com,Construction,"$32.00 - $42.50 an hour",,,Reno,NV,""
1970-01-01,"Walmart Construction Superintendent - Open Store Remodel","Scott Humphrey Corporation",,,"$80,000 - $100,000 a year",,,Reno,NV,""
1970-01-01,"QA Inspector","Valley Services Electronics (VSE)",vse.com,"Electrical/Electronic Manufacturing",,,"South Reno area)",Reno,NV," 89521"
1970-01-01,"Production Lead","Valley Services Electronics (VSE)",vse.com,"Electrical/Electronic Manufacturing",,,"South Reno area)",Reno,NV," 89521"
1970-01-01,"Area Manager (FT)","WIS International",wisintl.com,Retail,"$45,000 - $55,000 a year",,,Reno,NV,""
1970-01-01,"General Manager (GM)","UFC Gym Reno",,,,,"South Central area)",Reno,NV," 89509"
1970-01-01,"Transportation Manager","TLS Supply Chain Solutions",,,,,"Old Northwest - West University area)",Reno,NV," 89557"
1970-01-01,"IT Technician","i-80 Gold Corp/Premier Gold Mines USA, Inc.",,,,,"East Reno area)",Reno,NV," 89502"
1970-01-01,"Production Manager","Valley Services Electronics (VSE)",vse.com,"Electrical/Electronic Manufacturing",,,"South Reno area)",Reno,NV," 89521"
1970-01-01,"Warehouse Manager","TLS Supply Chain Solutions",,,,,"Old Northwest - West University area)",Reno,NV," 89557"
1970-01-01,"Sales Manager","TLS Supply Chain Solutions",,,,,"Old Northwest - West University area)",Reno,NV," 89557"
1970-01-01,"Project Manager","Martin Harris Construction",martinharris.com,Construction,,,,Reno,NV,""
1970-01-01,"Quality Inspector Lead","Valley Services Electronics (VSE)",vse.com,"Electrical/Electronic Manufacturing",,,"South Reno area)",Reno,NV," 89521"
1970-01-01,"Receiving Inspector","Valley Services Electronics (VSE)",vse.com,"Electrical/Electronic Manufacturing",,,"South Reno area)",Reno,NV," 89521"
1970-01-01,"Shipping Supervisor","Valley Services Electronics (VSE)",vse.com,"Electrical/Electronic Manufacturing",,,"South Reno area)",Reno,NV," 89521"
1970-01-01,"Test Technician II","Valley Services Electronics (VSE)",vse.com,"Electrical/Electronic Manufacturing",,,"South Reno area)",Reno,NV," 89521"
1970-01-01,"Real Estate Managing Broker","Found It",myfoundit.com,"Consumer Services",,,,Reno,NV,""
1970-01-01,"Maintenance Technician","MG Properties Group",mgproperties.com,"Real Estate",,,"South Reno area)",Reno,NV," 89511"
1970-01-01,"Virtual Psychologist or LCSW (CA License Required)","One Medical",onemedical.com,"Hospital & Health Care",,Remote,,"Remote in Reno",NV,""
1970-01-01,"Commercial Lines Account Manager - Construction","InterWest Insurance Services",iwins.com,Insurance,,,"Southwest area)",Reno,NV," 89501"
1970-01-01,"Quality Assurance Inspector","VEKA West Inc",vekainc.com,"Building Materials",,,"North Valleys area)",Reno,NV," 89506"
1970-01-01,"Clinical Fellowship - Speech Language Pathologist","Capability Health and Human Services",capabilityhealth.org,"Hospital & Health Care","$90,000 a year",,,Reno,NV,""
1970-01-01,Superintendent,CRBR,cleanrite-buildrite.com,"Consumer Goods","$60,000 - $70,000 a year",,"East Reno area)",Reno,NV," 89502"
1970-01-01,"Virtual Psychologist or LCSW (CA License Required)","One Medical",onemedical.com,"Hospital & Health Care",,Remote,,"Remote in Reno",NV,""
1970-01-01,"Quality Assurance Inspector","VEKA West Inc",vekainc.com,"Building Materials",,,"North Valleys area)",Reno,NV," 89506"
1970-01-01,"Commercial Lines Account Manager - Construction","InterWest Insurance Services",iwins.com,Insurance,,,"Southwest area)",Reno,NV," 89501"
1970-01-01,"Clinical Fellowship - Speech Language Pathologist","Capability Health and Human Services",capabilityhealth.org,"Hospital & Health Care","$90,000 a year",,,Reno,NV,""
1970-01-01,"Financial Services Professional (management fast track- MBA...","New York Life",experiencehfs.com,,,,,Reno,NV,""
1970-01-01,"Heavy Equipment Operator","Probst Electric",probstelectric.com,Construction,"$36.88 - $56.41 an hour",,,Reno,NV,""
1970-01-01,"Technical Delivery Manager",inLumon,inlumon.com,"Computer Software",,Remote,,"Remote in Reno",NV,""
1970-01-01,"Controls Technician","Charles River Laboratories",criver.com,Biotechnology,"$30 an hour",,,Reno,NV," 89511"
1970-01-01,"Warehouse Supervisor","ALS Global",alsglobal.eu,,,,"East Reno area)",Reno,NV," 89502"
1970-01-01,"Mining Sales Manager","MRC Corp",,,"$90,000 - $120,000 a year",,,Reno,NV," 89441"
1970-01-01,"Business Development Sales Executive","Business Health Services",bhsonline.com,"Mental Health Care",,Remote,,"Remote in Reno",NV,""
1970-01-01,"Manager, External Financial Reporting","Muse Inc",museinc.com,,"$110,000 - $120,000 a year",,,Reno,NV," 89511"
1970-01-01,"RN Clinical Supervisor","CompassionCare Hospice",compassioncarenevada.com,"Hospital & Health Care",,,"Northeast area)",Reno,NV," 89501"
1970-01-01,Accountant,"Renfield Manufacturing",,,,,"Reno-Tahoe International Airport area)",Reno,NV," 89502"
1970-01-01,"Flight Nurse (Float)","REACH Medical Holdings",,,,,"Reno-Tahoe International Airport area)",Reno,NV," 89502"
1970-01-01,"Experienced Pool Maintenance Technician","America's Swimming Pool Co. - Reno",,,"$19 - $30 an hour",,,Reno,NV," 89521"
1970-01-01,"Human Resources Manager","Reno Behavioral Healthcare Hospital",renobehavioral.com,"Mental Health Care",,,"East Reno area)",Reno,NV," 89511"
1970-01-01,"Clinical Educator - Non-Exempt - SMRMC In-service Education","Prime Healthcare",primehealthcare.com,"Hospital & Health Care",,,"Old Northwest - West University area)",Reno,NV," 89503"
1970-01-01,"Ops Manager - Station","FedEx Ground Careers US",,,"$44,720 - $74,984 a year",,,Reno,NV,""
1970-01-01,"Ops Manager - Station","FedEx Ground Careers US",,,"$44,720 - $74,984 a year",,,Reno,NV,""
1970-01-01,"Industrial Technologies Part-Time Instructor Pool","Truckee Meadows Community College",tmcc.edu,"Higher Education",,,"Northeast area)",Reno,NV," 89512"
1970-01-01,"Accounting Associate",Cozymeal,cozymeal.com,Internet,,Remote,,"Remote in Reno",NV,""
1970-01-01,"Real Estate Managing Broker","Found It",myfoundit.com,"Consumer Services",,,,Reno,NV,""
1970-01-01,"(Web) Product Manager",Cozymeal,cozymeal.com,Internet,,Remote,,"Remote in Reno",NV,""
1970-01-01,Superintendent,"Dennis Banks Construction",dbcreno.com,Construction,"$32.00 - $42.50 an hour",,,Reno,NV,""
1970-01-01,"Summer Outdoor Educator","Truckee Meadows Parks Foundation",tmparksfoundation.org,"Environmental Services","$300 - $450 a week",,"Southwest area)",Reno,NV," 89509"
1970-01-01,"Food & Beverage Server - Full Time","Rio Secco Golf Club",riosecco.com,Sports,,,"Westgate area)",Henderson,NV," 89052"
1970-01-01,"Custodial Specialist","McCarran International Airport",mccarran.com,Airlines/Aviation,"$17.35 - $26.85 an hour",,"Westgate area)",Henderson,NV," 89052"
1970-01-01,"District Manager - Las Vegas",GameStop,gamestop.com,Retail,,,"Foothills area)",Henderson,NV," 89015"
1970-01-01,"Resident Care Coordinator","Vineyard Henderson",vineyardhenderson.com,,,,"Westgate area)",Henderson,NV," 89052"
1970-01-01,"Technical Helpdesk - Microsoft - Full Time - REMOTE - Las Ve...","Mural Consulting",mural.cloud,"Information Technology & Services","$16.25 - $19.00 an hour",Remote,,"Remote in Henderson",NV,""
1970-01-01,"STORE - Store Manager Henderson NV",rue21,rue21.com,Retail,,,"Whitney Ranch area)",Henderson,NV," 89014"
1970-01-01,"Security Specialist III","FedEx Express",fedex.com,"Logistics & Supply Chain",,,"West Henderson area)",Henderson,NV," 89044"
1970-01-01,"Warehouse Supervisor #142598","Schenker, Inc.",,,"$70,000 - $80,000 a year",,,Henderson,NV,""
1970-01-01,"Collections Supervisor","Mechanics Bank",mechanicsbank.com,Banking,,,,Henderson,NV,""
1970-01-01,"Clinical Educator NICU","HCA Healthcare",ca-valdefrance.fr,Banking,"$98,862 - $148,304 a year",,,Henderson,NV," 89014"
1970-01-01,"Division Pediatric Professional Development Educator","HCA Healthcare",ca-valdefrance.fr,Banking,"$98,862 - $148,304 a year",,,Henderson,NV," 89014"
1970-01-01,"Prior Authorization RN","P3 Health Group Management,LLC",,,,Remote,,"Remote in Henderson",NV," 89074"
1970-01-01,"Custodial Specialist","Clark County Department of Aviation",,,,,"Valley View area)",Henderson,NV," 89002"
1970-01-01,"Human Resources Generalist","Precision Castparts Corp.",precast.com,"Aviation & Aerospace",,,,Henderson,NV,""
1970-01-01,"Experienced Claims Adjuster",Progressive,progressivepartnership.co.uk,"Market Research","$62,000 - $80,000 a year",,"Green Valley Ranch area)",Henderson,NV,""
1970-01-01,"DIGITAL CONTENT MANAGER - KVVU","Gray Television",gray.tv,"Broadcast Media",,,"Whitney Ranch area)",Henderson,NV," 89014"
1970-01-01,"Revenue Cycle Billing Specialist","P3 Health Group Management,LLC",,,,,"Green Valley South area)",Henderson,NV," 89074"
1970-01-01,"MEP Cost Estimator","O'Connor Construction Management, Inc.",ocmi.com,Construction,,,"Macdonald Ranch area)",Henderson,NV," 89012"
1970-01-01,"High Commission Sales Consultant- Luxury Swimming Pools","Anthony & Sylvan Pools",anthonysylvan.com,Construction,,,"Westgate area)",Henderson,NV," 89052"
1970-01-01,"Maintenance Supervisor","Cushman & Wakefield",cushwake-ni.com,"Commercial Real Estate",,,,Henderson,NV,""
1970-01-01,"Advanced Practice Nurse Practitioner APRN, Associate","Pacific Dental Services",pacden.com,,,,"Townsite area)",Henderson,NV," 89015"
1970-01-01,"Transport Driver - Heavy","Cashman Equipment",cashmanequipment.com,Machinery,,,"Westgate area)",Henderson,NV," 89052"
1970-01-01,"General Manager","El Pollo Loco",elpolloloco.com,Restaurants,,,,Henderson,NV,""
1970-01-01,"Multifamily-Assistant Project Manager - Las Vegas","D.R. Horton",drhorton.com,Construction,,,,Henderson,NV,""
1970-01-01,"Clinical Educator Medical Surgical","HCA Healthcare",ca-valdefrance.fr,Banking,"$98,862 - $148,304 a year",,,Henderson,NV," 89014"
1970-01-01,"Warehouse Supervisor #142596","Schenker, Inc.",,,"$70,000 - $80,000 a year",,,Henderson,NV,""
1970-01-01,"General Manager","Hilton Lake Las Vegas",,,"$150,000 - $170,000 a year",,"Lake Las Vegas area)",Henderson,NV," 89011"
1970-01-01,"Front Office Manager","Hampton Inn & Suites Las Vegas - Henderson",,,"up to $48,000 a year",,"Whitney Ranch area)",Henderson,NV," 89014"
1970-01-01,"Receptionist/Administrative Assistant","Watkins & Letofsky, LLP",,,"$15 - $20 an hour",,"Green Valley South area)",Henderson,NV," 89074"
1970-01-01,"Property Manager",PSDM,pacificasdmanagement.com,"Real Estate","$48,000 - $58,000 a year",,"Green Valley North area)",Henderson,NV," 89014"
1970-01-01,"Benefit Advisor - Medicare","National General Insurance",nationalgeneral.com,Insurance,"$15 an hour",,,Henderson,NV,""
1970-01-01,"Project Manager Assistant","Apogee Consulting Group PA",,,,,"Green Valley South area)",Henderson,NV," 89074"
1970-01-01,"Customer Care Specialist","Progistics Distribution",,,"$16 - $21 an hour",,"Green Valley South area)",Henderson,NV," 89074"
1970-01-01,"Commercial Sales Rep","ServiceMaster Restoration by EMT 9673",drylasvegas.com,"Environmental Services","from $300,000 a year",,"Lake Las Vegas area)",Henderson,NV," 89011"
1970-01-01,"Construction General Manager","Pacific Bath Company",,,"$120,000 a year",,"Midway area)",Henderson,NV," 89011"
1970-01-01,"Pre - Services Coordinator - Stephanie Clinic","Comprehensive Cancer Centers of Nevada",cccnevada.com,"Hospital & Health Care",,,"Green Valley South area)",Henderson,NV," 89074"
1970-01-01,"Prior Authorizations/Insurance Benefits Coordinator","Desert Gastroenterology Assoc",desertgastroenterology.com,,"$16 - $19 an hour",,"Green Valley South area)",Henderson,NV," 89074"
1970-01-01,"Residential Garage Door Service Technician","Miner, LTD",minercorp.com,"Facilities Services",,,"Lake Las Vegas area)",Henderson,NV," 89011"
1970-01-01,"Accounting / Data Entry","Aire Serv of Las Vegas",,,"$16 - $20 an hour",,"Midway area)",Henderson,NV," 89011"
1970-01-01,"Investor Reporting Quantitative Analyst - Entry Level","Preferred Mortgage Services",pmsi.me,"Financial Services",,,"Westgate area)",Henderson,NV," 89052"
1970-01-01,"Lead Nurse Practitioner","Brisk Health",briskhealth.com,"Hospital & Health Care",,,"Green Valley South area)",Henderson,NV," 89074"
1970-01-01,"Warehouse Production Manager (FT)",Growve,growve.com,"Health, Wellness & Fitness",,,,Henderson,NV,""
1970-01-01,"Journeyman Substation Foreman","Forbes Bros Ltd.",forbesbrosgroup.com,Construction,,,"Valley View area)",Henderson,NV," 89002"
1970-01-01,"Direct Insurance Sales OR Service - Property & Casualty - Re...","Patra Corp",patracorp.com,Insurance,,Remote,,"Remote in Henderson",NV," 89002"
1970-01-01,"Warehouse Production Supervisor (FT)",Growve,growve.com,"Health, Wellness & Fitness",,,,Henderson,NV,""
1970-01-01,"Service Quoting and Estimating Specialist","Cashman Equipment",cashmanequipment.com,Machinery,,,"Westgate area)",Henderson,NV," 89052"
1970-01-01,"Real Estate Managing Broker","Found It",myfoundit.com,"Consumer Services",,,,Henderson,NV,""
1970-01-01,"Maintenance Technician - Swing","ProCaps Laboratories",procapslabs.com,"Health, Wellness & Fitness",,,"Lake Las Vegas area)",Henderson,NV," 89011"
1970-01-01,"Architectural/Engineering Project Manager","Apogee Consulting Group PA",,,,,"Green Valley South area)",Henderson,NV," 89074"
1970-01-01,"Welding Technician","Miner, LTD",minercorp.com,"Facilities Services",,,"Lake Las Vegas area)",Henderson,NV," 89011"
1970-01-01,"Quality Assurance Auditor - Swing","ProCaps Laboratories",procapslabs.com,"Health, Wellness & Fitness",,,"Lake Las Vegas area)",Henderson,NV," 89011"
1970-01-01,"Advanced Practice Nurse Practitioner APRN, Associate","Pacific Dental Services",pacden.com,,,,"Townsite area)",Henderson,NV," 89015"
1970-01-01,"Accounting / Data Entry","Aire Serv",,,"$16 - $20 an hour",,"Lake Las Vegas area)",Henderson,NV," 89011"
1970-01-01,"In-Store eCommerce Associate","Sportsman's Warehouse",sportsmans.com,Retail,,,"Whitney Ranch area)",Henderson,NV," 89014"
1970-01-01,"Event Technical Lead, Audio Visual - M Resort","Encore Global",encoreglobal.com,"Events Services",,,,Henderson,NV,""
1970-01-01,"Healthcare Scheduler- Part Time","Banner Health",bannerhealth.com,"Hospital & Health Care",,Remote,,"Remote in Henderson",NV," 89044"
1970-01-01,"Instruction Manager","The Pad Climbing",thepadclimbing.org,"Consumer Services","$15 an hour",,"Midway area)",Henderson,NV," 89011"
1970-01-01,"Lead Nurse Practitioner","Brisk Health",briskhealth.com,"Hospital & Health Care",,,"Green Valley South area)",Henderson,NV," 89074"
1970-01-01,"Real Estate Managing Broker","Found It",myfoundit.com,"Consumer Services",,,,Henderson,NV,""
