DATE,"Job Title",Company,Website,Industry,Salary,Remote,AREA,City,State,"Zip Code"
26-02-2022,"Expense Processor","Plus Relocation",plusrelocation.com,"Human Resources","$32.7K ? $41.5K a year",Remote,,"Remote in Minneapolis",MN,""
27-02-2022,"Customer Service Account Manager",Carrier,carrierenterprise.com,"Building Materials","$55,000 - $65,000 a year",,,Minneapolis,MN,"55438"
26-02-2022,"Customer Service Representative - Mortgage Origination (Remo...",Leidos,opera.org.au,"Performing Arts",,Remote,,"Remote in Minneapolis",MN,""
26-02-2022,"Technical Analyst I/II","Federal Reserve Bank of Minneapolis",minneapolisfed.org,Banking,"$48.1K ? $60.9K a year",,"North Loop area",Minneapolis,MN,"55401"
27-02-2022,"Administrative Assistant","Allina Health System",allinahealth.org,"Hospital & Health Care","$32.2K ? $40.8K a year",,,Minneapolis,MN,""
25-02-2022,"District Sales Manager (SalonCentric Field Sales) - Minneapo...",SalonCentric,saloncentric.com,Wholesale,,,,Minneapolis,MN,""
26-02-2022,"Business Strategy Associate",RBC,rbc.com,Banking,,,"Downtown West area",Minneapolis,MN,"55401"
26-02-2022,"Procurement Operations Project Manager - 4156493",Accenture,cazoodle.com,"Computer Software",,Remote,,"Remote in Minneapolis",MN,""
26-02-2022,"Store Communications Specialist","G-III LEATHER FASHIONS",,,"$45.6K ? $57.8K a year",,,Minneapolis,MN,"55428"
26-02-2022,"Asst. Front Office Manager","NFI Industries",nfiindustries.com,"Logistics & Supply Chain",,,"Ventura Village area",Minneapolis,MN,"55404"
26-02-2022,"Customer Service Representative - Mortgage Origination (Remo...",Leidos,opera.org.au,"Performing Arts",,Remote,,"Remote in Minneapolis",MN,""
26-02-2022,"Financial Analyst III/IV, FMG","Federal Reserve Bank of Minneapolis",minneapolisfed.org,Banking,,,"North Loop area",Minneapolis,MN,"55401"
26-02-2022,"Maintenance Technician","Jones-Harrison Residence",,,"$37.6K ? $47.6K a year",,"Cedar-Isles-Dean area",Minneapolis,MN,"55416"
26-02-2022,"Analyst, Sustainability-(Full time Remote or Hybrid)",TARGET,target.com,Retail,,Remote,,"Remote in Minneapolis",MN,""
26-02-2022,"Service Services Specialist",Deloitte,deloitte.com,"Management Consulting",,,"Downtown West area",Minneapolis,MN,"55402"
26-02-2022,"Supervisor Patient Order Management","Tactile Medical",tactilemedical.com,"Medical Devices","$44.5K ? $56.3K a year",,"Bryn Mawr area",Minneapolis,MN,"55416"
26-02-2022,"Analyst, Account Management, Roundel",TARGET,target.com,Retail,,,"Downtown West area",Minneapolis,MN,"55403"
26-02-2022,"RN House Supervisor (Full-Time)","Jones-Harrison Residence",,,"$37 - $43 an hour",,"Cedar-Isles-Dean area",Minneapolis,MN,"55416"
26-02-2022,"Case MGR (27358)","Lutheran Social Service of Minnesota",lssmn.org,"Nonprofit Organization Management","$40,000 - $42,000 a year",,,Minneapolis,MN,""
26-02-2022,"Operations Coordinator","University of Minnesota",,,"$41,000 - $46,000 a year",,,Minneapolis,MN,""
26-02-2022,"SIOP Data Specialist",Bio-techne,bio-techne.com,Biotechnology,,,"Southeast Como area",Minneapolis,MN,"55413"
26-02-2022,"Regional Sales Manager-Itamar Medical","Zoll Circulation Inc.",,,,Remote,,"Remote in Minneapolis",MN,""
25-02-2022,"Brand Analyst - L'Or?al Paris, Target",L'Oreal,loreal.sg,,,,,Minneapolis,MN,""
26-02-2022,"HR Manager","DELUXE CORPORATION",deluxe.com,"Information Technology & Services",,,,Minneapolis,MN,""
26-02-2022,"Project Manager","Exela Technologies Inc.",exelatech.com,"Information Technology & Services","$59.2K ? $75K a year",,,Minneapolis,MN,""
26-02-2022,"Health Research Recruitment Specialist","University of Minnesota",,,,,,Minneapolis,MN,""
27-02-2022,"Sales Representative",Graybar,graybar.com,Wholesale,,,,Minneapolis,MN,""
26-02-2022,"GSSP Coordinator","University of Minnesota",,,"$54,000 - $55,000 a year",,,Minneapolis,MN,""
26-02-2022,"Grant & Contract Officer 1 - Pre-Award","University of Minnesota",,,,,,Minneapolis,MN,""
25-02-2022,"Brand Analyst - L'Or?al Paris, Target",L'Oreal,loreal.sg,,,,,Minneapolis,MN,""
27-02-2022,"Executive Director","Center for Veterans Research and Education",cvre.org,"Nonprofit Organization Management",,,"Wenonah area",Minneapolis,MN,"55417"
27-02-2022,"Accounting Analyst","DELUXE CORPORATION",deluxe.com,"Information Technology & Services",,,,Minneapolis,MN,""
26-02-2022,"Manager, Customer Success- Mid-Market",Numerator,numerator.com,"Market Research","$87.2K ? $110K a year",Remote,,"Remote in Minneapolis",MN,""
26-02-2022,"Food & Beverage Supervisor","NFI Industries",nfiindustries.com,"Logistics & Supply Chain",,,"Ventura Village area",Minneapolis,MN,"55404"
26-02-2022,"Recruiter - Home Lending Sales","WELLS FARGO BANK",wellsfargo.com,"Financial Services",,,,Minneapolis,MN,""
26-02-2022,"Finance Analyst - Strategic Capital","WELLS FARGO BANK",wellsfargo.com,"Financial Services",,,,Minneapolis,MN,""
26-02-2022,"Executive Housekeeper","NFI Industries",nfiindustries.com,"Logistics & Supply Chain",,,"Ventura Village area",Minneapolis,MN,"55404"
27-02-2022,"Lead Strategy & Planning Consultant","WELLS FARGO BANK",wellsfargo.com,"Financial Services",,,,Minneapolis,MN,""
26-02-2022,"Health Equity Program Manager","Fairview Health Services",fairview.org,"Hospital & Health Care",,,"Cedar-Riverside area",Minneapolis,MN,"55454"
26-02-2022,"Patient Care Supervisor - Emergency Department","Allina Health System",allinahealth.org,"Hospital & Health Care",,,,Minneapolis,MN,""
27-02-2022,"Brand Strategist","TOP Agency",topagency.com,"Marketing & Advertising","$66.2K ? $83.8K a year",,,Minneapolis,MN,""
25-02-2022,"Commercial Associate - Middle Market (Minneapolis, MN)","Bank of America",appianrx.com,"Hospital & Health Care",,,"Downtown West area",Minneapolis,MN,"55402"
26-02-2022,"Customer Survey Management Consultant (Business Execution Co...","WELLS FARGO BANK",wellsfargo.com,"Financial Services",,,,Minneapolis,MN,""
27-02-2022,"Lead Compensation Consultant Incentive Plan Design","WELLS FARGO BANK",wellsfargo.com,"Financial Services",,,,Minneapolis,MN,""
26-02-2022,"Youth Support Program Manager","YMCA of the North",ymcanorth.org,"Nonprofit Organization Management",,,"Holland area",Minneapolis,MN,"55418"
28-02-2022,"Product Designer, Ava & Viv",TARGET,target.com,Retail,,,"Downtown West area",Minneapolis,MN,"55403"
28-02-2022,"Website Producer","TOP Agency",topagency.com,"Marketing & Advertising",,,,Minneapolis,MN,""
27-02-2022,"Lead Business Partner, Store Fulfillment Operations ? Field...",TARGET,target.com,Retail,,Remote,,"Remote in Minneapolis",MN,""
26-02-2022,"Director PBM Pricing Strategies/Rebate Analysis",Anthem,anthem.com,Insurance,"$128K ? $162K a year",,,Minneapolis,MN,"55416"
27-02-2022,"Lead Compliance Officer - Privacy Personal Data","WELLS FARGO BANK",wellsfargo.com,"Financial Services",,,,Minneapolis,MN,""
26-02-2022,"Local Marketing Manager","Regis Corporation",regiscorp.com,"Consumer Services",,,"Bryn Mawr area",Minneapolis,MN,"55416"
26-02-2022,"Lead Control Management Officer - Policy and Governance","WELLS FARGO BANK",wellsfargo.com,"Financial Services",,,,Minneapolis,MN,""
26-02-2022,"Care Manager RN",Actalent,actalentagency.com,,"From $40 an hour",,,Minneapolis,MN,""
28-02-2022,"Influencer Marketing Manager","TOP Agency",topagency.com,"Marketing & Advertising","$64.2K ? $81.4K a year",,,Minneapolis,MN,""
26-02-2022,"Medical Project Management / AV Customer Service - Minneapol...","KARL STORZ",karlstorz.com,"Medical Devices","$46.2K ? $58.4K a year",,,Minneapolis,MN,""
27-02-2022,"Lead Learning and Development Specialist-A&A Curriculum Deve...",Deloitte,deloitte.com,"Management Consulting",,,"Downtown West area",Minneapolis,MN,"55402"
26-02-2022,"Art Director- Deloitte?s Green Dot Agency",Deloitte,deloitte.com,"Management Consulting",,,"Downtown West area",Minneapolis,MN,"55402"
26-02-2022,"Client Director - Customer Success",NielsenIQ,,,,,,Minneapolis,MN,""
26-02-2022,"Claims Representative - Liability",Sedgwick,sedgwick.com,Insurance,,,,Minneapolis,MN,""
26-02-2022,"Credit Analyst","U.S. Bank",whitefortcapital.com,,,,,Minneapolis,MN,""
26-02-2022,"Technology Business Systems Consultant","Wells Fargo",climaticsolar.com,"Environmental Services",,,,Minneapolis,MN,""
27-02-2022,"Floor Plan Auditor-Dealer Commercial Loan Services","JPMorgan Chase Bank, N.A.",chase.com,"Financial Services",,,"Downtown West area",Minneapolis,MN,"55402"
27-02-2022,"Data Governance and Quality Analytics & Cognitive",Deloitte,deloitte.com,"Management Consulting",,,"Downtown West area",Minneapolis,MN,"55402"
26-02-2022,"Lead Analytics Consultant Customer Analytics","WELLS FARGO BANK",wellsfargo.com,"Financial Services",,,,Minneapolis,MN,""
25-02-2022,"District Sales Manager (SalonCentric Field Sales) - Minneapo...",SalonCentric,saloncentric.com,Wholesale,,,,Minneapolis,MN,""
26-02-2022,"RN Clinical Educator/Staff Development","Jones-Harrison Residence",,,,,"Cedar-Isles-Dean area",Minneapolis,MN,"55416"
26-02-2022,"Process Improvement Consultant","Xcel Energy",xcelenergy.com,Utilities,"$77,000 - $109,666 a year",,"North Loop area",Minneapolis,MN,"55401"
27-02-2022,"Data Governance and Quality Analytics & Cognitive",Deloitte,deloitte.com,"Management Consulting",,,"Downtown West area",Minneapolis,MN,"55402"
27-02-2022,"Ultra/High Net Worth & Institutional Consultant (Business Gr...","WELLS FARGO BANK",wellsfargo.com,"Financial Services",,,"Downtown West area",Minneapolis,MN,"55402"
26-02-2022,"Technical Advisor - ResDAC (Researcher 5)","University of Minnesota",,,,Remote,,"Hybrid remote in Minneapolis",MN,""
27-02-2022,"Healthcare Consulting - HR Strategy and Solutions-Manager",Deloitte,deloitte.com,"Management Consulting",,,"Downtown West area",Minneapolis,MN,"55402"
26-02-2022,"Lead Compliance Officer, Conduct Risk Outside Business Activ...","WELLS FARGO BANK",wellsfargo.com,"Financial Services",,,,Minneapolis,MN,""
26-02-2022,"Maintenance Supervisor","Cushman & Wakefield",cushwake-ni.com,"Commercial Real Estate",,,,Minneapolis,MN,"55431"
26-02-2022,"Digital Imaging in Pathology","University of Minnesota",,,"$60,000 - $70,000 a year",,,Minneapolis,MN,""
27-02-2022,"Marketing Strategist","TOP Agency",topagency.com,"Marketing & Advertising","$56K ? $71K a year",,,Minneapolis,MN,""
26-02-2022,"System Automation Consultant","SPS COMMERCE",spscommerce.com,"Information Technology & Services","$53K ? $67K a year",,"Downtown West area",Minneapolis,MN,"55402"
26-02-2022,"Project Manager - Genome Engineering",Bio-techne,bio-techne.com,Biotechnology,,,"Southeast Como area",Minneapolis,MN,"55413"
26-02-2022,"Analyst, Affiliate Marketing","Ovative Group, LLC",ovative.com,"Marketing & Advertising",,,"North Loop area",Minneapolis,MN,"55401"
27-02-2022,"Lead Analyst, S&OP - Stores & Sortation Centers Forecasting...",TARGET,target.com,Retail,,Remote,,"Remote in Minneapolis",MN,""
26-02-2022,"Oracle North America Market Developer",Accenture,cazoodle.com,"Computer Software",,,,Minneapolis,MN,""
26-02-2022,"Group Manager, Medical Device",Actalent,actalentagency.com,,,,,Minneapolis,MN,""
28-02-2022,"Branch Manager (Network Expansion - New Build) - Highway 23...","JPMorgan Chase Bank, N.A.",chase.com,"Financial Services",,,"Downtown West area",Minneapolis,MN,"55402"
27-02-2022,"Digital Strategist","TOP Agency",topagency.com,"Marketing & Advertising","$61.8K ? $78.2K a year",,,Minneapolis,MN,""
26-02-2022,"Education Program Manager 3","University of Minnesota",,,,,,Minneapolis,MN,""
27-02-2022,"Cisco Desktop Developer",Deloitte,deloitte.com,"Management Consulting",,,"Downtown West area",Minneapolis,MN,"55402"
26-02-2022,"Named Account Manager SLED",Fortinet,fortinet.com,"Computer & Network Security",,,,Minneapolis,MN,""
26-02-2022,"Securities Operations Representative - Domestic Trade Settle...","Wells Fargo",climaticsolar.com,"Environmental Services",,,,Minneapolis,MN,""
26-02-2022,"HIV Education Coordinator","University of Minnesota",,,"$55,000 - $64,000 a year",Remote,,"Remote in Minneapolis",MN,""
26-02-2022,"Inside Sales Representative",Graybar,graybar.com,Wholesale,,,,Minneapolis,MN,""
28-02-2022,"Credit Risk Specialist","WELLS FARGO BANK",wellsfargo.com,"Financial Services",,,,Minneapolis,MN,""
26-02-2022,"Securities Operations Representative - Trade Settlement Exce...","Wells Fargo",climaticsolar.com,"Environmental Services",,,"Downtown West area",Minneapolis,MN,""
27-02-2022,"Lead Business Systems Analyst - DAS HXM",Deloitte,deloitte.com,"Management Consulting",,,"Downtown West area",Minneapolis,MN,"55402"
26-02-2022,"Director of Nursing (DON)","Jones-Harrison Residence",,,,,"Cedar-Isles-Dean area",Minneapolis,MN,"55416"
25-02-2022,"PLM Tools/Teamcenter/Wind Chill Specialist-Location Open",Deloitte,deloitte.com,"Management Consulting",,,"Downtown West area",Minneapolis,MN,"55402"
27-02-2022,"Salesforce Solutions Specialist - Location Open",Deloitte,deloitte.com,"Management Consulting",,,"Downtown West area",Minneapolis,MN,"55402"
26-02-2022,"Treasury Accountant | Hybrid","Allianz US Life",allianzlife.com,Insurance,"$54.4K ? $68.8K a year",,,Minneapolis,MN,"55416"
26-02-2022,"Oracle Revenue Management and Billing Specialist-Location Op...",Deloitte,deloitte.com,"Management Consulting",,,"Downtown West area",Minneapolis,MN,"55402"
26-02-2022,"Lead Analytics Consultant","WELLS FARGO BANK",wellsfargo.com,"Financial Services",,,,Minneapolis,MN,""
27-02-2022,"Business Development Manager - Twin Cities (Salaried/Regiona...","Hanger Inc.",hanger.com,"Medical Practice",,,"Southeast Como area",Minneapolis,MN,"55414"
27-02-2022,"Thought Leader Liaison, Oncology - Solid Tumor, Breast, Uppe...","Sanofi US",,,,,,Minneapolis,MN,""
26-02-2022,"Workday Project Manager","Greenberg Traurig",gtlaw.com,"Law Practice",,,"Downtown West area",Minneapolis,MN,"55402"
25-02-2022,"SAP BPC Consultant",Deloitte,deloitte.com,"Management Consulting",,,"Downtown West area",Minneapolis,MN,"55402"
26-02-2022,"RN Care Coordinator (Pain Management) - 1.0 FTE","University of Minnesota Physicians",mphysicians.org,"Hospital & Health Care",,,"Prospect Park area",Minneapolis,MN,"55455"
26-02-2022,"Data & AI Architect (Power BI)",Concurrency,concurrency.com,"Information Technology & Services","$117K ? $148K a year",,,Minneapolis,MN,""
25-02-2022,"Manager, Affiliate Marketing","Ovative Group, LLC",ovative.com,"Marketing & Advertising",,,"North Loop area",Minneapolis,MN,"55401"
27-02-2022,"Product Manager - Advice and Planning Client Reporting","WELLS FARGO BANK",wellsfargo.com,"Financial Services",,,,Minneapolis,MN,""
25-02-2022,"Workday Student Integrations Manager",Deloitte,deloitte.com,"Management Consulting",,,"Downtown West area",Minneapolis,MN,"55402"
26-02-2022,"Hospice RN Case Manager, Northeast","Allina Health System",allinahealth.org,"Hospital & Health Care",,,,Minneapolis,MN,""
26-02-2022,"911 Supervisor","Minnesota City Jobs",lmc.org,"Government Relations","$51K ? $64.6K a year",,"North Loop area",Minneapolis,MN,"55401"
27-02-2022,"Data Modeler Solution Specialist - USDC-Location Open",Deloitte,deloitte.com,"Management Consulting",,,"Downtown West area",Minneapolis,MN,"55402"
26-02-2022,"Securities Operations Representative - Mutual Fund Trading","WELLS FARGO BANK",wellsfargo.com,"Financial Services",,,"Downtown West area",Minneapolis,MN,""
26-02-2022,"Client Solutions Manager (Marketing & Creative)","Robert Half",roberthalf.com,"Staffing & Recruiting",,,"Downtown West area",Minneapolis,MN,"55402"
28-02-2022,"Risk Analytics Consultant","WELLS FARGO BANK",wellsfargo.com,"Financial Services",,,,Minneapolis,MN,""
27-02-2022,"Sales Manager - MRO",Graybar,graybar.com,Wholesale,,,,Minneapolis,MN,""
27-02-2022,"Blockchain & Digital Assets Manager",Deloitte,deloitte.com,"Management Consulting",,,"Downtown West area",Minneapolis,MN,"55402"
26-02-2022,"Manager, Financial Planning and Analysis","Ovative Group, LLC",ovative.com,"Marketing & Advertising",,,"North Loop area",Minneapolis,MN,"55401"
26-02-2022,"Lead Control Management Officer - Policy and Governance","WELLS FARGO BANK",wellsfargo.com,"Financial Services",,,,Minneapolis,MN,""
25-02-2022,"Clinical Practice Consultant, Minneapolis, MN - Telecommute","UnitedHealth Group",unitedhealthgroup.com,"Hospital & Health Care",,Remote,,"Remote in Minneapolis",MN,""
26-02-2022,"911 Supervisor","City of Minneapolis",minneapolismn.gov,"Government Administration","$48.6K ? $61.6K a year",,"Downtown West area",Minneapolis,MN,"55415"
26-02-2022,"Y14 Controller - Commercial Real Estate Lead","WELLS FARGO BANK",wellsfargo.com,"Financial Services",,,,Minneapolis,MN,""
26-02-2022,"Assistant Crane Operator/Roofer","Flynn Group of Companies",flynncompanies.com,Construction,"$20.90 - $40.20 an hour",,,Minneapolis,MN,""
26-02-2022,"Branch Director - Minneapolis","Robert Half",roberthalf.com,"Staffing & Recruiting",,,"Downtown West area",Minneapolis,MN,"55402"
26-02-2022,"Field Nurse Case Manager RN - Kidney Resource Services - Tel...","UnitedHealth Group",unitedhealthgroup.com,"Hospital & Health Care",,,,Minneapolis,MN,"55421"
27-02-2022,"Lead Business Analyst - DAS Consulting",Deloitte,deloitte.com,"Management Consulting",,,"Downtown West area",Minneapolis,MN,"55402"
28-02-2022,"React Engineering Lead","U.S. Bank",whitefortcapital.com,,,,,Minneapolis,MN,""
26-02-2022,"EDI Integration Specialist",Bio-techne,bio-techne.com,Biotechnology,,Remote,,"Remote in Minneapolis",MN,""
26-02-2022,"Converge - Creative Design Lead",Deloitte,deloitte.com,"Management Consulting",,,"Downtown West area",Minneapolis,MN,"55402"
27-02-2022,"SAP Functional Testing Expert",Deloitte,deloitte.com,"Management Consulting",,Remote,,"Remote in Minneapolis",MN,""
26-02-2022,"Converge - User Interface Design Lead",Deloitte,deloitte.com,"Management Consulting",,,"Downtown West area",Minneapolis,MN,"55402"
26-02-2022,"Low Slope Roofing Estimator (551)","ABC? Supply Co. Inc.",,,"$55.9K ? $70.7K a year",,,Minneapolis,MN,""
25-02-2022,"Smart Factory UX UI Consultant",Deloitte,deloitte.com,"Management Consulting",,,"Downtown West area",Minneapolis,MN,"55402"
26-02-2022,"Cyber SAP Security & Business Access Control Manager",Deloitte,deloitte.com,"Management Consulting",,,"Downtown West area",Minneapolis,MN,"55402"
26-02-2022,"Mgr, Technology Ops- PMO",Deloitte,deloitte.com,"Management Consulting",,,"Downtown West area",Minneapolis,MN,"55402"
27-02-2022,"SAP Fiore Developer",Deloitte,deloitte.com,"Management Consulting",,Remote,,"Remote in Minneapolis",MN,""
26-02-2022,"Software Products & Platforms Engineering Team Lead",Accenture,cazoodle.com,"Computer Software",,,,Minneapolis,MN,""
26-02-2022,"Lead Digital Product Manager, Digital Onboarding and Servici...","WELLS FARGO BANK",wellsfargo.com,"Financial Services",,,,Minneapolis,MN,""
25-02-2022,"Smart Factory Product Manager - Maintenance Solutions",Deloitte,deloitte.com,"Management Consulting",,,"Downtown West area",Minneapolis,MN,"55402"
26-02-2022,"Manager, Penetration Testing & Red Team (Remote Central US)",Mandiant,mandiant.com,"Information Technology & Services","$123K ? $156K a year",Remote,,"Remote in Minneapolis",MN,""
27-02-2022,"Generator Technician","Amerit Fleet Solutions",ameritfleetsolutions.com,Automotive,"$48.7K ? $61.7K a year",,"Seward area",Minneapolis,MN,"55406"
26-02-2022,"Regional Business Director ? Oncology ? North Central (IL, W...","Sanofi US",,,"$92.5K ? $117K a year",,,Minneapolis,MN,""
26-02-2022,"Lead Finance Analyst - Executive Reporting & Analysis - Corp...","WELLS FARGO BANK",wellsfargo.com,"Financial Services",,,,Minneapolis,MN,""
26-02-2022,"Mulesoft Architect","Cognizant Technology Solutions",cognizant.com,"Information Technology & Services",,,,Minneapolis,MN,""
25-02-2022,"Smart Factory Agile Business Analyst",Deloitte,deloitte.com,"Management Consulting",,,"Downtown West area",Minneapolis,MN,"55402"
25-02-2022,"Smart Factory Product Manager - Planning & Scheduling Soluti...",Deloitte,deloitte.com,"Management Consulting",,,"Downtown West area",Minneapolis,MN,"55402"
26-02-2022,"Regional Property Coordinator","Jim Bern Co",,,"$22 - $25 an hour",,,Minneapolis,MN,"55425"
25-02-2022,"Smart Factory UX UI Lead",Deloitte,deloitte.com,"Management Consulting",,,"Downtown West area",Minneapolis,MN,"55402"
25-02-2022,"Smart Factory Product Manager - Quality Management Solutions",Deloitte,deloitte.com,"Management Consulting",,,"Downtown West area",Minneapolis,MN,"55402"
25-02-2022,"Smart Factory Product Manager",Deloitte,deloitte.com,"Management Consulting",,,"Downtown West area",Minneapolis,MN,"55402"
25-02-2022,"Smart Factory Product Manager - IT/OT Solutions",Deloitte,deloitte.com,"Management Consulting",,,"Downtown West area",Minneapolis,MN,"55402"
28-02-2022,"Assistant Property Manager","Accesso Services LLC",,,"$25 - $30 an hour",,"Downtown West area",Minneapolis,MN,""
26-02-2022,"Customer Support Agent","DailyPay Inc",dailypay.com,"Financial Services","$18 - $21 an hour",,,Minneapolis,MN,""
26-02-2022,"Youth Program Coordinator, Food Systems","Pillsbury United Communities",pillsburyunited.org,"Nonprofit Organization Management","$21 - $23 an hour",,"Ventura Village area",Minneapolis,MN,"55404"
28-02-2022,"Sub-Contractor Recruiter","Interior Logic Group",interiorlogicgroup.com,Design,"$59K ? $74.8K a year",,,Minneapolis,MN,""
26-02-2022,"Document Administrator","Plexus International",plexusintl.com,"Software Development & Design , Software , Training , Education  More","$40,000 - $50,000 a year",,"Windom area",Minneapolis,MN,"55419"
26-02-2022,"General Manager",Colita,,,"$65,000 - $75,000 a year",,"Armatage area",Minneapolis,MN,"55419"
27-02-2022,"Customer Account Manager","Alpha Source Inc.",alphasource.com,"Medical Devices",,Remote,,"Remote in Minneapolis",MN,""
26-02-2022,"Manager on Duty-- FREE GYM MEMBERSHIP!",EXOS,teamexos.com,"Health, Wellness & Fitness","$16 an hour",,"Northrup area",Minneapolis,MN,"55407"
27-02-2022,"Behavioral Health Medical Biller/Credentialer","BlueSky Telepsych, LLC",blueskytelepsych.com,,"From $35 an hour",,"Whittier area",Minneapolis,MN,"55404"
26-02-2022,"K-12 Program Coordinator","People Serving People",peopleservingpeople.org,"Nonprofit Organization Management","$19.75 an hour",,"Downtown East area",Minneapolis,MN,"55415"
26-02-2022,"Director of Strategic Partnerships","World Savvy",worldsavvy.org,"Education Management","$100,000 - $105,000 a year",Remote,,"Hybrid remote in Minneapolis",MN,""
26-02-2022,"Education Support Specialist","Simpson Housing Services",simpsonhousing.org,"Individual & Family Services","$40,000 - $45,000 a year",,"Bryn Mawr area",Minneapolis,MN,"55405"
26-02-2022,"Salesforce Administrator","Everlight Solar",everlightsolar.com,"Renewables & Environment","$45,000 - $50,000 a year",Remote,,"Remote in Minneapolis",MN,""
26-02-2022,"Assistant Community Manager","MV Ventures",explorevikinglakes.com,"Real Estate","$45,000 a year",,"Downtown East area",Minneapolis,MN,"55415"
26-02-2022,"Clinic RN",KHR,,,"$32 - $37 an hour",,"Willard Hay area",Minneapolis,MN,"55411"
26-02-2022,"Account Liaison - Revenue Cycle Healthcare Solutions","Elign Consulting",elignconsulting.com,"Information Technology & Services","From $65,000 a year",,,Minneapolis,MN,""
26-02-2022,"Maintenance Supervisor","CA Ventures",ca-ventures.com,"Real Estate","$65.7K ? $83.3K a year",,"Prospect Park area",Minneapolis,MN,"55414"
26-02-2022,"Regional Technology Solutions Specialist","Marsh & McLennan Agency",marshmclennanagency.com,Insurance,,Remote,,"Hybrid remote in Minneapolis",MN,""
26-02-2022,"Maintenance Technician","JONES HARRISON",jones-harrison.org,"Hospital & Health Care","$36.6K ? $46.4K a year",,"Cedar-Isles-Dean area",Minneapolis,MN,"55416"
26-02-2022,"Business Development Consultant","Northwestern Mutual",bestperformancemotorsports.com,Automotive,,,"Downtown West area",Minneapolis,MN,"55402"
27-02-2022,"Human Resources Director","Entira Family Clinics",entirafamilyclinics.com,"Medical Practice","$74.3K ? $94.1K a year",,,Minneapolis,MN,""
28-02-2022,"Regional Sales Manager (Minnesota)","Sound Agriculture",sound.ag,Research,,Remote,,"Remote in Minneapolis",MN,""
26-02-2022,"Construction Administration","MG Facility Services",,,"$32,600 - $90,000 a year",,,Minneapolis,MN,"55416"
26-02-2022,"K12 Program Coordinator","People Serving People",peopleservingpeople.org,"Nonprofit Organization Management","$19.75 an hour",,"Downtown East area",Minneapolis,MN,"55415"
26-02-2022,"E-Commerce Specialist/Manager","Soderberg's Floral & Gift",,,"$45,000 - $60,000 a year",Remote,,"Hybrid remote in Minneapolis",MN,""
26-02-2022,"Donor Coordinator","Minnesota Milk Bank for Babies",mnmilkbank.org,,"$19.00 - $20.50 an hour",,,Minneapolis,MN,"55427"
26-02-2022,"Director of Partnership","Meet Minneapolis",minneapolis.org,"Leisure, Travel & Tourism",,Remote,,"Hybrid remote in Minneapolis",MN,""
25-02-2022,"2020 Smiths Medical Job Ad (US)","Smiths Medical",smiths-medical.com,"Medical Devices",,,,Minneapolis,MN,""
26-02-2022,"RELOCATION AGENTS","ProSource Technologies, LLC",prosourcetech.com,"Real Estate","$65.9K ? $83.5K a year",,,Minneapolis,MN,"55433"
26-02-2022,"Perfect Store Manager","Jack Links Protein Snacks",jacklinks.com,"Consumer Goods",,,"Downtown West area",Minneapolis,MN,"55403"
26-02-2022,"Account Manager","Delta Dental of Minnesota",deltadentalmn.org,Insurance,,,"Downtown West area",Minneapolis,MN,"55415"
26-02-2022,"Maintenance Technician","CA Ventures",ca-ventures.com,"Real Estate","$51.1K ? $64.7K a year",,"Prospect Park area",Minneapolis,MN,"55414"
26-02-2022,"SQL Developer Entry Level","PCS GLOBAL TECH",pcsglobaltech.com,"Information Technology & Services","$60,000 - $70,000 a year",,,Minneapolis,MN,""
27-02-2022,"Controller/CFO with Entrepreneurial Mindset - CPA","Resolve Works",,,,,"East Bank-Nicollet Island area",Minneapolis,MN,"55413"
26-02-2022,"Operations Manager","Pacific Dental Services",pacden.com,,,,"Loring Park area",Minneapolis,MN,"55403"
26-02-2022,"TECHNICAL PRODUCT OWNER","Lido Labs",lidolabs.com,"Marketing & Advertising",,,"Kingfield area",Minneapolis,MN,"55409"
25-02-2022,"Area Sales Manager - Minneapolis, MN","LightForce Ortho",lightforceortho.com,"Medical Devices",,,,Minneapolis,MN,""
26-02-2022,"Outside Sales Representative - Minneapolis, Minnesota ($125...","Cirrus Systems, Inc.",cirrusled.com,"Electrical/Electronic Manufacturing","From $50,000 a year",,,Minneapolis,MN,""
26-02-2022,"Director of Development: Individual Giving, Events & Communi...","J. Murphy & Associates",jmurphyassociates.com,Fund-Raising,"$75,000 - $82,000 a year",,"Southeast Como area",Minneapolis,MN,"55413"
26-02-2022,"Branch Manager","Greenix PC",greenixpc.com,"Consumer Services","$50,000 - $65,000 a year",,,Minneapolis,MN,"55428"
26-02-2022,"Mass Torts Paralegal","Meshbesher & Spence, LTD.",,,,,"Elliot Park area",Minneapolis,MN,"55404"
26-02-2022,"Renovation Project Manager [MSP]","Imagine Homes Management",imagine-homes.com,"Real Estate","$66K ? $83.6K a year",,,Minneapolis,MN,""
28-02-2022,"Project Administrator / Project Manager <<(Remote/Hybrid Opt...","Members Cooperative Credit Union",membersccu.org,Banking,"$29.23 - $34.65 an hour",Remote,,"Remote in Minneapolis",MN,""
26-02-2022,"RN Clinical Educator/Staff Development","JONES HARRISON",jones-harrison.org,"Hospital & Health Care",,,"Cedar-Isles-Dean area",Minneapolis,MN,"55416"
26-02-2022,"Grants Finance Manager","Project for Pride in Living",ppl-inc.org,"Nonprofit Organization Management","$65,000 - $80,000 a year",,"Ventura Village area",Minneapolis,MN,"55404"
26-02-2022,"Mankato and SW MN Territory Manager (FT)","Johnstone Supply Bloomington - #103",,,,,,Minneapolis,MN,"55431"
26-02-2022,"IT BA","Elign Consulting",elignconsulting.com,"Information Technology & Services","$80K ? $101K a year",,,Minneapolis,MN,""
26-02-2022,"Internal Auditor - Minneapolis",DataAxxis,dataaxxis.com,"Financial Services","From $95,000 a year",,,Minneapolis,MN,"55450"
25-02-2022,"Information Technology Specialist (Multiple Offices)","Ballard Spahr LLP",ballardspahr.com,"Law Practice","$68.5K ? $86.7K a year",,,Minneapolis,MN,""
26-02-2022,"Operational Director- Residential Services",Dungarvin,dekra.it,"Management Consulting",,,,Minneapolis,MN,"55430"
26-02-2022,"Associate General Counsel","Scholarship America",scholarshipamerica.org,"Nonprofit Organization Management",,Remote,,"Temporarily Remote in Minneapolis",MN,""
26-02-2022,"Housing Stabilization Case Manager","RS EDEN",rseden.org,"Individual & Family Services",,,"Howe area",Minneapolis,MN,"55406"
26-02-2022,"Scrum Master","Elign Consulting",elignconsulting.com,"Information Technology & Services",,,,Minneapolis,MN,""
26-02-2022,"Advanced Procedure Specialist - Minneapolis","Applied Medical",appliedmedical.com,"Medical Devices",,,"Downtown West area",Minneapolis,MN,"55415"
26-02-2022,"VP/Regional Director Business Development - Capital Finance","Bell Bank",bell.bank,Banking,,,"Downtown West area",Minneapolis,MN,"55402"
25-02-2022,"Implementation Service Consultant- Payroll",Ceridian,cerdian.com,,"$89.2K ? $113K a year",Remote,,"Remote in Minneapolis",MN,""
26-02-2022,"Renewable Energy Asset Manager","Treehouse Management, LLC",thmngt.com,"Renewables & Environment","$64K ? $81K a year",,"Lowry Hill East area",Minneapolis,MN,"55408"
26-02-2022,"Digital Marketing Specialist","Enclave Development & Construction",enclavecompanies.com,Construction,"$47.6K ? $60.2K a year",,,Minneapolis,MN,"55416"
26-02-2022,"Field Service Technician (21-421)","IPG Photonics",ipgphotonics.com,"Electrical/Electronic Manufacturing","$53.8K ? $68.2K a year",,,Minneapolis,MN,"55421"
26-02-2022,"Maintenance Technician","CA Ventures",ca-ventures.com,"Real Estate","$51.1K ? $64.7K a year",,"Prospect Park area",Minneapolis,MN,"55414"
26-02-2022,"IT Auditor - Minneapolis",DataAxxis,dataaxxis.com,"Financial Services","From $110,000 a year",,"Near North area",Minneapolis,MN,"55411"
25-02-2022,"Traveling Superintendent, Construction","ARCO a Family of Construction Companies",arcoconstruction.com,Construction,"$83.2K ? $105K a year",,"Downtown West area",Minneapolis,MN,"55402"
26-02-2022,"Program Manager - GPMO",Ceridian,cerdian.com,,,Remote,,"Remote in Minneapolis",MN,""
26-02-2022,"Solution Architect","Elign Consulting",elignconsulting.com,"Information Technology & Services","$125K ? $159K a year",,,Minneapolis,MN,""
25-02-2022,"Director of Nursing Services DNS/DON (Willing to Relocate?)","Caldera Care",calderacare.com,,,,,Minneapolis,MN,"55111"
26-02-2022,"Quality & Risk Management Advisor","MNGI Digestive Health",mngi.com,"Medical Practice","$66.1K ? $83.7K a year",,,Minneapolis,MN,"55413"
26-02-2022,"Cloud Services Administrator - Remote","Direct Travel",dt.com,"Leisure, Travel & Tourism","$86.8K ? $110K a year",Remote,,"Remote in Minneapolis",MN,""
26-02-2022,"Associate Corporate Counsel","Westwood Professional Services",westwoodps.com,"Civil Engineering",,,,Minneapolis,MN,""
27-02-2022,"Lead Salesforce Developer - REMOTE","Gregory Laka and Company",laka.com,"Staffing & Recruiting","$85,000 - $125,000 a year",Remote,,"Remote in Minneapolis",MN,""
26-02-2022,"Marketing Manager",Calabrio,calabrio.com,"Computer Software","$85,000 - $105,000 a year",,"Downtown West area",Minneapolis,MN,"55401"
26-02-2022,"Cloud Services Administrator - Remote","Direct Travel",dt.com,"Leisure, Travel & Tourism","$86.8K ? $110K a year",Remote,,"Remote in Minneapolis",MN,""
26-02-2022,"Clinical Care Supervisor - Kidney Center","Hennepin Healthcare",hennepinhealthcare.org,"Hospital & Health Care",,,"Elliot Park area",Minneapolis,MN,"55415"
27-02-2022,"Behavioral Health Medical Biller/Credentialer","BlueSky Telepsych, LLC",blueskytelepsych.com,,"From $35 an hour",,"Whittier area",Minneapolis,MN,"55404"
26-02-2022,"Manager on Duty-- FREE GYM MEMBERSHIP!",EXOS,teamexos.com,"Health, Wellness & Fitness","$16 an hour",,"Northrup area",Minneapolis,MN,"55407"
26-02-2022,"RELOCATION AGENTS","ProSource Technologies, LLC",prosourcetech.com,"Real Estate","$65.9K ? $83.5K a year",,,Minneapolis,MN,"55433"
27-02-2022,"Controller/CFO with Entrepreneurial Mindset - CPA","Resolve Works",,,,,"East Bank-Nicollet Island area",Minneapolis,MN,"55413"
26-02-2022,"Donor Coordinator","Minnesota Milk Bank for Babies",mnmilkbank.org,,"$19.00 - $20.50 an hour",,,Minneapolis,MN,"55427"
26-02-2022,"Contract Recruiter","Baker Tilly US, LLP",,,"$55.1K ? $69.7K a year",Remote,,"Remote in Minneapolis",MN,""
26-02-2022,"Program/Project Manager",Expleo,expleogroup.com,"Information Technology & Services","$73.9K ? $93.5K a year",,,Minneapolis,MN,""
26-02-2022,"HR Project Administrator (REF9934A)","ProPharma Group",propharmagroup.com,Pharmaceuticals,"$48.5K ? $61.3K a year",,"Prospect Park area",Minneapolis,MN,"55414"
26-02-2022,"IT BA","Elign Consulting",elignconsulting.com,"Information Technology & Services","$80K ? $101K a year",,,Minneapolis,MN,""
26-02-2022,"Scrum Master","Elign Consulting",elignconsulting.com,"Information Technology & Services",,,,Minneapolis,MN,""
26-02-2022,"Solution Architect","Elign Consulting",elignconsulting.com,"Information Technology & Services","$125K ? $159K a year",,,Minneapolis,MN,""
28-02-2022,"Executive Assistant (Deputy Assistant)","State of Minnesota",mn.gov,"Government Administration","$21.59 - $31.82 an hour",Remote,,"Hybrid remote in Saint Paul",MN,""
26-02-2022,"Accounts Payable Lead Worker - Accounting Technician","State of Minnesota",mn.gov,"Government Administration","$19.97 - $28.22 an hour",,,"Saint Paul",MN,""
27-02-2022,"Lead Administrative Assistant","Bethel University",bethel.edu,"Higher Education","$38.8K ? $49.2K a year",,,"Saint Paul",MN,"55112"
26-02-2022,"Financial Inst Asst Examiner","State of Minnesota",mn.gov,"Government Administration","$23.85 - $34.82 an hour",Remote,,"Hybrid remote in Saint Paul",MN,""
25-02-2022,"Research Scientist 2","State of Minnesota",mn.gov,"Government Administration","$28.25 - $41.63 an hour",,,"Saint Paul",MN,""
28-02-2022,"Office Director - Transp Operations Manager","State of Minnesota",mn.gov,"Government Administration","$44.86 - $64.35 an hour",,,"Saint Paul",MN,""
28-02-2022,"Environmental Health Assistant Division Director","State of Minnesota",mn.gov,"Government Administration","$41.82 - $59.98 an hour",,,"Saint Paul",MN,""
25-02-2022,"Auditor Principal Supervisor","State of Minnesota",mn.gov,"Government Administration","$31.95 - $46.24 an hour",,,"Saint Paul",MN,""
26-02-2022,"GSF Client Manager","U.S. Bank",whitefortcapital.com,,,,,"Saint Paul",MN,""
26-02-2022,"E-Learning Specialist Training & Development Spec 3","State of Minnesota",mn.gov,"Government Administration","$24.63 - $36.12 an hour",,,"Saint Paul",MN,""
26-02-2022,"Manager, Customer Success- Mid-Market",Numerator,numerator.com,"Market Research","$87.2K ? $110K a year",Remote,,"Remote in Saint Paul",MN,""
25-02-2022,"Staffing Specialist - Human Resources Specialist 2","State of Minnesota",mn.gov,"Government Administration","$46,938 - $68,465 a year",,,"Saint Paul",MN,""
26-02-2022,"Director of Disability Services","Macalester College",macalester.edu,"Higher Education","$72,000 - $77,000 a year",,"Macalester-Groveland area","Saint Paul",MN,"55105"
26-02-2022,"Fiscal Policy Director - Human Services Manager 3","State of Minnesota",mn.gov,"Government Administration","$84,146 - $120,790 a year",,,"Saint Paul",MN,""
26-02-2022,"Human Resources Consultant 2- Human Resource Director","State of Minnesota",mn.gov,"Government Administration","$29.50 - $43.77 an hour",,,"Saint Paul",MN,""
26-02-2022,"Clinic Patient Access Representative","Allina Health System",allinahealth.org,"Hospital & Health Care","$31.3K ? $39.7K a year",,,"Saint Paul",MN,""
26-02-2022,"RMT Platform Owner - Wealth Management Group","Securian Financial Group",financialfocusgroup.net,"Financial Services","$83.6K ? $106K a year",,"Downtown area","Saint Paul",MN,"55101"
26-02-2022,"Sales Operations Analyst/Manager",Granicus,,,,,"West 7th area","Saint Paul",MN,"55102"
26-02-2022,"Banquet Manager","GHM INC",ghminc.com,,"$33.8K ? $42.8K a year",,"Downtown area","Saint Paul",MN,"55101"
26-02-2022,"Maintenance Tech","Real Estate Equities",reeapartments.com,"Real Estate","$18 - $24 an hour",,"Greater Eastside area","Saint Paul",MN,"55106"
26-02-2022,"Operations Manager 3","U.S. Bank",whitefortcapital.com,,,,,"Saint Paul",MN,""
26-02-2022,"Plant Superintendent","LafargeHolcim in the US",lafargeholcim.us,"Computer Software","$49.6K ? $62.8K a year",,"Dayton's Bluff area","Saint Paul",MN,"55106"
26-02-2022,"Application Support Specialist","Abbott Laboratories",abbottnutrition.com,Research,"$42.1K ? $53.3K a year",,,"Saint Paul",MN,""
26-02-2022,"Technical Product Owner - Integration","Securian Financial Group",financialfocusgroup.net,"Financial Services",,,"Downtown area","Saint Paul",MN,"55101"
25-02-2022,"Program DevOps Lead - ITS5","State of Minnesota",mn.gov,"Government Administration","$72,307 - $123,651 a year",,,"Saint Paul",MN,""
25-02-2022,"Business Manager - State Prog Admin Supv Princ","State of Minnesota",mn.gov,"Government Administration","$29.01 - $42.00 an hour",,,"Saint Paul",MN,""
26-02-2022,"Attorney 2","State of Minnesota",mn.gov,"Government Administration","$29.50 - $43.77 an hour",Remote,,"Remote in Saint Paul",MN,""
26-02-2022,"Art Director","Abbott Laboratories",abbottnutrition.com,Research,,,,"Saint Paul",MN,""
25-02-2022,"Health Interface Developer - ITS3","State of Minnesota",mn.gov,"Government Administration","$29.10 - $47.83 an hour",,,"Saint Paul",MN,""
26-02-2022,"Respiratory Health Patient Services Intake Manager - ( St. P...",Hillrom,hillrom.com,"Medical Devices","$54.3K ? $68.7K a year",Remote,,"Remote in Saint Paul",MN,""
27-02-2022,"Corporate Trust Financial Management Analyst 2","U.S. Bank",whitefortcapital.com,,,,,"Saint Paul",MN,""
26-02-2022,"Plant Superintendent","LafargeHolcim in the US",lafargeholcim.us,"Computer Software","$49.6K ? $62.8K a year",,"Dayton's Bluff area","Saint Paul",MN,"55106"
27-02-2022,"Construction Materials Testing Technician III","Terracon Consultants, Inc.",,,"$38.5K ? $48.7K a year",,"Dayton's Bluff area","Saint Paul",MN,"55106"
26-02-2022,"Service Administrator","HomeWorks Plumbing Heating Air",,,"$47.1K ? $59.7K a year",,,"Saint Paul",MN,"55121"
26-02-2022,"Area Leader Trainee","Speedway - Region",,,"$71.5K ? $90.5K a year",,,"Saint Paul",MN,""
26-02-2022,"Housing Voucher Social Worker - MNVEST","Minnesota Assistance Council for Veterans",mac-v.org,"Nonprofit Organization Management","$52,000 - $60,000 a year",,,"Saint Paul",MN,""
26-02-2022,"High Volume Recruiter","Strive To Abide",,,"$65,000 - $80,000 a year",,,"Saint Paul",MN,"55121"
26-02-2022,"Program Supervisor (FT)","Phoenix Alternatives Inc.",paimn.org,"Individual & Family Services","$36.4K ? $46K a year",,,"Saint Paul",MN,""
25-02-2022,"Assistant Case Manager","RS EDEN",rseden.org,"Individual & Family Services",,,"West 7th area","Saint Paul",MN,"55102"
26-02-2022,"Financial Analyst",Trafera,trafera.com,"Computer Hardware",,,"St. Anthony area","Saint Paul",MN,"55114"
27-02-2022,"Security Technician/Low Voltage Installer & Service","Innovative Security Services, Inc.",,,"From $70,000 a year",,,"Saint Paul",MN,""
26-02-2022,"Operations Manager","Pacific Dental Services",pacden.com,,,,,"Saint Paul",MN,"55101"
26-02-2022,"Veteran SOAR Supervisor","Minnesota Department of Veterans Affairs",minnesotaveteran.org,"Government Administration","$55,603 - $80,555 a year",,,"Saint Paul",MN,""
27-02-2022,"Value Specialist (Construction Estimator)","Roof Time, Inc.",,,"$40,000 - $60,000 a year",,,"Saint Paul",MN,""
26-02-2022,"Maintenance Supervisor",Dungarvin,dekra.it,"Management Consulting","$49.9K ? $63.1K a year",,,"Saint Paul",MN,""
26-02-2022,"Field Technician-Healthcare Renovation","KR Wolfe",krwolfe.com,Construction,"$20 - $25 an hour",,,"Saint Paul",MN,"55111"
26-02-2022,"Hotel Housekeeping Supervisor","Hyatt Place St. Paul-Downtown",,,"$15 - $17 an hour",,"Downtown area","Saint Paul",MN,"55101"
26-02-2022,Controller,"Paul Davis Restoration of Greater MSP and the...",,,"$87.1K ? $110K a year",,"Merrlam Park area","Saint Paul",MN,"55104"
26-02-2022,"Talent Acquisition Specialist","Paul Davis Restoration of Greater MSP and the...",,,"$52.4K ? $66.4K a year",,"Merrlam Park area","Saint Paul",MN,"55104"
26-02-2022,"Vice President of Finance","Paul Davis Restoration of Greater MSP and the...",,,,,"Merrlam Park area","Saint Paul",MN,"55104"
26-02-2022,"Lead Office Coordinator - FT Days - Maplewood Long Term Care","Good Samaritan Society",good-sam.com,"Hospital & Health Care","$16.50 an hour",,,"Saint Paul",MN,"55117"
26-02-2022,"Grant Writer at Hallie Q. Brown","Hallie Q. Brown Community Center",hallieqbrown.org,"Individual & Family Services","$30 - $35 an hour",,"West 7th area","Saint Paul",MN,"55102"
26-02-2022,"EMT Clinical Instructor","Allina Health System",allinahealth.org,"Hospital & Health Care",,,,"Saint Paul",MN,""
28-02-2022,"Environmental Health Assistant Division Director","State of Minnesota",mn.gov,"Government Administration","$41.82 - $59.98 an hour",,,"Saint Paul",MN,""
26-02-2022,"Sales Operations Analyst/Manager","Granicus Inc.",granicus.com,"Computer Software",,,,"Saint Paul",MN,""
26-02-2022,"Business Analyst -","ePATHUSA Inc",epathusa.net,"Information Technology & Services","$90.5K ? $115K a year",,"Greater Eastside area","Saint Paul",MN,"55106"
26-02-2022,"Principal Business Analyst",Expleo,expleogroup.com,"Information Technology & Services","$89.3K ? $113K a year",,,"Saint Paul",MN,""
26-02-2022,"Service Coordinator",Harris,harriscompany.com,Construction,,,,Rochester,MN,"55901"
26-02-2022,"Manager-Admin Office-PM&R","Mayo Clinic",mayoclinic.org,"Hospital & Health Care",,,,Rochester,MN,""
25-02-2022,"Warehouse Supervisor","First Supply LLC",firstsupply.com,"Consumer Goods","$41.6K ? $52.6K a year",,,Rochester,MN,"55901"
27-02-2022,"Supervisor, Field Operations",Spectrum,spectrumvic.org.au,"Nonprofit Organization Management",,,,Rochester,MN,""
26-02-2022,"Supvervisor - Distribution Center - Facilities Management","Mayo Clinic",mayoclinic.org,"Hospital & Health Care",,,,Rochester,MN,""
26-02-2022,"Mechanical Designer",IBM,bionovo.com.cn,"Computer Software",,,,Rochester,MN,"55901"
26-02-2022,"AI Applications Business Partner Specialist Sales",IBM,bionovo.com.cn,"Computer Software",,,,Rochester,MN,"55901"
27-02-2022,"Academic Neonatologist","Mayo Clinic",mayoclinic.org,"Hospital & Health Care",,,,Rochester,MN,""
26-02-2022,"Engineering Technician - Construction Inspection & Survey","City of Rochester, MN",rochestermn.gov,"Government Administration","$30.64 - $33.65 an hour",,,Rochester,MN,"55901"
26-02-2022,"Grade 2 Teacher - 1.0 LTS","Rochester Public Schools",rochesterschools.org,"Education Management","$53.6K ? $67.8K a year",,"Historic Southwest area",Rochester,MN,"55902"
27-02-2022,"IT Tech Specialist 2","Mayo Clinic",mayoclinic.org,"Hospital & Health Care",,Remote,,"Remote in Rochester",MN,""
27-02-2022,"Life and Annuity Agent - Rochester, MN","Auto Club Group",aaawisconsin.com,,,,,Rochester,MN,"55902"
26-02-2022,"Outside Sales Representative - Electrical",Graybar,graybar.com,Wholesale,,,,Rochester,MN,"55905"
27-02-2022,"IT Tech Specialist I - Remote","Mayo Clinic",mayoclinic.org,"Hospital & Health Care",,Remote,,"Remote in Rochester",MN,""
26-02-2022,"Engineering Technician - Construction Inspection & Survey","City of Rochester",,,"$30.64 - $33.65 an hour",,,Rochester,MN,"55901"
26-02-2022,"Director of Memory Care","Silvercrest Properties",silvercrestproperties.com,"Hospital & Health Care",,,,Rochester,MN,"55902"
26-02-2022,"Field Service Technician",F2ONSITE,f2onsite.com,"Information Technology & Services","$19 - $21 an hour",,,Rochester,MN,""
28-02-2022,"Tuckpointer/Masonary Restoration","Building Restoration Corporation",buildingrestoration.com,Construction,"$44.6K ? $56.4K a year",,"Northrop area",Rochester,MN,"55901"
26-02-2022,"Onsite Nurse Assessor - 1099 (RN) Contract","The Helper Bees",thehelperbees.com,Insurance,,,,Rochester,MN,""
26-02-2022,"Product Support Representative","Fairchild Equipment",fairchildequipment.com,Machinery,,,"Lincoln Park area",Duluth,MN,"55806"
26-02-2022,"Boulder Leasing Specialist","SUMMIT MANAGEMENT",,,"$27.5K ? $34.9K a year",,,Duluth,MN,""
26-02-2022,"Academic Advisor","Lake Superior College",lsc.edu,"Higher Education","Up to $67,839 a year",,"Piedmont Heights area",Duluth,MN,"55811"
26-02-2022,"Academic Advisor","Lake Superior College",lsc.edu,"Higher Education","$46,729 a year",,"Piedmont Heights area",Duluth,MN,"55811"
26-02-2022,"NRRI Researcher 6: Forest Ecologist","University of Minnesota",,,,,"Chester Park/UMD area",Duluth,MN,"55812"
26-02-2022,"Staffing Scheduler","Bayshore Residence and Rehabilitation Center",,,"$42K ? $53.2K a year",,,Duluth,MN,"55802"
26-02-2022,"Power Sports Technician","Sonju Two Harbors",sonju.com,Automotive,"$18 - $35 an hour",,"Duluth Heights area",Duluth,MN,"55811"
26-02-2022,"Home Health - RN Clinical Manager - Full Time","Aveanna Healthcare",aveanna.com,"Hospital & Health Care",,,"Denfeld area",Duluth,MN,"55807"
26-02-2022,"Administrative Supervisor","St. Luke's",stlukesonline.org,"Hospital & Health Care",,,,Duluth,MN,"55805"
26-02-2022,"Administrative Supervisor","St. Luke's",stlukesonline.org,"Hospital & Health Care",,,,Duluth,MN,"55805"
26-02-2022,"QTC - Medical Provider Events","DOCS Health",docs.health,"Hospital & Health Care","$54.1K ? $68.5K a year",,,Duluth,MN,""
26-02-2022,"Parts & Assembly Supervisor (Newly created position)","Midland Garage Door",midlandgaragedoor.com,"Building Materials","$75,000 - $85,000 a year",,,"Eden Prairie",MN,"55344"
26-02-2022,"Parts & Assembly Supervisor (Newly created position)","Midland Garage Door",midlandgaragedoor.com,"Building Materials","$75,000 - $85,000 a year",,,"Eden Prairie",MN,"55344"
25-02-2022,"Customer Success Manager",Trimble,trimble.com,"Information Technology & Services",,,,"Eden Prairie",MN,"55344"
26-02-2022,"Provider Data Analyst - Remote Nationwide","UnitedHealth Group",unitedhealthgroup.com,"Hospital & Health Care",,Remote,,"Remote in Eden Prairie",MN,""
26-02-2022,"VA Relationship Manager - Telecommute","UnitedHealth Group",unitedhealthgroup.com,"Hospital & Health Care",,Remote,,"Remote in Eden Prairie",MN,""
26-02-2022,"Director, Custom Engagement Consulting - Telecommute","UnitedHealth Group",unitedhealthgroup.com,"Hospital & Health Care",,Remote,,"Remote in Eden Prairie",MN,""
28-02-2022,"Mechanical Assembly Technician - HPU","MTS Systems",mts.com,"Mechanical Or Industrial Engineering","$37.3K ? $47.3K a year",,,"Eden Prairie",MN,"55344"
26-02-2022,"Mgr, Software Engineering","UnitedHealth Group",unitedhealthgroup.com,"Hospital & Health Care",,Remote,,"Remote in Eden Prairie",MN,""
28-02-2022,"Mechanical Assembly Technician - HPU","MTS Systems",mts.com,"Mechanical Or Industrial Engineering","$37.3K ? $47.3K a year",,,"Eden Prairie",MN,"55344"
25-02-2022,"VA CCN Training Curriculum Manager - Telecommute","UnitedHealth Group",unitedhealthgroup.com,"Hospital & Health Care",,Remote,,"Remote in Eden Prairie",MN,""
26-02-2022,"General Manager Full Time-GMB-203110","Extended Stay America",extendedstayamerica.com,Hospitality,,,,"Eden Prairie",MN,"55344"
26-02-2022,"Travel Supplier Management Manager - cxLoyalty","JPMorgan Chase Bank, N.A.",chase.com,"Financial Services",,,,"Eden Prairie",MN,""
26-02-2022,"Communication Operations Business Manager - Telecommute","UnitedHealth Group",unitedhealthgroup.com,"Hospital & Health Care",,Remote,,"Remote in Eden Prairie",MN,""
26-02-2022,"Business Analyst Consultant - Telecommute","UnitedHealth Group",unitedhealthgroup.com,"Hospital & Health Care",,Remote,,"Remote in Eden Prairie",MN,""
25-02-2022,"Agile Practitioner - Optum Financial Services Technology","UnitedHealth Group",unitedhealthgroup.com,"Hospital & Health Care",,Remote,,"Remote in Eden Prairie",MN,""
27-02-2022,"Payments Product Manager - cxLoyalty","JPMorgan Chase Bank, N.A.",chase.com,"Financial Services",,,,"Eden Prairie",MN,""
26-02-2022,"SAP Concur- Digital Presales Specialist",SAP,sap.com,"Information Technology & Services",,,,"Eden Prairie",MN,"55344"
26-02-2022,"Manager, Information Security Risk Mgmt- Telecommute","UnitedHealth Group",unitedhealthgroup.com,"Hospital & Health Care",,Remote,,"Remote in Eden Prairie",MN,""
25-02-2022,"Director, Solution Architecture for Automation Solutions - T...","UnitedHealth Group",unitedhealthgroup.com,"Hospital & Health Care",,Remote,,"Remote in Eden Prairie",MN,""
25-02-2022,"Scrum Master - Hybrid Role Optum Technology","UnitedHealth Group",unitedhealthgroup.com,"Hospital & Health Care",,Remote,,"Remote in Eden Prairie",MN,""
26-02-2022,"Customer Service Representative - Special Instruments","Starkey HearCare",allamericanhearing.com,"Hospital & Health Care","$23 an hour",,,"Eden Prairie",MN,"55344"
25-02-2022,"Salesforce Business Operations Analyst",Shutterfly,shutterflyinc.com,Internet,,,,"Eden Prairie",MN,"55344"
26-02-2022,"Accounting Associate - Accounts Receivable","Compute North",computenorth.com,"Information Technology & Services","$53.2K ? $67.4K a year",,,"Eden Prairie",MN,""
25-02-2022,"HR Coordinator ? Lead",Shutterfly,shutterflyinc.com,Internet,,,,"Eden Prairie",MN,"55344"
26-02-2022,"Office Administrator","TEN Logistics",,,"$52.5K ? $66.5K a year",,,"Eden Prairie",MN,"55344"
26-02-2022,"Igen Operator","Quantum Graphics, Inc",quantumgraphics.com,"Marketing & Advertising","$34.9K ? $44.1K a year",,,"Eden Prairie",MN,"55344"
28-02-2022,"System Analyst (in-office & remote)",Thriveon,thriveon.net,"Information Technology & Services","$60,000 - $85,000 a year",Remote,,"Remote in Eden Prairie",MN,""
28-02-2022,"IT Service Desk Manager (in-office & remote)",Thriveon,thriveon.net,"Information Technology & Services","$60,000 - $85,000 a year",Remote,,"Remote in Eden Prairie",MN,""
28-02-2022,"General Manager Full Time-GMB-203110","ESA Management, LLC",,,"$55.2K ? $69.8K a year",,,"Eden Prairie",MN,"55344"
26-02-2022,"Vocational Instructor: Construction - Fall 2022","Intermediate District 287",district287.org,"Education Management","$28,571 - $58,098 a year",,,"Eden Prairie",MN,"55347"
