DATE,"Job Title",Company,Website,Industry,Salary,Remote,AREA,City,State,"Zip Code"
24-02-2022,"High School Administrative Supervisor- Stadium View","Minneapolis Public Schools",,,,,,Minneapolis,MN,""
23-02-2022,"Human Resources Generalist","Walker Art Center",walkerart.org,"Museums & Institutions","$55,000 - $65,000 a year",,,Minneapolis,MN,""
24-02-2022,"Human Resources Specialist","The Landline Company",landline.com,Airlines/Aviation,"$55,000 - $65,000 a year",Remote,,"Hybrid remote in Minneapolis",MN,""
21-02-2022,"Youth Support Specialist - EXERT","YMCA of the North",ymcanorth.org,"Nonprofit Organization Management",,,"Standish area",Minneapolis,MN,"55406"
24-02-2022,"Executive Assistant","KIPP Minnesota Public Schools",kippminnesota.org,"Primary/Secondary Education",,,,Minneapolis,MN,""
24-02-2022,"Private Bank - Program Analyst, Minneapolis, MN","JPMorgan Chase Bank, N.A.",chase.com,"Financial Services",,,"Downtown West area",Minneapolis,MN,"55402"
24-02-2022,"Case Management Specialist","Tactile Medical",tactilemedical.com,"Medical Devices",,,"Bryn Mawr area",Minneapolis,MN,"55416"
23-02-2022,"Employment Navigator MFIP (27816)","Lutheran Social Service of Minnesota",lssmn.org,"Nonprofit Organization Management",,,,Minneapolis,MN,""
24-02-2022,"Administrative Assistant (Internal Sheriff's Office applican...","Hennepin County",hennepin.us,"Government Administration","$46,259 - $73,052 a year",Remote,,"Hybrid remote in Minneapolis",MN,""
22-02-2022,"Training Manager","The Link",thelinkmn.org,"Nonprofit Organization Management","$61,000 a year",,"Sumner-Glenwood area",Minneapolis,MN,"55405"
22-02-2022,"Financial Clearance Representative - Central Pre-Registratio...","Allina Health System",allinahealth.org,"Hospital & Health Care",,Remote,,"Remote in Minneapolis",MN,""
24-02-2022,"Manager, Sales Development (Remote)","Ada Inc.",ada.cx,,,Remote,,"Remote in Minneapolis",MN,""
23-02-2022,"Legal Administrative Assistant - Immigration","Stinson LLP",stinson.com,"Law Practice",,,"Downtown West area",Minneapolis,MN,"55402"
24-02-2022,"Rare Disease Specialist","Taylor Strategy Partners",,,,,,Minneapolis,MN,""
22-02-2022,"Executive Assistant",Thrivent,thrivent.com,"Financial Services",,,,Minneapolis,MN,""
22-02-2022,"Facilities Manager, Hennepin County, Administration","Minnesota Judicial Branch",mncourts.gov,,"$69,614 - $107,950 a year",,"Downtown West area",Minneapolis,MN,""
24-02-2022,"Operations Specialist, Customer Ready Products - Hybrid/Remo...","Be The Match",bethematch.org,"Nonprofit Organization Management",,Remote,,"Remote in Minneapolis",MN,""
24-02-2022,"Sales Consultant",Kone,kone.nl,Machinery,,,,Minneapolis,MN,""
22-02-2022,"CPC Instrmnt Proc Tech","Fairview Health Services",fairview.org,"Hospital & Health Care",,,"Cedar-Riverside area",Minneapolis,MN,"55454"
23-02-2022,"Engagement Associate","Uncommon Sports Group",,,,,,Minneapolis,MN,"55416"
24-02-2022,"Executive & Consular Services Coordinator","American Swedish Institute",asimn.org,"Museums & Institutions",,,"Phillips West area",Minneapolis,MN,"55407"
22-02-2022,"Imaging System Sched Coord II","Fairview Health Services",fairview.org,"Hospital & Health Care",,,"Cedar-Riverside area",Minneapolis,MN,"55454"
24-02-2022,"Customer Success Director","Provation Medical",provationmedical.com,"Information Technology & Services",,,"North Loop area",Minneapolis,MN,"55401"
22-02-2022,"Service Desk Video and Event Tech Support","University of Minnesota",,,,,,Minneapolis,MN,""
22-02-2022,"Marketing Associate","Lurie, LLP",luriellp.com,Accounting,,,"Bryn Mawr area",Minneapolis,MN,"55405"
22-02-2022,"Analyst, Regulatory & Rates","CenterPoint Energy",centerpointenergy.com,Utilities,,,,Minneapolis,MN,""
24-02-2022,"Executive Assistant","KIPP Foundation",kipp.org,"Education Management",,,,Minneapolis,MN,""
24-02-2022,"Development Manager (Signature Events)",JDRF,jdrf.org.uk,"Nonprofit Organization Management",,,,Minneapolis,MN,""
22-02-2022,"Image & Processing Specialist","Consilio LLC",consilio.com,"Legal Services",,,"Downtown West area",Minneapolis,MN,"55402"
23-02-2022,"Employer Installation Representative (COBRA Administrator) -...","UnitedHealth Group",unitedhealthgroup.com,"Hospital & Health Care",,,,Minneapolis,MN,"55421"
22-02-2022,"Peris Hill Apartments Program Manager","The Link",thelinkmn.org,"Nonprofit Organization Management","$67,000 a year",,"Sumner-Glenwood area",Minneapolis,MN,"55405"
24-02-2022,"Radiology Equipment Technician Imaging","Allina Health System",allinahealth.org,"Hospital & Health Care",,,,Minneapolis,MN,""
22-02-2022,"Youth Engagement Manager","The Link",thelinkmn.org,"Nonprofit Organization Management","$61,000 a year",,"Sumner-Glenwood area",Minneapolis,MN,"55405"
24-02-2022,"Development Manager (Signature Events)","JDRF International",jdrf.org,Fund-Raising,,,,Minneapolis,MN,""
23-02-2022,"Customer Advocate","Owens & Minor",owens-minor.com,"Hospital & Health Care",,,,Minneapolis,MN,""
23-02-2022,"Vice President - OED","University of Minnesota",,,,,,Minneapolis,MN,""
24-02-2022,"Administrative Manager 1","University of Minnesota",,,,,,Minneapolis,MN,""
23-02-2022,"Marketing Manager","University of Minnesota",,,"$59,000 - $62,000 a year",Remote,,"Hybrid remote in Minneapolis",MN,""
24-02-2022,"Project Manager 6","U.S. Bank",whitefortcapital.com,,,,,Minneapolis,MN,""
22-02-2022,"Director, Parent & Family Prog","University of Minnesota",,,"$60,000 a year",,,Minneapolis,MN,""
22-02-2022,"C2DREAM Program Associate (Executive Ofc and Admin Specialis...","University of Minnesota",,,"$38,834 - $59,176 a year",,,Minneapolis,MN,""
22-02-2022,"Research Grants & Finance Specialist","Allina Health System",allinahealth.org,"Hospital & Health Care",,Remote,,"Hybrid remote in Minneapolis",MN,""
22-02-2022,"Recruiting Coordinator","Dorsey & Whitney LLP",dorsey.com,"Law Practice",,,"Downtown West area",Minneapolis,MN,"55402"
23-02-2022,"Catering Event Lead","Appetite For Change",,,"$25 an hour",,"Jordan area",Minneapolis,MN,"55411"
23-02-2022,"Appeal & Grievance Coordinator","Hennepin County",hennepin.us,"Government Administration","$46,259 - $73,052 a year",Remote,,"Hybrid remote in Minneapolis",MN,""
23-02-2022,"Lead Data Management Analyst","WELLS FARGO BANK",wellsfargo.com,"Financial Services",,,,Minneapolis,MN,""
22-02-2022,"Housekeeping Supervisor","Sage Hospitality",sagehospitality.com,Hospitality,,,,Minneapolis,MN,""
24-02-2022,"Principal Clinical Research Associate - Hybrid/Remote","Be The Match",bethematch.org,"Nonprofit Organization Management",,Remote,,"Remote in Minneapolis",MN,""
23-02-2022,"IT Manager | Hybrid","Allianz US Life",allianzlife.com,Insurance,,,,Minneapolis,MN,"55416"
24-02-2022,"Leave of Absences Caseworker",Accenture,cazoodle.com,"Computer Software",,,,Minneapolis,MN,""
22-02-2022,"Installation Trainer","Leaf Home Water Solutions",leafhomewatersolutions.com,"Consumer Services",,,,Minneapolis,MN,""
23-02-2022,"Clinical Research Specialist","Allina Health System",allinahealth.org,"Hospital & Health Care",,,,Minneapolis,MN,""
24-02-2022,"Business Development Director","Ovative Group, LLC",ovative.com,"Marketing & Advertising",,,"North Loop area",Minneapolis,MN,"55401"
24-02-2022,"Internal Sales Consultant II ALFS | Hybrid Schedule","Allianz US Life",allianzlife.com,Insurance,,,,Minneapolis,MN,"55416"
23-02-2022,"Booker/News Planning Editor","CBS Television Stations",,,,,"Loring Park area",Minneapolis,MN,"55403"
23-02-2022,"Associate Regional Project Manager","Link Logistics Real Estate",linklogistics.com,"Commercial Real Estate",,,"Downtown West area",Minneapolis,MN,"55402"
22-02-2022,"Recruiting and Integration Coordinator","Dorsey & Whitney LLP",dorsey.com,"Law Practice",,,"Downtown West area",Minneapolis,MN,"55402"
22-02-2022,"HRIS Administrator",BerganKDV,bergankdv.com,Accounting,,,,Minneapolis,MN,"55431"
24-02-2022,"Mentor EDM Developer/System Admin- 4202185",Accenture,cazoodle.com,"Computer Software","$36.43 - $60.33 an hour",,,Minneapolis,MN,""
22-02-2022,"Contract Management Analyst",CliftonLarsonAllen,claconnect.com,Accounting,,,"Downtown West area",Minneapolis,MN,"55402"
24-02-2022,"Talent Coordinator","Robins Kaplan LLP",robinskaplan.com,"Legal Services",,,,Minneapolis,MN,""
24-02-2022,"Grant & Contracts Professional 4-G&C Generalist - Health Pol...","University of Minnesota",,,"$76,000 - $93,000 a year",,,Minneapolis,MN,""
24-02-2022,"Distribution Centre Manager",Bio-techne,bio-techne.com,Biotechnology,,,"Wenonah area",Minneapolis,MN,"55417"
22-02-2022,"Chief Deputy Recorder (Internal RRES applicants only)","Hennepin County",hennepin.us,"Government Administration","$80,747 - $127,959 a year",,"Downtown West area",Minneapolis,MN,""
22-02-2022,"Retirement Analyst","Xcel Energy",xcelenergy.com,Utilities,"$58,000 - $82,666 a year",,"North Loop area",Minneapolis,MN,"55401"
23-02-2022,"Assistant Dean for Admissions and Diversity, Equity, Inclusi...","University of Minnesota",,,,,,Minneapolis,MN,""
23-02-2022,"Loan Officer","Paramount Residential Mortgage Group",prmg.net,"Real Estate",,,,Minneapolis,MN,"55437"
22-02-2022,"Sales Development Specialist - Contractor Equipment Division",Graco,graco.com,Machinery,,,"St Anthony West area",Minneapolis,MN,"55413"
24-02-2022,"Content Experience Consultant",Accenture,cazoodle.com,"Computer Software",,,,Minneapolis,MN,""
24-02-2022,"Manager, Commercial Origination","United States Solar Corporation",,,,Remote,,"Remote in Minneapolis",MN,""
24-02-2022,"Region Manager","Jack Links Protein Snacks",jacklinks.com,"Consumer Goods",,,"Downtown West area",Minneapolis,MN,"55403"
22-02-2022,"Computing Support Technician III","CenterPoint Energy",centerpointenergy.com,Utilities,,,,Minneapolis,MN,""
23-02-2022,"Property Manager- LSS","CommonBond Communities",commonbond.org,"Nonprofit Organization Management",,,"Phillips West area",Minneapolis,MN,"55404"
23-02-2022,"Programmer Analyst, Amazon Freight","Amazon.com Services LLC",amazon.com,Internet,,,,Minneapolis,MN,""
24-02-2022,"Content Strategist - Solution Specialist",Deloitte,deloitte.com,"Management Consulting",,,"Downtown West area",Minneapolis,MN,"55402"
22-02-2022,"Security Analyst","High Point Networks LLC",,,,,,Minneapolis,MN,"55428"
24-02-2022,"Learning and Performance Solutions Partner - Hybrid/Remote","Be The Match",bethematch.org,"Nonprofit Organization Management",,Remote,,"Remote in Minneapolis",MN,""
23-02-2022,"Pricing Analyst","Stinson LLP",stinson.com,"Law Practice",,,"Downtown West area",Minneapolis,MN,"55402"
24-02-2022,"Talent Acquisition Specialist",Integer,,,,,"Downtown West area",Minneapolis,MN,"55402"
23-02-2022,"People Operations Specialist",Block,block.app,"Computer Software",,,,Minneapolis,MN,""
23-02-2022,"Compliance Analyst",Berkley,berkley-fishing.com,Internet,,Remote,,"Hybrid remote in Minneapolis",MN,""
24-02-2022,"Enterprise Sales Executive (Labcorp Employer Services)",Labcorp,labcorp.com,"Hospital & Health Care",,,,Minneapolis,MN,"55407"
23-02-2022,Scientist,Bio-techne,bio-techne.com,Biotechnology,,,"Southeast Como area",Minneapolis,MN,"55413"
22-02-2022,"Specialty Development Executive- Genetics & Women's Health",Labcorp,labcorp.com,"Hospital & Health Care",,,,Minneapolis,MN,"55454"
24-02-2022,"Manager, Diversity, Equity, and Inclusion (Inclusion & Belon...",Deloitte,deloitte.com,"Management Consulting",,,"Downtown West area",Minneapolis,MN,"55402"
23-02-2022,"Language Center Director","University of Minnesota",,,,,,Minneapolis,MN,""
24-02-2022,"Lead Business Execution Consultant","WELLS FARGO BANK",wellsfargo.com,"Financial Services",,,,Minneapolis,MN,""
23-02-2022,"Branch Manager","American National Bank",american.bank,Banking,,,"Downtown East area",Minneapolis,MN,"55415"
24-02-2022,"Elastic Search Developer",Deloitte,deloitte.com,"Management Consulting",,,"Downtown West area",Minneapolis,MN,"55402"
24-02-2022,"Manager, Integrated Video and Audio","Ovative Group, LLC",ovative.com,"Marketing & Advertising",,,"North Loop area",Minneapolis,MN,"55401"
23-02-2022,"ESDG Enterprise Sandbox Data Governance Middle Office Coordi...","WELLS FARGO BANK",wellsfargo.com,"Financial Services",,,,Minneapolis,MN,""
22-02-2022,"Lead Estimator - Construction - (Full-time Remote or Hybrid)",TARGET,target.com,Retail,,Remote,,"Remote in Minneapolis",MN,""
23-02-2022,"Art Director","CBS Television Stations",,,,,"Loring Park area",Minneapolis,MN,"55403"
24-02-2022,"Lead Business Execution Consultant, Reg W Program Lead","WELLS FARGO BANK",wellsfargo.com,"Financial Services",,,,Minneapolis,MN,""
22-02-2022,"Interior Designer II","LEO A DALY",leoadaly.com,"Architecture & Planning",,,"Downtown West area",Minneapolis,MN,"55402"
23-02-2022,"Communication Specialist","University of Minnesota",,,,Remote,,"Hybrid remote in Minneapolis",MN,""
23-02-2022,"Strategic Account Executive Coalitions - Telecommute","UnitedHealth Group",unitedhealthgroup.com,"Hospital & Health Care",,Remote,,"Remote in Minneapolis",MN,""
22-02-2022,"Customer Account Manager - Minneapolis, MN","Advance Auto Parts",advanceautoparts.com,Retail,,,"North Loop area",Minneapolis,MN,"55401"
24-02-2022,"Category Manager","Jack Links Protein Snacks",jacklinks.com,"Consumer Goods",,,"Downtown West area",Minneapolis,MN,"55403"
24-02-2022,"Lead Credit Risk Officer","WELLS FARGO BANK",wellsfargo.com,"Financial Services",,,,Minneapolis,MN,""
24-02-2022,"Communications Consultant, Wealth and Investment Management","WELLS FARGO BANK",wellsfargo.com,"Financial Services",,,,Minneapolis,MN,""
22-02-2022,"EDI Specialist","ECi Software Solutions",ecisolutions.com,"Computer Software",,,,Minneapolis,MN,""
23-02-2022,"Property Manager- LSS","CommonBond Communities",commonbond.org,"Nonprofit Organization Management",,,"Ventura Village area",Minneapolis,MN,"55404"
24-02-2022,"Area Manager - Minneapolis, MN","Prime Now LLC",,,,,,Minneapolis,MN,""
24-02-2022,"Potential Issues Management Coordinator, Risk Manager","U.S. Bank",whitefortcapital.com,,,,,Minneapolis,MN,""
24-02-2022,"Glide - Relaunch Returnship: Finance Group","WELLS FARGO BANK",wellsfargo.com,"Financial Services",,,,Minneapolis,MN,""
23-02-2022,"Product Designer - Int",Datasite,datasite.com,"Computer Software",,,,Minneapolis,MN,""
23-02-2022,"Pursuits & Proposal Manager","Faegre Drinker",faegredrinker.com,"Law Practice",,Remote,,"Hybrid remote in Minneapolis",MN,""
22-02-2022,"Archaeological Field Lead 2 - MN",Merjent,merjent.com,"Environmental Services",,,"North Loop area",Minneapolis,MN,"55401"
24-02-2022,"Analyst/Local Buyer, Integrated Video and Audio","Ovative Group, LLC",ovative.com,"Marketing & Advertising",,,"North Loop area",Minneapolis,MN,"55401"
23-02-2022,"Production Support Analyst",Deloitte,deloitte.com,"Management Consulting",,,"Downtown West area",Minneapolis,MN,"55402"
24-02-2022,"Lead Consultant-Total Rewards Governance Team","WELLS FARGO BANK",wellsfargo.com,"Financial Services",,,,Minneapolis,MN,""
23-02-2022,"Account Executive ? Healthcare, Medium Enterprise",Workday,workday.com,"Computer Software",,,,Minneapolis,MN,""
24-02-2022,"Site Specialist III","Thermo Fisher Scientific",rwenpower.com,,,,,Minneapolis,MN,"55433"
22-02-2022,"VP, Sales & Marketing","CSM Corporation",,,,,"Downtown West area",Minneapolis,MN,"55415"
24-02-2022,"CRG Compliance Specialist- Internal Review","WELLS FARGO BANK",wellsfargo.com,"Financial Services",,,,Minneapolis,MN,""
22-02-2022,"Implementation Project Manager","SPS COMMERCE",spscommerce.com,"Information Technology & Services",,,"Downtown West area",Minneapolis,MN,"55402"
23-02-2022,"Enterprise Sandbox Data Governance Workflow Staff Support","WELLS FARGO BANK",wellsfargo.com,"Financial Services",,,,Minneapolis,MN,""
24-02-2022,"Assistant Store Manager Retail","NAPA Auto Parts",douglasnapa.com,,,,"Downtown West area",Minneapolis,MN,"55488"
23-02-2022,"PMO Demand Manager | Hybrid","Allianz Technology",allianztechnologytrust.com,"Information Technology & Services",,,,Minneapolis,MN,"55416"
23-02-2022,"Environmental Scientist",WSB,wsbeng.com,"Civil Engineering",,,,Minneapolis,MN,""
22-02-2022,"Enterprise Application Administrator","University of Minnesota",,,,Remote,,"Hybrid remote in Minneapolis",MN,""
23-02-2022,"Associate Manager- Customer Success & Analytics (Total Welln...",NielsenIQ,,,,,,Minneapolis,MN,""
24-02-2022,"Business Execution Consultant - Conduct Management Governanc...","WELLS FARGO BANK",wellsfargo.com,"Financial Services",,,,Minneapolis,MN,""
24-02-2022,"Director of Christian Mission (Ministry/Pastoral Care)","YMCA of the North",ymcanorth.org,"Nonprofit Organization Management",,,"Downtown West area",Minneapolis,MN,"55402"
23-02-2022,"Environmental Scientist","WSB & Associates Inc.",,,,,,Minneapolis,MN,"55416"
24-02-2022,"Python Developer",Deloitte,deloitte.com,"Management Consulting",,,"Downtown West area",Minneapolis,MN,"55402"
24-02-2022,"Lead Business Execution Consultant","WELLS FARGO BANK",wellsfargo.com,"Financial Services",,,,Minneapolis,MN,""
24-02-2022,"Environmental and Social Risk Analyst","WELLS FARGO BANK",wellsfargo.com,"Financial Services",,,,Minneapolis,MN,""
24-02-2022,"Agile Product Owner","Surescripts, LLC",surescripts.com,"Information Technology & Services",,Remote,,"Temporarily Remote in Minneapolis",MN,""
24-02-2022,"Glide - Relaunch Returnship: Internal Audit Group","WELLS FARGO BANK",wellsfargo.com,"Financial Services",,,,Minneapolis,MN,""
23-02-2022,"Manager Marketing Technology","Sun Country Airlines",suncountry.com,Airlines/Aviation,,,,Minneapolis,MN,"55450"
24-02-2022,"Talent Management Partner (Remote Opportunity)",Agiliti,agilitihealth.com,"Medical Devices",,Remote,,"Remote in Minneapolis",MN,""
24-02-2022,"Business Execution Consultant","WELLS FARGO BANK",wellsfargo.com,"Financial Services",,,,Minneapolis,MN,""
24-02-2022,"Technical Analyst ? FTE ? HOT NEED","Solutia Consulting",solutiaconsulting.com,"Information Technology & Services",,,,Minneapolis,MN,""
22-02-2022,"Appliance Category Sales Specialist - Hybrid - Minneapolis",Ferguson,ferguson.com,Wholesale,,Remote,,"Hybrid remote in Minneapolis",MN,""
24-02-2022,"Social Work Unit Supervisor","Hennepin County",hennepin.us,"Government Administration","$74,765 - $104,659 a year",Remote,,"Temporarily Remote in Minneapolis",MN,""
24-02-2022,"Investment Management Operations Lead - 4192146",Accenture,cazoodle.com,"Computer Software","$24.87 - $54.18 an hour",,,Minneapolis,MN,""
22-02-2022,"Graphic Designer","WELLS FARGO BANK",wellsfargo.com,"Financial Services",,,,Minneapolis,MN,""
24-02-2022,"Cyber Consultant - REMOTE",Deloitte,deloitte.com,"Management Consulting",,Remote,,"Remote in Minneapolis",MN,""
24-02-2022,"Lead Control Management Officer - Branch Banking","WELLS FARGO BANK",wellsfargo.com,"Financial Services",,,,Minneapolis,MN,""
23-02-2022,"Director of Antibody Development",Bio-techne,bio-techne.com,Biotechnology,,,"Southeast Como area",Minneapolis,MN,"55413"
23-02-2022,"Assistant Corporate Controller","DELUXE CORPORATION",deluxe.com,"Information Technology & Services",,,,Minneapolis,MN,""
23-02-2022,"Front-End Development Lead",Deloitte,deloitte.com,"Management Consulting",,,"Downtown West area",Minneapolis,MN,"55402"
21-02-2022,"Branch Manager (Network Expansion - New Build) - France Ave...","JPMorgan Chase Bank, N.A.",chase.com,"Financial Services",,,"Downtown West area",Minneapolis,MN,"55402"
24-02-2022,"Installer IV (Telecom / Central Office)","The Teltech Group",teltech.com,Telecommunications,,,,Minneapolis,MN,""
24-02-2022,"Angular Developer - Virtual",Deloitte,deloitte.com,"Management Consulting",,,"Downtown West area",Minneapolis,MN,"55402"
23-02-2022,"Workday HCM Core Certified ? PECI expert - 4174665",Accenture,cazoodle.com,"Computer Software","$46.93 - $77.50 an hour",Remote,,"Remote in Minneapolis",MN,""
24-02-2022,"Area Maintenance Supervisor","Cardinal Group Companies",cardinalgroup.com,"Real Estate",,,"Prospect Park area",Minneapolis,MN,"55414"
21-02-2022,"Private Bank - Banker, Vice President/Executive Director - M...","JPMorgan Chase Bank, N.A.",chase.com,"Financial Services",,,"Downtown West area",Minneapolis,MN,"55402"
21-02-2022,"Branch Manager (Network Expansion - New Build) - Quebec Ave...","JPMorgan Chase Bank, N.A.",chase.com,"Financial Services",,,"Downtown West area",Minneapolis,MN,"55402"
23-02-2022,"Alliances Marketing Manager (Enabling Manager) - National_Of...",Deloitte,deloitte.com,"Management Consulting",,,"Downtown West area",Minneapolis,MN,"55402"
23-02-2022,"Network Solutions Lead - Telecommute","UnitedHealth Group",unitedhealthgroup.com,"Hospital & Health Care",,Remote,,"Remote in Minneapolis",MN,""
23-02-2022,"Communications Director","Black Visions",blackvisionsmn.org,,"$85,000 - $94,000 a year",Remote,,"Temporarily Remote in Minneapolis",MN,""
22-02-2022,"Product Support Manager-Cash Vault Services","Brink's Incorporated",brinks.com,"Logistics & Supply Chain",,,"Northeast Park area",Minneapolis,MN,"55413"
23-02-2022,"Data Modeler",Deloitte,deloitte.com,"Management Consulting",,,"Downtown West area",Minneapolis,MN,"55402"
23-02-2022,"Employer Installation Representative (COBRA Administrator) -...","UnitedHealth Group",unitedhealthgroup.com,"Hospital & Health Care",,,,Minneapolis,MN,"55421"
24-02-2022,"Solution Consultant - UKG Dimensions Healthcare Scheduling",Accenture,cazoodle.com,"Computer Software",,,,Minneapolis,MN,""
24-02-2022,"Risk Management Framework Specialist - REMOTE",Deloitte,deloitte.com,"Management Consulting",,Remote,,"Remote in Minneapolis",MN,""
23-02-2022,"Corporate Banking Relationship Management","WELLS FARGO BANK",wellsfargo.com,"Financial Services",,,,Minneapolis,MN,""
24-02-2022,"Angular Developer",Deloitte,deloitte.com,"Management Consulting",,,"Downtown West area",Minneapolis,MN,"55402"
22-02-2022,"Recruiting Manager, AWS Talent Acquisition , Professional Se...","Amazon.com Services LLC",amazon.com,Internet,,,,Minneapolis,MN,""
24-02-2022,"Manager, Digital Experience Optimization","Ovative Group, LLC",ovative.com,"Marketing & Advertising",,,"North Loop area",Minneapolis,MN,"55401"
24-02-2022,"Internal Sales Consultant I ALFS | Hybrid Schedule","Allianz US Life",allianzlife.com,Insurance,,,,Minneapolis,MN,"55416"
23-02-2022,"Consulting Marketing - Alliances Marketing Specialist - Nati...",Deloitte,deloitte.com,"Management Consulting",,,"Downtown West area",Minneapolis,MN,"55402"
23-02-2022,"Product Manager, Antibodies",Bio-techne,bio-techne.com,Biotechnology,,,"Southeast Como area",Minneapolis,MN,"55413"
24-02-2022,"Lead Counsel-Consumer Lending- Cards & Merchant Services Sec...","WELLS FARGO BANK",wellsfargo.com,"Financial Services",,,,Minneapolis,MN,""
22-02-2022,"Product Designer, Universal Thread - Soft Wovens",TARGET,target.com,Retail,,,"Downtown West area",Minneapolis,MN,"55403"
24-02-2022,"Full Stack Developer - Virtual","ECi Software Solutions",ecisolutions.com,"Computer Software",,,,Minneapolis,MN,""
23-02-2022,"Manager, Marketing Analytics & Measurement","Ovative Group, LLC",ovative.com,"Marketing & Advertising",,,"North Loop area",Minneapolis,MN,"55401"
23-02-2022,"Digital Business Banking Specialist","U.S. Bank",whitefortcapital.com,,,,,Minneapolis,MN,""
24-02-2022,"Strategy & Operations Consultant",Deloitte,deloitte.com,"Management Consulting",,,"Downtown West area",Minneapolis,MN,"55402"
23-02-2022,"Atlassian/JIRA Align Implementation Lead",Accenture,cazoodle.com,"Computer Software",,,,Minneapolis,MN,""
24-02-2022,"Software Development Manager (APIs / Integrations)","ECi Software Solutions",ecisolutions.com,"Computer Software",,,,Minneapolis,MN,""
24-02-2022,"ServiceNow Developer - Location Open",Deloitte,deloitte.com,"Management Consulting",,,"Downtown West area",Minneapolis,MN,"55402"
24-02-2022,"Construction Manager - Data Center (Relocate to Kansas City)",Olsson,cirkusolsson.se,,,,,Minneapolis,MN,"55435"
23-02-2022,"ESG Analyst",RBC,rbc.com,Banking,,,"Downtown West area",Minneapolis,MN,"55402"
23-02-2022,"Securities Operations Representative - Mutual Fund Settlemen...","Wells Fargo",climaticsolar.com,"Environmental Services",,,"Downtown West area",Minneapolis,MN,""
24-02-2022,"Technology Specialist - REMOTE",Deloitte,deloitte.com,"Management Consulting",,Remote,,"Remote in Minneapolis",MN,""
24-02-2022,"Lead Securities Operations Representative","WELLS FARGO BANK",wellsfargo.com,"Financial Services",,,,Minneapolis,MN,""
24-02-2022,"Lead Data Management Analyst - Enterprise Data Lake Product...","WELLS FARGO BANK",wellsfargo.com,"Financial Services",,,,Minneapolis,MN,""
21-02-2022,"Commercial Bank- Middle Market Banking & Specialized Industr...","JPMorgan Chase Bank, N.A.",chase.com,"Financial Services",,,"Downtown West area",Minneapolis,MN,"55402"
24-02-2022,"AWS Solution Architect - 4176731",Accenture,cazoodle.com,"Computer Software","$40.19 - $66.29 an hour",,,Minneapolis,MN,""
23-02-2022,"Lead Control Management Officer - Information and Cyber Secu...","WELLS FARGO BANK",wellsfargo.com,"Financial Services",,,,Minneapolis,MN,""
24-02-2022,"NX - CAD Functional/Process Consultant- 4202182",Accenture,cazoodle.com,"Computer Software","$61.37 - $101.29 an hour",,,Minneapolis,MN,""
23-02-2022,"RN Nurse Supervisor - long-term care","Jones-Harrison Residence",,,,,"Cedar-Isles-Dean area",Minneapolis,MN,"55416"
24-02-2022,"NX - CAD Developer/System Admin- 4202183",Accenture,cazoodle.com,"Computer Software","$30.62 - $58.22 an hour",,,Minneapolis,MN,""
24-02-2022,"Director of Healthcare Services","Volunteers of America",voa.org,"Nonprofit Organization Management",,,,Minneapolis,MN,""
24-02-2022,"Lead Operational Risk Officer Commercial Capital Operational...","WELLS FARGO BANK",wellsfargo.com,"Financial Services",,,,Minneapolis,MN,""
24-02-2022,"Lead Counsel- Treasury Regulation and Risk (Recovery and Res...","WELLS FARGO BANK",wellsfargo.com,"Financial Services",,,,Minneapolis,MN,""
24-02-2022,"Lead Remediation Data Management Analyst","WELLS FARGO BANK",wellsfargo.com,"Financial Services",,,,Minneapolis,MN,""
24-02-2022,"Client Solutions Manager (Marketing & Creative)","Robert Half",roberthalf.com,"Staffing & Recruiting",,,"Downtown West area",Minneapolis,MN,"55402"
23-02-2022,"Azure Developer | Flex","Allianz US Life",allianzlife.com,Insurance,,,,Minneapolis,MN,"55416"
23-02-2022,"Cloud Native Consultant",Deloitte,deloitte.com,"Management Consulting",,,"Downtown West area",Minneapolis,MN,"55402"
24-02-2022,"Oracle Cloud Supply Chain Management (SCM) Consultant - Loca...",Deloitte,deloitte.com,"Management Consulting",,,"Downtown West area",Minneapolis,MN,"55402"
24-02-2022,"SDET - Test Automation Lead",Deloitte,deloitte.com,"Management Consulting",,,"Downtown West area",Minneapolis,MN,"55402"
24-02-2022,"Cyber Security Architect, Manager",Deloitte,deloitte.com,"Management Consulting",,,"Downtown West area",Minneapolis,MN,"55402"
24-02-2022,"Copy of Manager, Agile Program Management","Publicis Sapient",publicissapient.com,"Information Technology & Services",,,"North Loop area",Minneapolis,MN,"55401"
23-02-2022,"Lead Securities Operations Representative - Investment Manag...","Wells Fargo",climaticsolar.com,"Environmental Services",,,"Downtown West area",Minneapolis,MN,""
23-02-2022,"Supervisor, RPS Service & Fulfillment",Ascensus,ascensus.com,"Financial Services",,,,Minneapolis,MN,"55421"
24-02-2022,"Oracle Cloud Financials Consultant - Location Open",Deloitte,deloitte.com,"Management Consulting",,,"Downtown West area",Minneapolis,MN,"55402"
22-02-2022,"SAP Ariba Manager",Accenture,cazoodle.com,"Computer Software",,,,Minneapolis,MN,""
22-02-2022,"SALES MANAGER, END USER","Rockwell Automation",rockwellautomation.com,"Industrial Automation",,,,Minneapolis,MN,""
24-02-2022,"Lead Technology Sourcing Consultant","WELLS FARGO BANK",wellsfargo.com,"Financial Services",,,,Minneapolis,MN,""
23-02-2022,"Product Manager, Mutual Funds",RBC,rbc.com,Banking,,,"Downtown West area",Minneapolis,MN,"55402"
22-02-2022,"Salesforce Developer- Location Open",Deloitte,deloitte.com,"Management Consulting",,,"Downtown West area",Minneapolis,MN,"55402"
23-02-2022,"Appeal & Grievance Coordinator","Hennepin County",hennepin.us,"Government Administration",,Remote,,"Hybrid remote in Minneapolis",MN,""
23-02-2022,"Data Architecture Manager",Accenture,cazoodle.com,"Computer Software",,,,Minneapolis,MN,""
22-02-2022,"Cloud Infrastructure Advisory Consultant - Midwest",Accenture,cazoodle.com,"Computer Software",,,,Minneapolis,MN,""
23-02-2022,"UX Design Content Strategist - Design System","U.S. Bank",whitefortcapital.com,,,,,Minneapolis,MN,""
24-02-2022,"IT Pro 3-App/Software Dev","University of Minnesota",,,,,,Minneapolis,MN,""
23-02-2022,"Workday Student Financials Lead",Accenture,cazoodle.com,"Computer Software",,,,Minneapolis,MN,""
24-02-2022,"Business Systems Analyst - Hybrid","Be The Match",bethematch.org,"Nonprofit Organization Management",,Remote,,"Hybrid remote in Minneapolis",MN,""
23-02-2022,"Elastic Search Developer",Deloitte,deloitte.com,"Management Consulting",,,"Downtown West area",Minneapolis,MN,"55402"
24-02-2022,"Python Developer",Deloitte,deloitte.com,"Management Consulting",,,"Downtown West area",Minneapolis,MN,"55402"
22-02-2022,"Assistant Controller (For-Profit - Outsourcing)",CliftonLarsonAllen,claconnect.com,Accounting,,,"Downtown West area",Minneapolis,MN,"55402"
23-02-2022,"Media Relations Coordinator","Minnesota City Jobs",lmc.org,"Government Relations",,,"North Loop area",Minneapolis,MN,"55401"
23-02-2022,"Director Public Information ? Public Safety","Minnesota City Jobs",lmc.org,"Government Relations",,,"North Loop area",Minneapolis,MN,"55401"
23-02-2022,"Facilities Manager, Hennepin County, Administration","Minnesota Judicial Branch",mncourts.gov,,"$64,477 - $82,184 a year",,"North Loop area",Minneapolis,MN,"55401"
24-02-2022,"Construction Manager - Data Center (Relocate to NE)",Olsson,cirkusolsson.se,,,,,Minneapolis,MN,"55435"
24-02-2022,"Investment Management Operations Analyst - 4192135",Accenture,cazoodle.com,"Computer Software","$19.95 - $45.28 an hour",,,Minneapolis,MN,""
23-02-2022,"Chief Deputy Recorder (Internal RRES applicants only)","Hennepin County",hennepin.us,"Government Administration",,,"Downtown West area",Minneapolis,MN,"55487"
23-02-2022,"Securities Operations Representative - Mutual Fund Settlemen...","Wells Fargo",climaticsolar.com,"Environmental Services",,,"Downtown West area",Minneapolis,MN,""
23-02-2022,"Director ? Contract Compliance","Minnesota City Jobs",lmc.org,"Government Relations",,,"North Loop area",Minneapolis,MN,"55401"
24-02-2022,"Operations Lead Analytics Consultant","WELLS FARGO BANK",wellsfargo.com,"Financial Services",,,,Minneapolis,MN,""
24-02-2022,"Law Firm Administrator","Yost & Baill",yostbaill.com,"Law Practice","$18 - $48 an hour",,"Downtown West area",Minneapolis,MN,"55402"
24-02-2022,"Full Time Summer Camp Instructor","Snapology of Minneapolis",,,"$18 - $25 an hour",,"Whittier area",Minneapolis,MN,"55408"
24-02-2022,"Event Planner","D'Amico Catering",,,"$45,000 - $50,000 a year",,,Minneapolis,MN,""
23-02-2022,"Research Scientist","SEARCH INSTITUTE",search-institute.org,"Nonprofit Organization Management","$60,000 - $80,000 a year",Remote,,"Remote in Minneapolis",MN,""
24-02-2022,"Volunteer Engagement & Recruitment Coordinator","The Loppet Foundation",loppet.org,"Recreational Facilities & Services","$40,000 - $45,000 a year",,,Minneapolis,MN,"55422"
24-02-2022,"Project/Program Manager","InnoSoul Inc.",,,"Up to $125 an hour",,"Hiawatha area",Minneapolis,MN,"55417"
23-02-2022,"Administrative Assistant","Ameriprise Financial",ameriprise.com,"Financial Services","$40,000 - $50,000 a year",,,Minneapolis,MN,"55435"
23-02-2022,"Content Marketer for Digital Agency",O8,,,,Remote,,"Remote in Minneapolis",MN,""
23-02-2022,"Office Management and Operations Coordinator",SmartThings,smartthings.com,"Consumer Electronics",,Remote,,"Remote in Minneapolis",MN,""
22-02-2022,"Public Relations Manager","Firehouse Restaurant Group",,,,Remote,,"Remote in Minneapolis",MN,""
24-02-2022,"Retail Marketing Manager","Publisher Services Inc.",isbn-us.com,Publishing,"$65,000 - $75,000 a year",,,Minneapolis,MN,""
22-02-2022,"Political Manager",MN,,,"$52,000 - $59,000 a year",Remote,,"Remote in Minneapolis",MN,""
22-02-2022,"Front of House Manager","Craft & Crew Hospitality",craftncrew.com,,"$55,000 - $60,000 a year",,,Minneapolis,MN,""
24-02-2022,"Store Manager","Goodthings Inc.",,,"$50,000 - $62,000 a year",,"Macalester-Groveland area",Minneapolis,MN,"55105"
24-02-2022,"Customer Success Manager","LogicStream Health",,,"$75,000 - $100,000 a year",Remote,,"Hybrid remote in Minneapolis",MN,""
23-02-2022,"Greater MN Organizer",MN,,,"$45,000 - $50,000 a year",Remote,,"Remote in Minneapolis",MN,""
23-02-2022,"Armed Security Officer","Belcom Inc PS Security",,,"$23 an hour",,,Minneapolis,MN,"55425"
24-02-2022,"Sales Coordinator","Miner, LTD",minercorp.com,"Facilities Services",,,"Bryn Mawr area",Minneapolis,MN,"55405"
22-02-2022,"Golf Apparel Independent Sales Representative","Monterey Club",montereyclub.com,Wholesale,,,,Minneapolis,MN,""
23-02-2022,"Regional Manager","Interior Logic Group",interiorlogicgroup.com,Design,,,,Minneapolis,MN,""
22-02-2022,"Director of Digital Marketing","Foxo Technologies",foxotechnologies.com,Biotechnology,,Remote,,"Remote in Minneapolis",MN,""
24-02-2022,"Litigation Paralegal","Hinshaw & Culbertson",hinshawlaw.com,"Law Practice",,,"Downtown West area",Minneapolis,MN,"55402"
24-02-2022,"Project Manager","Synergy Infotech",synergy-infotech.com,,"$70 - $90 an hour",,"Hiawatha area",Minneapolis,MN,"55417"
23-02-2022,"Internship Program Coordinator (on-site)","Summit Academy OIC",saoic.org,"Higher Education",,,"Sumner-Glenwood area",Minneapolis,MN,"55405"
23-02-2022,"Marketing Associate","Fidelity Bank MN",,,,,,Minneapolis,MN,"55435"
24-02-2022,"Pediatric Pharmaceutical Sales Specialist - Minneapolis","Azurity Pharmaceuticals",,,,,,Minneapolis,MN,""
24-02-2022,"Career Counselor, MN Family Resiliency Partnership",Avivo,avivomn.org,"Individual & Family Services",,,"Seward area",Minneapolis,MN,"55406"
24-02-2022,"Grant and Revenue Accountant","People Serving People",peopleservingpeople.org,"Nonprofit Organization Management","$60,000 a year",Remote,,"Hybrid remote in Minneapolis",MN,""
23-02-2022,"Retail District Manager Trainee","Speedway - Region 43",,,,,,Minneapolis,MN,""
24-02-2022,"Administrative Coordinator","Pace Analytical Services, LLC",,,"$14 - $15 an hour",,"University District area",Minneapolis,MN,"55414"
22-02-2022,Accountant,"HM Cragg",hmformals.com,,,,,Minneapolis,MN,"55439"
22-02-2022,"Planner II","Landform Professional Services, LLC",landform.net,Design,,,"Downtown West area",Minneapolis,MN,"55401"
23-02-2022,"Research Associate (2079)","Integrity Marketing Group",integritymarketing.com,Insurance,,,"Downtown West area",Minneapolis,MN,"55402"
22-02-2022,"Business Office Manager","QHR Health",qhr.com,"Hospital & Health Care",,,"Elliot Park area",Minneapolis,MN,"55404"
24-02-2022,"Paint & Finishes Manager","Murphy Bros Design Build Remodel",,,"$65,000 - $95,000 a year",,"Southeast Como area",Minneapolis,MN,"55413"
24-02-2022,"Sales Manager","Purpose Driven Restoration LLC",,,"$85,000 - $150,000 a year",,,Minneapolis,MN,""
22-02-2022,"Communications Manager","Open Access Technology International, Inc.",oatiinc.com,,,,"Columbia Park area",Minneapolis,MN,"55418"
24-02-2022,"Project Manager",EnviroServe,enviroserve.com,"Environmental Services",,,,Minneapolis,MN,""
24-02-2022,"Manager - Community Engagement","EDF Renewables",edf-re.com,"Renewables & Environment",,,,Minneapolis,MN,""
23-02-2022,"Business Development Manager",Onsharp,onsharp.com,"Information Technology & Services",,,"North Loop area",Minneapolis,MN,"55401"
24-02-2022,"Service Coordinator","Miner, LTD",minercorp.com,"Facilities Services",,,"Bryn Mawr area",Minneapolis,MN,"55405"
24-02-2022,"Branch Manager","Greenix PC",greenixpc.com,"Consumer Services","$50,000 - $65,000 a year",,,Minneapolis,MN,"55428"
23-02-2022,"Marketing and Communications Manager","SEARCH INSTITUTE",search-institute.org,"Nonprofit Organization Management",,,,Minneapolis,MN,""
23-02-2022,"Electronic Card Access Installation Project Manager","E Lock Systems",,,"$70,000 - $80,000 a year",,,Minneapolis,MN,""
23-02-2022,"Sales Account Executive","IMAGINiT Technologies",imaginit.com,"Computer Software",,,,Minneapolis,MN,""
24-02-2022,"Maintenance Supervisor","Saturday Properties LLC",saturdayproperties.com,"Real Estate",,,"Lowry Hill East area",Minneapolis,MN,"55408"
23-02-2022,"Warehouse Material Handler",Pervenio,pervenio.com,"Staffing & Recruiting",,,"North Loop area",Minneapolis,MN,"55401"
22-02-2022,"Operations Support Team Manager","Simpson Housing Services",simpsonhousing.org,"Individual & Family Services","$56,000 - $70,000 a year",,"Bryn Mawr area",Minneapolis,MN,"55405"
23-02-2022,"Branch Manager","Circle Logistics",circledelivers.com,"Logistics & Supply Chain",,,,Minneapolis,MN,"55111"
23-02-2022,"Database and CRM Specialist","Minnesota Timberwolves & Lynx",timberwolvesbasketballacademy.com,"Management Consulting",,,,Minneapolis,MN,""
24-02-2022,"Large Format Installer / Finisher",Visions,visionssoftware.com,"Information Technology & Services",,,,Minneapolis,MN,"55449"
24-02-2022,"Community Safety Manager","People Serving People",peopleservingpeople.org,"Nonprofit Organization Management","$55,000 a year",,"Downtown East area",Minneapolis,MN,"55415"
24-02-2022,"Business Development Territory Manager- specialized industri...","The Christy Companies",,,,,,Minneapolis,MN,""
24-02-2022,"Facilities Manager","Trinity Property Consultants",trinity-pm.com,"Real Estate",,,"Prospect Park area",Minneapolis,MN,"55414"
24-02-2022,"C# Full-Stack Developer (50% Production Support)",acs-team,acs-team.com,"Information Technology & Services","Up to $55 an hour",Remote,,"Remote in Minneapolis",MN,""
24-02-2022,"Program Manager",Xinnovit,xinnovit.com,"Information Technology & Services",,,"Hiawatha area",Minneapolis,MN,"55417"
22-02-2022,"Government Project Architect","Cushing Terrell",cushingterrell.com,"Architecture & Planning",,,"North Loop area",Minneapolis,MN,"55401"
24-02-2022,"Retail Assistant Manager","Speedway ? Region 43",,,"$16 - $17 an hour",,,Minneapolis,MN,""
22-02-2022,"Digital Advertising Specialist","Titan Machinery",titanmachinery.com,Machinery,,Remote,,"Remote in Minneapolis",MN,""
24-02-2022,"Final Mile Project Manager",GlobalTranz,globaltranz.com,"Logistics & Supply Chain",,,,Minneapolis,MN,""
23-02-2022,"Project Manager (Telecom)","Mastech Digital",mastechdigital.com,"Information Technology & Services","$48.50 an hour",,"Downtown West area",Minneapolis,MN,"55402"
23-02-2022,"HR Generalist ? Talent Management","NorthRock Partners",northrockpartners.com,"Financial Services",,,"Downtown West area",Minneapolis,MN,"55402"
24-02-2022,"Design Drafter","Process Displays, LLC",,,"$28 - $34 an hour",,,Minneapolis,MN,"55427"
23-02-2022,"IT Support Specialist","Visualutions, Inc.",,,"$46,000 - $55,000 a year",,,Minneapolis,MN,""
24-02-2022,"Mitigation/Restoration Project Manager","SERVPRO of Minnetonka",servprominnetonka.com,"Consumer Services","$45,000 - $95,000 a year",,,Minneapolis,MN,""
23-02-2022,"SUD Assessor - Corrections","CREATE, Inc.",createinc.org,"Nonprofit Organization Management","$52,000 - $56,000 a year",,,Minneapolis,MN,""
22-02-2022,"Housekeeping Supervisor","Sage Hospitality",sagehospitality.com,Hospitality,,,"Downtown West area",Minneapolis,MN,"55401"
24-02-2022,"District Manager","My Burger",myburgerusa.com,Restaurants,,,"Downtown West area",Minneapolis,MN,"55402"
22-02-2022,"Branch Manager",GardaWorld,gardaglobal.com,,,,"Downtown East area",Minneapolis,MN,"55415"
23-02-2022,"Payroll Accounts Manager","Payroll Direct, Inc.",,,"$24 - $30 an hour",Remote,,"Temporarily Remote in Minneapolis",MN,""
23-02-2022,"Permanent Supportive Housing Case Manager","Our Saviour's Community Services",oscs-mn.org,,"$18 - $20 an hour",,,Minneapolis,MN,""
22-02-2022,"Accounts Receivable Collection Specialist","Agmotion Inc.",,,,,"Downtown West area",Minneapolis,MN,"55402"
24-02-2022,"Project Manager","Prima Power Laserdyne",primapower.com,Machinery,"$60,000 - $90,000 a year",,,Minneapolis,MN,"55428"
23-02-2022,"Area Sales Manager","Global Lending Services",glsauto.com,"Financial Services",,,,Minneapolis,MN,""
24-02-2022,"QUALITY TECHNICIAN WEEKEND SHIFT","Wanner Engineering",hydra-cell.com,"Mechanical Or Industrial Engineering","$50,000 - $75,000 a year",,"North Loop area",Minneapolis,MN,"55403"
24-02-2022,"Large Format Installer / Finisher",Visions,visionssoftware.com,"Information Technology & Services",,,,Minneapolis,MN,"55449"
24-02-2022,"Design Drafter","Process Displays, LLC",,,"$28 - $34 an hour",,,Minneapolis,MN,"55427"
24-02-2022,"Mitigation/Restoration Project Manager","SERVPRO of Minnetonka",servprominnetonka.com,"Consumer Services","$45,000 - $95,000 a year",,,Minneapolis,MN,""
23-02-2022,"SUD Assessor - Corrections","CREATE, Inc.",createinc.org,"Nonprofit Organization Management","$52,000 - $56,000 a year",,,Minneapolis,MN,""
23-02-2022,Dispatcher,"Park 'N Fly",pnf.com,"Leisure, Travel & Tourism","$15 an hour",,"Howe area",Minneapolis,MN,"55406"
24-02-2022,"Talent Acquisition Partner","Supporting Strategies",supportingstrategies.com,Accounting,"$85,000 - $95,000 a year",,,Minneapolis,MN,""
24-02-2022,"Maintenance and Damage Manager","Avis Budget Group",avisbudgetgroup.com,"Leisure, Travel & Tourism","From $65,000 a year",,"Minneapolis - St. Paul International Airport area",Minneapolis,MN,"55450"
23-02-2022,"Workforce Experience Design Lead (Remote)",Leapgen,leapgen.com,"Human Resources",,Remote,,"Remote in Minneapolis",MN,""
24-02-2022,"EOS Integrator with Finance experience / CFO","Kramer Services",,,"$85,000 - $125,000 a year",,,Minneapolis,MN,""
22-02-2022,"Cabinet Builder","Peabody Enterprises, Inc.",,,"$22 - $27 an hour",,"Mckinley area",Minneapolis,MN,"55412"
22-02-2022,"Archaeological Field Lead 2 - MN",Merjent,merjent.com,"Environmental Services",,,"North Loop area",Minneapolis,MN,"55401"
23-02-2022,"RN Clinical Educator/Staff Development - long term care","JONES HARRISON",jones-harrison.org,"Hospital & Health Care",,,"Cedar-Isles-Dean area",Minneapolis,MN,"55416"
24-02-2022,"Field Service Representative (FSR)","KASCO CORPORATION",kasco.com,"Food & Beverages","From $21.15 an hour",,,Minneapolis,MN,""
23-02-2022,"Executive Housekeeper","Elliot Park Hotel",elliotparkhotel.com,Hospitality,,,"Ventura Village area",Minneapolis,MN,"55404"
23-02-2022,"Real Estate Mortgage Compliance Officer - Minneapolis, MN","Bell Bank",bell.bank,Banking,,,,Minneapolis,MN,"55416"
23-02-2022,"Payroll Specialist","CSI Accounting Services",,,"$18 - $27 an hour",,,Minneapolis,MN,"55416"
24-02-2022,"Training Operations Manager","SEARCH INSTITUTE",search-institute.org,"Nonprofit Organization Management","$55,000 - $75,000 a year",,,Minneapolis,MN,""
23-02-2022,".Net Full stack Developer ( FULL TIME)","Kani Solutions",,,,Remote,,"Temporarily Remote in Minneapolis",MN,""
24-02-2022,"HR Coordinator","Broadway Equipment Company",broadwayequipment.com,Machinery,"$20 - $23 an hour",,,Minneapolis,MN,""
23-02-2022,"Coding Specialist","MNGI Digestive Health",mngi.com,"Medical Practice",,,,Minneapolis,MN,"55413"
24-02-2022,"Reporting Analyst (Customer Facing) - Virtual/Remote","Arch Advisory Group",archadvisorygroup.com,,,Remote,,"Remote in Minneapolis",MN,""
23-02-2022,"Auto Body Painter","Lupient Automotive Group",lupient.com,Automotive,,,,Minneapolis,MN,"55445"
23-02-2022,"Spanish Speaking Recruiter","Jack Links Protein Snacks",jacklinks.com,"Consumer Goods",,,"Downtown West area",Minneapolis,MN,"55403"
24-02-2022,"Salesforce Developer","Everlight Solar",everlightsolar.com,"Renewables & Environment","$80,000 a year",Remote,,"Remote in Minneapolis",MN,""
23-02-2022,"Engagement Manager","Arch Amenities Group",,,,,"Downtown West area",Minneapolis,MN,"55402"
24-02-2022,"Instructional Designer",Ceridian,cerdian.com,,,Remote,,"Remote in Minneapolis",MN,""
23-02-2022,"Product Owner, Content Search",Sitecore,sitecore.com,"Computer Software",,,"Loring Park area",Minneapolis,MN,"55403"
24-02-2022,"Enterprise Account Executive",Queue-it,queue-it.com,"Computer Software",,,"Downtown West area",Minneapolis,MN,"55402"
23-02-2022,"RN House Supervisor - long term care","JONES HARRISON",jones-harrison.org,"Hospital & Health Care","$37 - $43 an hour",,"Cedar-Isles-Dean area",Minneapolis,MN,"55416"
24-02-2022,"Area Service Manager","Broadway Equipment Company",broadwayequipment.com,Machinery,"$18 - $21 an hour",,,Minneapolis,MN,""
23-02-2022,"Assistant Director of Finance","Royal Sonesta Downtown Minneapolis",,,,,"Downtown West area",Minneapolis,MN,"55402"
24-02-2022,"Quality Assurance Manager","Boker's, Inc.",,,"$80,000 - $90,000 a year",,"Longfellow area",Minneapolis,MN,"55406"
24-02-2022,"Technical Recruiter",DISYS,disys.com,"Software Development & Design, Software, Custom Software & Technical Consulting, Enterprise Resource","$52,000 a year",,"Downtown West area",Minneapolis,MN,"55402"
22-02-2022,"Area Supervisor","Harvard Maintenance, Inc",harvardmaint.com,"Facilities Services","$19 an hour",,"Downtown West area",Minneapolis,MN,"55402"
23-02-2022,"Technical Product Manager - 100% REMOTE",EZRecruit,,,"$100,000 - $130,000 a year",Remote,,"Remote in Minneapolis",MN,""
23-02-2022,"District Manager Trainee","Speedway - Region 43",,,,,,Minneapolis,MN,""
24-02-2022,"Lead Salesforce Developer - REMOTE","Gregory Laka and Company",laka.com,"Staffing & Recruiting","$85,000 - $125,000 a year",Remote,,"Remote in Minneapolis",MN,""
24-02-2022,"Payroll Coordinator","Broadway Equipment Company",broadwayequipment.com,Machinery,"$20 - $22 an hour",,,Minneapolis,MN,""
22-02-2022,"Government Project Architect","Cushing Terrell",cushingterrell.com,"Architecture & Planning",,,"North Loop area",Minneapolis,MN,"55401"
23-02-2022,"Apprentice, Service Technician","Miner, LTD",minercorp.com,"Facilities Services",,,"Bryn Mawr area",Minneapolis,MN,"55405"
23-02-2022,"Accounts Receivable Supervisor",Benedictine,ben.edu,"Higher Education","$55,000 - $75,000 a year",,,Minneapolis,MN,"55432"
22-02-2022,"Government Project Architect","Cushing Terrell",cushingterrell.com,"Architecture & Planning",,,"North Loop area",Minneapolis,MN,"55401"
24-02-2022,"Estimator/Project Manager","Park Construction Company",,,"$85,000 - $100,000 a year",,,Minneapolis,MN,"55432"
24-02-2022,"Manager, Commercial Excellence",Ceridian,cerdian.com,,,Remote,,"Remote in Minneapolis",MN,""
23-02-2022,"Clinical Manager, RN","Accurate Home Care",accuratehomecare.com,"Hospital & Health Care",,,"North Loop area",Minneapolis,MN,"55401"
22-02-2022,"Business Relationship Manager - IT Retail Domain","Tech Intellectuals",techintellectuals.com,"Computer Software","$130,000 - $160,000 a year",,,Minneapolis,MN,""
23-02-2022,"Mechanical Technician","SUEZ Water Technologies & Solutions",,,,,,Minneapolis,MN,"55111"
23-02-2022,"Subsurface Utility Engineering (SUE) Field Technician ll","T2 UES,Inc.",,,,,,Minneapolis,MN,"55432"
23-02-2022,"Information Technology - Vice President Analytics Software D...","BMS Re",bmsgroup.com,Insurance,,,,Minneapolis,MN,"55435"
23-02-2022,"NOC Technician-REMOTE","CCI Systems, Inc.",ccisystems.com,"Information Technology & Services",,Remote,,"Remote in Minneapolis",MN,""
24-02-2022,"Shipping Manager","Broadway Equipment Company",broadwayequipment.com,Machinery,"$20 an hour",,,Minneapolis,MN,""
23-02-2022,"Field Service Technician","The Walman Optical Company",walmanoptical.com,"Medical Devices",,,"Near North area",Minneapolis,MN,"55411"
22-02-2022,"Customer Success Manager IV",Ceridian,cerdian.com,,,Remote,,"Remote in Minneapolis",MN,""
23-02-2022,"Human Resources Generalist","Walker Art Center",walkerart.org,"Museums & Institutions","$55,000 - $65,000 a year",,,Minneapolis,MN,""
24-02-2022,"Research Professional 2","University of Minnesota",,,,,,Minneapolis,MN,""
24-02-2022,"Utilization Management Specialist (Remote)","Allina Health System",allinahealth.org,"Hospital & Health Care",,Remote,,"Remote in Minneapolis",MN,""
24-02-2022,"RN Patient Placement Central Access","Allina Health System",allinahealth.org,"Hospital & Health Care",,,,Minneapolis,MN,""
24-02-2022,"Graphic Designer ? Technical Illustrator","Barr Engineering",barr.com,"Environmental Services",,,,Minneapolis,MN,"55435"
24-02-2022,"Research Project Specialist, KernzaCAP/Green Lands Blue Wate...","University of Minnesota",,,,,,Minneapolis,MN,""
24-02-2022,"Utilization Management Specialist (Remote)","Allina Health System",allinahealth.org,"Hospital & Health Care",,Remote,,"Remote in Minneapolis",MN,""
24-02-2022,"RN Patient Placement Central Access","Allina Health System",allinahealth.org,"Hospital & Health Care",,,,Minneapolis,MN,""
24-02-2022,"Utilization Management Specialist","Allina Health System",allinahealth.org,"Hospital & Health Care",,,,Minneapolis,MN,""
24-02-2022,"Human Resources Manager (part-time)","Wagner Greenhouses and Garden Centers",wagnergreenhouses.com,"Consumer Goods","$30 - $35 an hour",,,Minneapolis,MN,""
24-02-2022,"Program/Project Manager",Trissential,trissential.com,"Information Technology & Services",,,"Howe area",Minneapolis,MN,"55406"
23-02-2022,"Landscape Project Manager Assistant (PT)","Trio Landscaping",,,"$20 - $35 an hour",,"Regina area",Minneapolis,MN,"55407"
24-02-2022,"Landscape Project Manager assistant","Trio Landscaping",,,"$20 - $35 an hour",,,Minneapolis,MN,""
22-02-2022,"Curriculum Specialist - Part-time (Midwest)","Savvas Learning Company",savvas.com,"Education Management",,,,Minneapolis,MN,""
24-02-2022,"Program Manager -","ePATHUSA Inc",epathusa.net,"Information Technology & Services",,,"Hiawatha area",Minneapolis,MN,"55417"
24-02-2022,"Program/Project Manager/18 month contract /Local candidates...","NorthShore Resources, Inc.",gonorthshore.com,"Information Technology & Services",,,"Wenonah area",Minneapolis,MN,"55417"
24-02-2022,"Project/Program Manager","InnoSoul Inc.",,,"Up to $125 an hour",,"Hiawatha area",Minneapolis,MN,"55417"
24-02-2022,"Program/Project Manager",Trissential,trissential.com,"Information Technology & Services",,,"Howe area",Minneapolis,MN,"55406"
24-02-2022,"Project Manager","Synergy Infotech",synergy-infotech.com,,"$70 - $90 an hour",,"Hiawatha area",Minneapolis,MN,"55417"
24-02-2022,"C# Full-Stack Developer (50% Production Support)",acs-team,acs-team.com,"Information Technology & Services","Up to $55 an hour",Remote,,"Remote in Minneapolis",MN,""
24-02-2022,"Program Manager",Xinnovit,xinnovit.com,"Information Technology & Services",,,"Hiawatha area",Minneapolis,MN,"55417"
23-02-2022,"Project Manager (Telecom)","Mastech Digital",mastechdigital.com,"Information Technology & Services","$48.50 an hour",,"Downtown West area",Minneapolis,MN,"55402"
24-02-2022,"EOS Integrator with Finance experience / CFO","Kramer Services",,,"$85,000 - $125,000 a year",,,Minneapolis,MN,""
23-02-2022,"SAC Lead Program Staff - Summer","YMCA of the North",ymcanorth.org,"Nonprofit Organization Management",,,"Willard Hay area",Minneapolis,MN,"55411"
23-02-2022,"SAC Lead Program Staff - Summer","YMCA of the North",ymcanorth.org,"Nonprofit Organization Management",,,"Lyndale area",Minneapolis,MN,"55408"
24-02-2022,".NET Backend Azure Developer (long term)","Metropolitan Council",metrocouncil.org,"Government Administration",,,,Minneapolis,MN,""
22-02-2022,"Patient Financial Services Rep - Remote","Fairview Health Services",fairview.org,"Hospital & Health Care",,Remote,,"Remote in Saint Paul",MN,""
24-02-2022,"Project Manager - Human Services Program Consultant","State of Minnesota",mn.gov,"Government Administration","$31.35 - $46.49 an hour",Remote,,"Remote in Saint Paul",MN,""
23-02-2022,"Human Resources Generalist","Vivacity Tech",,,"$60,000 - $75,000 a year",,"Merrlam Park area","Saint Paul",MN,"55104"
22-02-2022,"Human Resource Specialist (27532)","Lutheran Social Service of Minnesota",lssmn.org,"Nonprofit Organization Management","$50,000 - $56,000 a year",,"St. Anthony area","Saint Paul",MN,"55108"
24-02-2022,"Insurance Verification Specialist","Natalis Psychology",natalispsychology.com,"Mental Health Care",,,,"Saint Paul",MN,"55108"
24-02-2022,"Compliance Specialist - Human Services Program Representativ...","State of Minnesota",mn.gov,"Government Administration","$28.25 - $41.63 an hour",,,"Saint Paul",MN,""
24-02-2022,"Project Manager 2 (On-Site)",sgsco,sgsco.com,"Marketing & Advertising",,,"Battle Creek area","Saint Paul",MN,"55144"
22-02-2022,"Account Executive","Securian Financial Group",financialfocusgroup.net,"Financial Services",,,"Downtown area","Saint Paul",MN,"55101"
23-02-2022,"Planner Principal State - Mental Health Systems Coordinator","State of Minnesota",mn.gov,"Government Administration","$28.25 - $41.63 an hour",,,"Saint Paul",MN,""
24-02-2022,"Program Assistant - Office & Admin Specialist Int","State of Minnesota",mn.gov,"Government Administration","$18.10 - $24.00 an hour",,,"Saint Paul",MN,""
23-02-2022,"Counsel - Employment Law","The Travelers Companies, Inc.",,,,Remote,,"Hybrid remote in Saint Paul",MN,""
23-02-2022,"Volunteer Services Specialist (27832)","Lutheran Social Service of Minnesota",lssmn.org,"Nonprofit Organization Management",,,"St. Anthony area","Saint Paul",MN,"55108"
24-02-2022,"Project Manager 2 (On-Site)","Southern Graphic Systems, LLC",,,,,"Battle Creek area","Saint Paul",MN,"55144"
23-02-2022,"Event Coordinator","St. Catherine University",stkate.edu,"Higher Education",,,"Highland area","Saint Paul",MN,"55105"
24-02-2022,"Purchasing Agent","Metropolitan Council",metrocouncil.org,"Government Administration","$70,408 - $106,246 a year",Remote,,"Remote in Saint Paul",MN,""
22-02-2022,"Account Manager","Securian Financial Group",financialfocusgroup.net,"Financial Services",,,"Downtown area","Saint Paul",MN,"55101"
22-02-2022,"Mid-Market Account Rep","Xcel Energy",xcelenergy.com,Utilities,"$58,000 - $82,666 a year",,"North End area","Saint Paul",MN,"55117"
24-02-2022,"Customer Issue Resolution Analyst, US Remote",3M,3m.comcareers,,,Remote,,"Remote in Saint Paul",MN,""
22-02-2022,"Project Manager","Southview Design Inc",,,,,,"Saint Paul",MN,"55120"
23-02-2022,"Labor Relations Manager","State of Minnesota",mn.gov,"Government Administration","$72,578 - $104,901 a year",,,"Saint Paul",MN,""
24-02-2022,"Warehouse Supervisor","SBS Group of Companies",sbs-intl.com,"Logistics & Supply Chain","$21 - $23 an hour",,,"Saint Paul",MN,"55113"
23-02-2022,"Executive Administrative Assistant - Office & Admin Speciali...","State of Minnesota",mn.gov,"Government Administration","$21.02 - $28.37 an hour",,,"Saint Paul",MN,""
22-02-2022,"Development Coordinator","American Lung Association",lungs.org,,,,,"Saint Paul",MN,""
22-02-2022,"Training Manager - Product Education","Johnson Brothers Liquor Co",johnsonbrothers.com,"Wine & Spirits",,,"West 7th area","Saint Paul",MN,"55116"
23-02-2022,"Assoc Producer/Host, The Current's Morning Show","Minnesota Public Radio",mpr.org,"Broadcast Media","$20.19 - $30.29 an hour",,,"Saint Paul",MN,"55101"
24-02-2022,"Director of Advancement Communications and Marketing","University of St Thomas",stthomas.edu,"Higher Education",,,"Merriam Park area","Saint Paul",MN,"55105"
23-02-2022,"AFTERNOON SHOW HOST/CREATIVE SERVICES DIRECTOR","University of Northwestern St. Paul",unwsp.edu,"Higher Education",,,,"Saint Paul",MN,"55113"
22-02-2022,"Patient Financial Services Rep - Remote","Fairview Health Services",fairview.org,"Hospital & Health Care",,Remote,,"Remote in Saint Paul",MN,""
23-02-2022,"Program Manager",Guild,builtbyguild.com.au,Construction,"$75,000 a year",Remote,,"Hybrid remote in Saint Paul",MN,""
24-02-2022,"Program Manager I",Minnetronix,,,,,"St. Anthony area","Saint Paul",MN,"55108"
23-02-2022,"Clinic Business Representative","Allina Health System",allinahealth.org,"Hospital & Health Care",,,,"Saint Paul",MN,""
23-02-2022,"Full-Time Assistant Store Manager",ALDI,aldi.pl,Retail,"$22.50 an hour",,,"Saint Paul",MN,""
24-02-2022,"Manager, Information Delivery","The Travelers Companies, Inc.",,,,Remote,,"Hybrid remote in Saint Paul",MN,""
24-02-2022,"Director of Property Management","CommonBond Communities",commonbond.org,"Nonprofit Organization Management",,,"West 7th area","Saint Paul",MN,"55116"
22-02-2022,"Compensation Analyst (27782)","Lutheran Social Service of Minnesota",lssmn.org,"Nonprofit Organization Management","$60,000 a year",,"St. Anthony area","Saint Paul",MN,"55108"
22-02-2022,"ITS Service Desk Manager","Bethel University",bethel.edu,"Higher Education",,,,"Saint Paul",MN,"55112"
24-02-2022,"DME Customer Support Specialist","Fairview Health Services",fairview.org,"Hospital & Health Care",,,"St. Anthony area","Saint Paul",MN,"55114"
23-02-2022,"General Manager","Drury Hotels",druryhotels.com,Hospitality,,,,"Saint Paul",MN,"55101"
22-02-2022,"Business Analyst","Goodwill-Easter Seals MN",goodwilleasterseals.org,"Nonprofit Organization Management","$31.25 - $33.65 an hour",,"Merrlam Park area","Saint Paul",MN,"55104"
24-02-2022,"MMIS Application Management Supervisor - Systems Supervisor","State of Minnesota",mn.gov,"Government Administration","$77,026 - $132,191 a year",,,"Saint Paul",MN,""
24-02-2022,"Director of Property Management","CommonBond Communities",commonbond.org,"Nonprofit Organization Management",,,"West 7th area","Saint Paul",MN,"55116"
23-02-2022,"Account Executive",VC3,vc3.com,"Information Technology & Services",,,,"Saint Paul",MN,""
22-02-2022,"Assistant Construction Project Manager",Harris,harriscompany.com,Construction,,,"West 7th area","Saint Paul",MN,"55102"
24-02-2022,"Temporary Roving PM Compliance Tech","CommonBond Communities",commonbond.org,"Nonprofit Organization Management",,,"West 7th area","Saint Paul",MN,"55116"
24-02-2022,"Facilities Designer","Calspan Corporation",calspan.com,"Aviation & Aerospace",,,"West Side area","Saint Paul",MN,"55107"
22-02-2022,"Community Engagement Manager - Affordable Housing","CommonBond Communities",commonbond.org,"Nonprofit Organization Management",,,"West 7th area","Saint Paul",MN,"55116"
22-02-2022,"Affordable Housing Program Manager-Arts and Community Engage...","CommonBond Communities",commonbond.org,"Nonprofit Organization Management",,,"West 7th area","Saint Paul",MN,"55116"
22-02-2022,"Provider/Physician Recruiter - Remote","The Emily Program",emilyprogram.com,"Mental Health Care",,Remote,,"Remote in Saint Paul",MN,""
22-02-2022,"Customer Service Rep 3 - Wire Transfer","U.S. Bank",whitefortcapital.com,,,,,"Saint Paul",MN,""
22-02-2022,"Product Manager","Cardiovascular Systems, Inc.",csi360.com,"Medical Devices",,,,"Saint Paul",MN,""
23-02-2022,"Operations Manager","Pacific Dental Services",pacden.com,,,,,"Saint Paul",MN,"55101"
23-02-2022,"Marketing Proposal Manager","Wold Architects and Engineers",woldae.com,"Architecture & Planning",,,"Downtown area","Saint Paul",MN,"55101"
24-02-2022,"Temporary Roving PM Compliance Tech","CommonBond Communities",commonbond.org,"Nonprofit Organization Management",,,"West 7th area","Saint Paul",MN,"55116"
22-02-2022,"Facilities Services Tech","The Emily Program",emilyprogram.com,"Mental Health Care",,,"St. Anthony area","Saint Paul",MN,"55108"
23-02-2022,"Planner Principal State - CYSHN Planner","State of Minnesota",mn.gov,"Government Administration","$28.25 - $41.63 an hour",,,"Saint Paul",MN,""
24-02-2022,"Cyber Operations Manager","Minnesota Judicial Branch",mncourts.gov,,"$87,696 - $135,887 a year",Remote,,"Remote in Saint Paul",MN,""
23-02-2022,"DME Customer Support Specialist - Partial Remote","Fairview Health Services",fairview.org,"Hospital & Health Care",,Remote,,"Remote in Saint Paul",MN,""
23-02-2022,"Finance Specialist - Transp Prog Specialist 3","State of Minnesota",mn.gov,"Government Administration","$25.50 - $37.44 an hour",,,"Saint Paul",MN,""
24-02-2022,"Manager, Manufacturing","American Red Cross",redcross.org,"Nonprofit Organization Management",,,,"Saint Paul",MN,"55130"
24-02-2022,"Survey Crew Leader","City of St. Paul",stpaul.gov,"Government Administration","$55,307 - $74,984 a year",,,"Saint Paul",MN,""
22-02-2022,"Infrastructure Analyst","Bethel University",bethel.edu,"Higher Education",,,,"Saint Paul",MN,"55112"
24-02-2022,"Key Account Manager, Scotchlite? Industrial Wash Segment Man...",3M,3m.comcareers,,,,,"Saint Paul",MN,""
23-02-2022,"Technician II Failure Analysis","Abbott Laboratories",abbottnutrition.com,Research,,,,"Saint Paul",MN,""
24-02-2022,"Lead Cloud Developer - ITS5","State of Minnesota",mn.gov,"Government Administration","$34.63 - $59.22 an hour",,,"Saint Paul",MN,""
23-02-2022,"RF Test Technician","Cohu, Inc.",,,,,,"Saint Paul",MN,""
23-02-2022,"General Foreperson","Wright Tree Service",wrighttree.com,"Environmental Services",,,,"Saint Paul",MN,""
23-02-2022,"Manager Production - St. Paul, MN","Canadian Pacific",cpr.ca,Transportation/Trucking/Railroad,,,"Battle Creek area","Saint Paul",MN,"55106"
22-02-2022,"Manager, Project Implementation (Gvmt. Websites)",Granicus,,,,,"West 7th area","Saint Paul",MN,"55102"
22-02-2022,"Residency Coordinator (Bethesda Clinic) - 1.0 FTE","University of Minnesota Physicians",mphysicians.org,"Hospital & Health Care",,,"Thomas Dale area","Saint Paul",MN,"55103"
22-02-2022,"Construction Project Manager",Harris,harriscompany.com,Construction,,,"West 7th area","Saint Paul",MN,"55102"
22-02-2022,"Manager IT Infrastructure","Infra Space Solutions",,,,,,"Saint Paul",MN,""
24-02-2022,"Gausman & Moore Division ? Mechanical Designer #2130","Ayres Associates",ayresassociates.com,"Civil Engineering",,,,"Saint Paul",MN,""
23-02-2022,"Maintenance Manager C43","Saint Paul Public Housing",stpha.org,"Government Administration",,,,"Saint Paul",MN,"55101"
23-02-2022,"Account Representative","Dairy Farmers of America, Inc.",,,"$55,000 - $70,000 a year",,,"Saint Paul",MN,""
23-02-2022,"Community Development Associate","Minnesota Housing Partnership",,,"$42,000 - $46,000 a year",Remote,,"Remote in Saint Paul",MN,""
23-02-2022,"Survey Research Manager",Numerator,numerator.com,"Market Research",,Remote,,"Remote in Saint Paul",MN,""
22-02-2022,"Digital Sales Account Executive","Dogwood Services",,,"$70,003 - $80,089 a year",,,"Saint Paul",MN,""
23-02-2022,"In-Home Services Manager","Supportive Living Solutions",gosupportive.com,"Mental Health Care","$50,000 - $70,000 a year",,,"Saint Paul",MN,""
23-02-2022,"Office Generalist","The Sanneh Foundation",thesannehfoundation.org,"Nonprofit Organization Management","$40,000 - $45,000 a year",,"Merriam Park area","Saint Paul",MN,"55104"
24-02-2022,"Assistant General Manager","SeaQuest Management Inc.",visitseaquest.com,Entertainment,,,,"Saint Paul",MN,"55113"
23-02-2022,"Assistant Property Manager - Vintage on Selby Apartments","Lincoln Property Company",lpcretail.com,,,,"Merriam Park area","Saint Paul",MN,"55104"
24-02-2022,"Corporate Trainer","Crystal D Awards",,,"$55,000 - $60,000 a year",Remote,,"Remote in Saint Paul",MN,""
24-02-2022,"Shipping Manager","Amidon Graphics Inc",,,"$35,000 - $60,000 a year",,"Highland area","Saint Paul",MN,"55116"
22-02-2022,"Executive Assistant","Boys & Girls Clubs of the Twin Cities",boysandgirls.org,"Nonprofit Organization Management","$22 - $25 an hour",,,"Saint Paul",MN,""
24-02-2022,"Store/Project Manager (Design + Print)",PostNet,postnet.com,Printing,"$18 - $20 an hour",,"Highland area","Saint Paul",MN,"55116"
24-02-2022,"QA Analyst",Xinnovit,xinnovit.com,"Information Technology & Services","$21 - $60 an hour",,"Greater Eastside area","Saint Paul",MN,"55106"
23-02-2022,"Assistant Front Office Manager","InterContinental Minneapolis-St. Paul Airport",intercontinentalmsp.com,Hospitality,"$46,000 a year",,,"Saint Paul",MN,"55111"
24-02-2022,"HH-Office Admin Instructor","Hubert Humphrey Job Corps Center",,,,,,"Saint Paul",MN,"55108"
23-02-2022,"Student Human Resources Manager","Hubert H. Humphrey Job Corps Center",,,,,,"Saint Paul",MN,"55108"
24-02-2022,"Construction Technician","HR Green",hrgreen.com,"Civil Engineering",,,"St. Anthony area","Saint Paul",MN,"55114"
23-02-2022,"Data Analyst","Entira Family Clinics",entirafamilyclinics.com,"Medical Practice","$30 - $45 an hour",,,"Saint Paul",MN,"55117"
23-02-2022,Recruiter,"Dependable Home Health Care Inc",dependable-care.com,"Hospital & Health Care",,Remote,,"Remote in Saint Paul",MN,""
22-02-2022,"Assistant Manager","Fitness International, LLC (LA Fitness)",,,,,,"Saint Paul",MN,""
24-02-2022,"Residential Services Manager","Pathways to Community",pathwaystocommunity.com,"Individual & Family Services",,,"Merriam Park area","Saint Paul",MN,"55104"
24-02-2022,"PCA Supervisor","Personal Care Assistance LLC",,,"$20 an hour",,,"Saint Paul",MN,"55113"
24-02-2022,"Staff Attorney - Family Law","Southern Minnesota Regional Legal Services",smrls.org,"Legal Services","From $53,509 a year",Remote,,"Hybrid remote in Saint Paul",MN,""
24-02-2022,"Cabinet Inside Sales - All Inc","ALL Inc.",,,,,"West Side area","Saint Paul",MN,"55107"
23-02-2022,"Team Lead - Data EntryMailroom","Informatix, Inc.",informatixinc.com,"Information Technology & Services","$16 an hour",,"Dayton's Bluff area","Saint Paul",MN,"55101"
23-02-2022,"Grants & Development Communications Manager","Girl Scouts River Valleys",,,"$54,162 a year",,"West Side area","Saint Paul",MN,"55107"
23-02-2022,"Front Desk Supervisor","InterContinental Minneapolis-St. Paul Airport",intercontinentalmsp.com,Hospitality,"$20 an hour",,,"Saint Paul",MN,"55111"
23-02-2022,"Front Desk Supervisor","InterContinental Minneapolis-St. Paul Airport",intercontinentalmsp.com,Hospitality,"$20 an hour",,,"Saint Paul",MN,"55111"
22-02-2022,"Golf Apparel Independent Sales Representative","Monterey Club",montereyclub.com,Wholesale,,,,"Saint Paul",MN,""
24-02-2022,"Reporting Analyst (Customer Facing) - Virtual/Remote","Arch Advisory Group",archadvisorygroup.com,,,Remote,,"Remote in Saint Paul",MN,""
23-02-2022,"Property Manager (Plymouth, MN)","CommonBond Communities",commonbond.org,"Nonprofit Organization Management","$50,000 - $57,000 a year",,"West 7th area","Saint Paul",MN,"55116"
23-02-2022,"IT Business Analyst","IP Corporation",ip-corporation.com,Chemicals,,Remote,,"Remote in Saint Paul",MN,""
24-02-2022,"Quality Assurance Analyst (Contractor)","Belmero, Inc.",,,"$60 - $75 an hour",,"Greater Eastside area","Saint Paul",MN,"55106"
24-02-2022,"Engineering Manager","Kendra O'Sullivan Consulting",,,"$80,000 - $85,000 a year",,"Payne Phalen area","Saint Paul",MN,"55106"
23-02-2022,"Entry Level Fitness Manager On Duty! Part Time to Full Time",EXOS,teamexos.com,"Health, Wellness & Fitness","$15 - $16 an hour",,"Highland area","Saint Paul",MN,"55116"
24-02-2022,"Maintenance Tech 4","Saturday Properties LLC",saturdayproperties.com,"Real Estate",,,,"Saint Paul",MN,"55108"
23-02-2022,"IT Help Desk Specialist - Level 2","Schwab Vollhaber Lubratt, Inc",,,"$50,000 - $60,000 a year",,,"Saint Paul",MN,"55113"
24-02-2022,"IT Support Technician","Academia Cesar Chavez Charter School",,,"$19 - $25 an hour",,"Greater Eastside area","Saint Paul",MN,"55119"
23-02-2022,"Talent Acquisition Specialist","Girl Scouts River Valleys",,,,,"West Side area","Saint Paul",MN,"55107"
22-02-2022,"Branch Manager",GardaWorld,gardaglobal.com,,,,,"Saint Paul",MN,""
24-02-2022,"Club Manager","Planet Fitness - PF Baseline Fitness",,,,,,"Saint Paul",MN,"55119"
23-02-2022,"Front End Manager","Mississippi Market Natural Foods Co-op",msmarket.coop,Retail,"From $21 an hour",,"Dayton's Bluff area","Saint Paul",MN,"55106"
22-02-2022,"Sales Compensation and Benefits Manager",Trafera,trafera.com,"Computer Hardware",,,"St. Anthony area","Saint Paul",MN,"55114"
23-02-2022,"Systems and Data Manager",ChromebookParts.com,chromebookparts.com,"Computer Hardware",,,,"Saint Paul",MN,"55110"
23-02-2022,"Quality Improvement Consultant (LPN/RN)","Entira Family Clinics",entirafamilyclinics.com,"Medical Practice","$34 - $55 an hour",,,"Saint Paul",MN,"55117"
23-02-2022,"Sales Account Executive","IMAGINiT Technologies",imaginit.com,"Computer Software",,,,"Saint Paul",MN,""
23-02-2022,"Director of Outpatient Services","Evergreen Recovery",,,"$60,000 - $70,000 a year",,"Como area","Saint Paul",MN,"55108"
24-02-2022,"Warehouse Lead/Supervisor","Oxygen Service Company",oxygenservicecompany.com,Wholesale,,,"Midway area","Saint Paul",MN,"55104"
22-02-2022,"Cloud Architect Manager","defi AUTO, LLC",defisolutions.com,"Financial Services",,,,"Saint Paul",MN,"55101"
24-02-2022,"Maintenance Assistant","Monarch Healthcare Management",monarchmn.com,"Hospital & Health Care",,,"Highland area","Saint Paul",MN,"55116"
24-02-2022,"Quality Assurance Analyst","Genesis?Consulting?Partners,?LLC",,,,,"Dayton's Bluff area","Saint Paul",MN,"55106"
22-02-2022,"Quality Control Coordinator","ePac Flexible Packaging",epacflexibles.com,"Packaging & Containers","Up to $20 an hour",,,"Saint Paul",MN,""
23-02-2022,"RF Test Technician",Cohu,cohu.com,"Electrical/Electronic Manufacturing",,,,"Saint Paul",MN,"55127"
23-02-2022,"Operations Manager","Pacific Dental Services",pacden.com,,,,,"Saint Paul",MN,"55101"
24-02-2022,"Electrical Construction Project Manager","Metro Pros HR",,,,,"West Side area","Saint Paul",MN,"55107"
24-02-2022,"Electrical Designer","Metro Pros HR",,,,,"West Side area","Saint Paul",MN,"55107"
23-02-2022,"Assistant Controller",Tecweigh,tecweigh.com,"Mechanical Or Industrial Engineering",,,,"Saint Paul",MN,"55110"
23-02-2022,"Manager IT Infrastructure - Unique opportunity in St. Paul a...","Infraspace Technology Corp.",infraspace.net,"Computer Software",,,"Downtown area","Saint Paul",MN,"55101"
22-02-2022,"Director of Nursing","Sunlight Senior Living",sunlightseniorliving.com,"Hospital & Health Care","$68,000 - $106,400 a year",,"Summit-University area","Saint Paul",MN,"55103"
23-02-2022,"Maintenance Technician Skilled - The Hill","Steven Scott Management",,,,,"Summit-University area","Saint Paul",MN,"55102"
22-02-2022,"System Installation Technician","KR Wolfe",krwolfe.com,Construction,"$20 - $25 an hour",,,"Saint Paul",MN,""
24-02-2022,"Maintenance Technician (manufacturing environment, repair)-...","Cube Hub Inc",cube-hub.com,"Staffing & Recruiting","$25 - $27 an hour",,"Saint Anthony area","Saint Paul",MN,"55114"
23-02-2022,"Marketing Campaign Lead",Sentera,sentera.com,"Information Technology & Services",,Remote,,"Hybrid remote in Saint Paul",MN,""
23-02-2022,"Quality Improvement Consultant","Entira Family Clinics",entirafamilyclinics.com,"Medical Practice","$34 - $55 an hour",,,"Saint Paul",MN,"55117"
24-02-2022,"Quality Inspector","Tempco Mfg - St. Paul Facility",tempcomfg.com,"Electrical/Electronic Manufacturing","$20 - $26 an hour",,,"Saint Paul",MN,""
23-02-2022,"UX/UI Designer",Sentera,sentera.com,"Information Technology & Services",,Remote,,"Hybrid remote in Saint Paul",MN,""
23-02-2022,"Experienced Gutter Installer","Brothers That Just Do Gutters - St Paul",,,"$15 - $25 an hour",,,"Saint Paul",MN,"55118"
23-02-2022,"Guest Services Coordinator","Allina Health System",allinahealth.org,"Hospital & Health Care",,,,"Saint Paul",MN,""
23-02-2022,"Mother Baby Health Unit Coordinator","Allina Health System",allinahealth.org,"Hospital & Health Care",,,,"Saint Paul",MN,""
24-02-2022,"Ops Manager - Hub","FedEx Ground Careers US",,,"$44,720 - $74,984 a year",,,"Saint Paul",MN,"55115"
23-02-2022,"RN- Emergency Department","Allina Health System",allinahealth.org,"Hospital & Health Care",,,,"Saint Paul",MN,""
22-02-2022,"Ops Manager - Hub","FedEx Ground Careers US",,,"$44,720 - $74,984 a year",,,"Saint Paul",MN,"55115"
23-02-2022,"Ops Manager - Hub","FedEx Ground Careers US",,,"$44,720 - $74,984 a year",,,"Saint Paul",MN,"55115"
24-02-2022,"MEDICAL OFFICE PROFESSIONAL/RECEPTIONIST PART-TIME: NO EVENI...","Maplewood Psychology P.A.",,,"$16 - $18 an hour",,,"Saint Paul",MN,"55109"
23-02-2022,"Part Time Medical Information Specialist-Toxicology (REF9921...","ProPharma Group",propharmagroup.com,Pharmaceuticals,,,"St. Anthony area","Saint Paul",MN,"55114"
22-02-2022,"Assistant Manager","Fitness International, LLC (LA Fitness)",,,,,,"Saint Paul",MN,""
23-02-2022,"Project Manager",Trissential,trissential.com,"Information Technology & Services",,,,"Saint Paul",MN,""
23-02-2022,"Entry Level Fitness Manager On Duty! Part Time to Full Time",EXOS,teamexos.com,"Health, Wellness & Fitness","$15 - $16 an hour",,"Highland area","Saint Paul",MN,"55116"
23-02-2022,"Quality Improvement Consultant (LPN/RN)","Entira Family Clinics",entirafamilyclinics.com,"Medical Practice","$34 - $55 an hour",,,"Saint Paul",MN,"55117"
23-02-2022,"Part Time Medical Information Specialist-Toxicology (REF9920...","ProPharma Group",propharmagroup.com,Pharmaceuticals,,,"St. Anthony area","Saint Paul",MN,"55114"
22-02-2022,"Registered Nurse (RN) Assessment Manager",Cassia,cassiala.com,Restaurants,,,,"Saint Paul",MN,"55117"
23-02-2022,"Quality Improvement Consultant","Entira Family Clinics",entirafamilyclinics.com,"Medical Practice","$34 - $55 an hour",,,"Saint Paul",MN,"55117"
24-02-2022,"Quality Inspector","Tempco Mfg - St. Paul Facility",tempcomfg.com,"Electrical/Electronic Manufacturing","$20 - $26 an hour",,,"Saint Paul",MN,""
24-02-2022,"Maintenance Technician (manufacturing environment, repair)-...","Cube Hub Inc",cube-hub.com,"Staffing & Recruiting","$25 - $27 an hour",,"Saint Anthony area","Saint Paul",MN,"55114"
24-02-2022,"QA Analysts -","ePATHUSA Inc",epathusa.net,"Information Technology & Services",,,"Greater Eastside area","Saint Paul",MN,"55106"
24-02-2022,"Project Manager",Expleo,expleogroup.com,"Information Technology & Services",,,,"Saint Paul",MN,""
24-02-2022,"MEDICAL OFFICE PROFESSIONAL/RECEPTIONIST PART-TIME: NO EVENI...","Maplewood Psychology P.A.",,,"$16 - $18 an hour",,,"Saint Paul",MN,"55109"
24-02-2022,"QA Analyst",Xinnovit,xinnovit.com,"Information Technology & Services","$21 - $60 an hour",,"Greater Eastside area","Saint Paul",MN,"55106"
23-02-2022,"Project Manager",Trissential,trissential.com,"Information Technology & Services",,,,"Saint Paul",MN,""
24-02-2022,"PCA Supervisor","Personal Care Assistance LLC",,,"$20 an hour",,,"Saint Paul",MN,"55113"
24-02-2022,"Quality Assurance Analyst (Contractor)","Belmero, Inc.",,,"$60 - $75 an hour",,"Greater Eastside area","Saint Paul",MN,"55106"
24-02-2022,"IT Support Technician","Academia Cesar Chavez Charter School",,,"$19 - $25 an hour",,"Greater Eastside area","Saint Paul",MN,"55119"
24-02-2022,"Maintenance Technician (manufacturing environment, repair)-...","Cube Hub Inc",cube-hub.com,"Staffing & Recruiting","$25 - $27 an hour",,"Saint Anthony area","Saint Paul",MN,"55114"
23-02-2022,"Associate Director, Gift Planning","Mayo Clinic",mayoclinic.org,"Hospital & Health Care",,,,Rochester,MN,""
24-02-2022,"Quality Specialist - Cardiology - Remote","Mayo Clinic",mayoclinic.org,"Hospital & Health Care",,Remote,,"Remote in Rochester",MN,""
24-02-2022,"Registered Nurse Supervisor","State of Minnesota",mn.gov,"Government Administration","$35.82 - $53.31 an hour",,,Rochester,MN,""
24-02-2022,"Security Specialist","Mayo Clinic",mayoclinic.org,"Hospital & Health Care",,,,Rochester,MN,""
24-02-2022,"Program Manager - Cancer Center","Mayo Clinic",mayoclinic.org,"Hospital & Health Care",,Remote,,"Remote in Rochester",MN,""
22-02-2022,"Supervisor - Security Operations","Mayo Clinic",mayoclinic.org,"Hospital & Health Care","$30.20 an hour",,,Rochester,MN,""
23-02-2022,"Supervisor - Security Ambassadors","Mayo Clinic",mayoclinic.org,"Hospital & Health Care","$27.40 an hour",,,Rochester,MN,""
22-02-2022,"Full-Time Assistant Store Manager",ALDI,aldi.pl,Retail,"$21.75 an hour",,,Rochester,MN,""
24-02-2022,"IT Tech Specialist II - Remote","Mayo Clinic",mayoclinic.org,"Hospital & Health Care",,Remote,,"Remote in Rochester",MN,""
22-02-2022,"Manufacturing Technician II","Benchmark Electronics, Inc",,,,,,Rochester,MN,""
23-02-2022,"Manufacturing Technician II","Benchmark Electronics, Inc",,,,,,Rochester,MN,"55901"
24-02-2022,"Manager - Clinical Support Services - Rochester","Mayo Clinic",mayoclinic.org,"Hospital & Health Care",,,,Rochester,MN,""
22-02-2022,"Anesthesia Tech Supervisor","Mayo Clinic",mayoclinic.org,"Hospital & Health Care","$22.39 an hour",,,Rochester,MN,""
23-02-2022,"Operations Supervisor - WRP","City of Rochester, MN",rochestermn.gov,"Government Administration",,,,Rochester,MN,"55901"
24-02-2022,"Construction Project Representative","Short Elliott Hendrickson Inc.",sehinc.com,"Civil Engineering",,,,Rochester,MN,""
22-02-2022,"Supervisor - Security Operations","Mayo Clinic",mayoclinic.org,"Hospital & Health Care","$30.20 an hour",,,Rochester,MN,""
24-02-2022,"Finance Analyst II","Mayo Clinic",mayoclinic.org,"Hospital & Health Care",,,,Rochester,MN,""
22-02-2022,"Assistant Supervisor - Security Officers","Mayo Clinic",mayoclinic.org,"Hospital & Health Care","$24.86 an hour",,,Rochester,MN,""
22-02-2022,"Manufacturing Technician II","Benchmark Electronics, Inc",,,,,,Rochester,MN,""
23-02-2022,"Customer Experience Manager - Full Time - Rochester MN - #75...","Five Below",fivebelow.com,Retail,,,,Rochester,MN,"55904"
24-02-2022,"HR Coordinator","Volunteers of America",voa.org,"Nonprofit Organization Management",,,,Rochester,MN,"55901"
23-02-2022,"Apartment Maintenance Technician (WCMN)","Monarch Investment and Management Group",mimginvestment.com,"Commercial Real Estate","$18 - $21 an hour",,"Cimarron area",Rochester,MN,"55901"
24-02-2022,"Patient Access Analyst - 1.0 FTE - Day Shift","Olmsted Medical Center",olmmed.org,"Hospital & Health Care",,,,Rochester,MN,"55904"
24-02-2022,"Patient Care Coordinator","Great Lakes Behavioral Partners",glbpartners.com,,"$37,500 - $45,000 a year",,,Rochester,MN,""
23-02-2022,"Resident Director","Volunteers of America",voa.org,"Nonprofit Organization Management","Up to $67,000 a year",,,Rochester,MN,"55901"
24-02-2022,"Board Certified Behavior Analyst - BCBA","Bluestem Center for Autism",,,"$65,000 - $85,000 a year",,,Rochester,MN,"55901"
23-02-2022,"Family, Friend & Neighbor Child Care Navigator","Families First of Minnesota",familiesfirstmn.org,"Education Management","$21 an hour",,,Rochester,MN,"55904"
24-02-2022,"Xerox-FST A3 and A4 printer copier and FST responsibilities","vortal soft",,,"$20 - $23 an hour",,,Rochester,MN,""
22-02-2022,"Marketing Manager","Thatcher Pools & Spas Inc",,,"$24 - $29 an hour",,,Rochester,MN,"55904"
24-02-2022,"Reporting Analyst (Customer Facing) - Virtual/Remote","Arch Advisory Group",archadvisorygroup.com,,,Remote,,"Remote in Rochester",MN,""
22-02-2022,"Golf Apparel Independent Sales Representative","Monterey Club",montereyclub.com,Wholesale,,,,Rochester,MN,""
23-02-2022,"Sales Account Executive","IMAGINiT Technologies",imaginit.com,"Computer Software",,,,Rochester,MN,""
23-02-2022,"Plant Controller",Kerry,kerry.com,,"$114,000 - $120,000 a year",,,Rochester,MN,"55901"
23-02-2022,"GIS Technician - Remote & Travel","CCI Systems, Inc.",ccisystems.com,"Information Technology & Services",,Remote,,"Hybrid remote in Rochester",MN,""
24-02-2022,"Field Services Technician","DecisionOne Corporation",decisionone.com,"Membership Organizations, Organizations, Computer Equipment & Peripherals, ... Consumer Electronic",,,,Rochester,MN,""
23-02-2022,"Generator Technician","Tristar, A Unified Power Company",,,,,,Rochester,MN,"55901"
24-02-2022,"Field Service Technician (Xerox & printer copier)","ITC sulutions INC",ictsolutions-inc.com,,"$17 - $22 an hour",,,Rochester,MN,""
22-02-2022,"Team Lead","Extended Stay America",extendedstayamerica.com,Hospitality,"$14 - $16 an hour",,"Lincolnshire-Arbor Glen area",Rochester,MN,"55901"
23-02-2022,"NOC Technician-REMOTE","CCI Systems, Inc.",ccisystems.com,"Information Technology & Services",,Remote,,"Remote in Rochester",MN,""
22-02-2022,"Rochester PT Local Sort Supervisor","UNITED PARCEL SERVICE",ups.com,"Logistics & Supply Chain",,,,Rochester,MN,"55901"
22-02-2022,"UPS Rochester- PT Local Sort Supervisor",UPS,,,"From $19.15 an hour",,,Rochester,MN,"55901"
24-02-2022,"Field Service Technician (Xerox & printer copier)","ITC sulutions INC",ictsolutions-inc.com,,"$17 - $22 an hour",,,Rochester,MN,""
24-02-2022,"Xerox-FST A3 and A4 printer copier and FST responsibilities","vortal soft",,,"$20 - $23 an hour",,,Rochester,MN,""
24-02-2022,"Field Service Technician (Xerox & printer copier)","ITC sulutions INC",ictsolutions-inc.com,,"$17 - $22 an hour",,,Rochester,MN,""
22-02-2022,"Team Lead","Extended Stay America",extendedstayamerica.com,Hospitality,"$14 - $16 an hour",,"Lincolnshire-Arbor Glen area",Rochester,MN,"55901"
23-02-2022,"Customer Service Representative - Remote","UnitedHealth Group",unitedhealthgroup.com,"Hospital & Health Care",,Remote,,"Remote in Duluth",MN,""
22-02-2022,"UMD FM Construction Planner - CO Pro 3-Svcs/Maint/Prtct","University of Minnesota",,,,,"Chester Park/UMD area",Duluth,MN,"55812"
22-02-2022,"Assistant or Associate Faculty, Occupational Therapy","The College of St. Scholastica",css.edu,"Higher Education",,,"Kenwood area",Duluth,MN,"55811"
24-02-2022,"EVENING NEWS ANCHOR - KBJR","Gray Television",gray.tv,"Broadcast Media",,,,Duluth,MN,"55802"
24-02-2022,"Construction Project Representative","Short Elliott Hendrickson Inc.",sehinc.com,"Civil Engineering",,,"Central Business District area",Duluth,MN,"55802"
24-02-2022,"MDS Director","Chris Jensen",chrisjensenhealth.com,"Hospital & Health Care",,,"Duluth Heights area",Duluth,MN,"55811"
22-02-2022,"Territory Manager","The Linde Group",linde-group.com,,,,,Duluth,MN,""
22-02-2022,"Production Controller","Cirrus Design Corporation",,,,,,Duluth,MN,"55811"
24-02-2022,"IT Supervisor 2 - UMD Office of the Registrar","University of Minnesota",,,,,"Chester Park/UMD area",Duluth,MN,"55812"
24-02-2022,"Site Manager","Louis Berger Services",louisberger.com,"Civil Engineering",,,,Duluth,MN,""
22-02-2022,"Implementation Provider Pricing Analyst - Telecommute","UnitedHealth Group",unitedhealthgroup.com,"Hospital & Health Care",,Remote,,"Remote in Duluth",MN,""
22-02-2022,"Production Controller","Cirrus Aircraft",cirrusaircraft.com,Airlines/Aviation,,,"Duluth International Airport area",Duluth,MN,"55811"
24-02-2022,"Store Manager","Papa Murphys Midwest",,,,,"Spirit Valley area",Duluth,MN,"55807"
23-02-2022,"QI and Education Nurse-HC","St. Luke's",stlukesonline.org,"Hospital & Health Care",,,,Duluth,MN,"55805"
24-02-2022,"Store Manager","Papa Murphys Midwest",,,,,"Kenwood area",Duluth,MN,"55811"
23-02-2022,"Cloud Platform Operations Technician (3rd Shift)",iboss,iboss.com,"Computer & Network Security",,,,Duluth,MN,""
23-02-2022,"NOC Manager",iboss,iboss.com,"Computer & Network Security",,,,Duluth,MN,""
23-02-2022,"UI AngularJS Bootstrap Developer - Remote",iboss,iboss.com,"Computer & Network Security",,Remote,,"Remote in Duluth",MN,""
24-02-2022,"Store Manager","Papa Murphys Midwest",,,,,"Duluth Heights area",Duluth,MN,"55811"
23-02-2022,"NOC Technician- 1st Shift",iboss,iboss.com,"Computer & Network Security",,,,Duluth,MN,""
23-02-2022,"Cloud Platform Operations Technician",iboss,iboss.com,"Computer & Network Security",,,,Duluth,MN,""
23-02-2022,"Cloud Platform Operations Technician (2nd Shift)",iboss,iboss.com,"Computer & Network Security",,,,Duluth,MN,""
23-02-2022,"NOC Technician- 2nd Shift",iboss,iboss.com,"Computer & Network Security",,,,Duluth,MN,""
23-02-2022,"NOC Technician- 3rd Shift",iboss,iboss.com,"Computer & Network Security",,,,Duluth,MN,""
23-02-2022,"NOC Lead (3rd Shift)",iboss,iboss.com,"Computer & Network Security",,,,Duluth,MN,""
23-02-2022,"NOC Lead (1st Shift)",iboss,iboss.com,"Computer & Network Security",,,,Duluth,MN,""
23-02-2022,"NOC Lead (2nd Shift)",iboss,iboss.com,"Computer & Network Security",,,,Duluth,MN,""
24-02-2022,"Accountant - Public Health & Human Services","St. Louis County, MN",,,"$26.66 - $35.03 an hour",,"Central Business District area",Duluth,MN,"55802"
22-02-2022,"Client Service Specialist","Points North",points-north.com,"Engineering Software , Software Development & Design , Software",,,"Central Business District area",Duluth,MN,"55802"
24-02-2022,"Reporting Analyst (Customer Facing) - Virtual/Remote","Arch Advisory Group",archadvisorygroup.com,,,Remote,,"Remote in Duluth",MN,""
24-02-2022,"UMD Facilities Management Construction Planner - CO Pro 3 -...","University of Minnesota Duluth",d.umn.edu,"Higher Education","$22.48 - $39.88 an hour",,"Chester Park/UMD area",Duluth,MN,"55812"
24-02-2022,"Shelter Supervisor","Safe Haven Shelter & Resource Center",,,"$46,500 - $52,000 a year",,,Duluth,MN,""
24-02-2022,"Payroll Specialist","Terch & Associates LLC",terchandassociates.com,"Human Resources","$18 - $25 an hour",,"Central Business District area",Duluth,MN,"55802"
24-02-2022,"Marketing Specialist","Points North",points-north.com,"Engineering Software , Software Development & Design , Software",,,"Central Business District area",Duluth,MN,"55802"
22-02-2022,"Property Manager - Windwood Townhomes","Center City Housing Corporation",centercityhousing.org,"Mental Health Care",,,"Central Business District area",Duluth,MN,"55802"
22-02-2022,"Golf Apparel Independent Sales Representative","Monterey Club",montereyclub.com,Wholesale,,,,Duluth,MN,""
23-02-2022,"Manager, Walk to End Alzheimer's","ALZHEIMERS D.R.D.A.",alz.org,"Nonprofit Organization Management",,Remote,,"Hybrid remote in Duluth",MN,""
23-02-2022,"Interior Designer","Innovative Office Solutions LLC",innovativeos.com,"Business Supplies & Equipment",,,,Duluth,MN,"55816"
23-02-2022,"GIS Technician - Remote & Travel","CCI Systems, Inc.",ccisystems.com,"Information Technology & Services",,Remote,,"Hybrid remote in Duluth",MN,""
23-02-2022,"NOC Technician-REMOTE","CCI Systems, Inc.",ccisystems.com,"Information Technology & Services",,Remote,,"Remote in Duluth",MN,""
22-02-2022,"RN Nurse Manager- TCU","Chris Jensen Health & Rehabilitation Center",,,"$60,000 - $70,000 a year",,"Duluth Heights area",Duluth,MN,"55811"
24-02-2022,"Payroll Specialist","Terch & Associates LLC",terchandassociates.com,"Human Resources","$18 - $25 an hour",,"Central Business District area",Duluth,MN,"55802"
23-02-2022,"Temporary Survey Technician","ShawCor Ltd.",,,,,"Central Business District area",Duluth,MN,"55802"
23-02-2022,"Temporary Survey Technician","Lake Superior Consulting",,,,,"Central Business District area",Duluth,MN,"55802"
23-02-2022,"Temporary Survey Crew Chief","ShawCor Ltd.",,,,,"Central Business District area",Duluth,MN,"55802"
23-02-2022,"Temporary Survey Crew Chief","Lake Superior Consulting",,,,,"Central Business District area",Duluth,MN,"55802"
24-02-2022,"PT OSSQ Manager","Kiewit Corporation",kwmjv.com,,,,,"Eden Prairie",MN,""
24-02-2022,"Marketing Project Coordinator - Telecommute U.S.","UnitedHealth Group",unitedhealthgroup.com,"Hospital & Health Care",,Remote,,"Remote in Eden Prairie",MN,""
23-02-2022,"Full-Time Assistant Store Manager",ALDI,aldi.pl,Retail,"$22.50 an hour",,,"Eden Prairie",MN,""
24-02-2022,"Inventory Management Specialist","MSC Industrial Supply Co.",,,,,,"Eden Prairie",MN,""
23-02-2022,"Chief of Staff - Telecommute","UnitedHealth Group",unitedhealthgroup.com,"Hospital & Health Care",,Remote,,"Remote in Eden Prairie",MN,""
24-02-2022,"Advisory Services Consultant - Travel","UnitedHealth Group",unitedhealthgroup.com,"Hospital & Health Care",,,,"Eden Prairie",MN,"55346"
23-02-2022,"Recruiter- Marketing and Customer Relations","Starkey Hearing Technologies",starkey.it,"Medical Devices",,,,"Eden Prairie",MN,"55344"
24-02-2022,"Project Manager - Remote Nationwide","UnitedHealth Group",unitedhealthgroup.com,"Hospital & Health Care",,Remote,,"Remote in Eden Prairie",MN,""
23-02-2022,"Proposal Development Consultant - Telecommute","UnitedHealth Group",unitedhealthgroup.com,"Hospital & Health Care",,Remote,,"Remote in Eden Prairie",MN,""
22-02-2022,"Strategic Sales Consultant - Telecommute","UnitedHealth Group",unitedhealthgroup.com,"Hospital & Health Care",,Remote,,"Remote in Eden Prairie",MN,""
24-02-2022,"Data Analyst - Telecommute","UnitedHealth Group",unitedhealthgroup.com,"Hospital & Health Care",,Remote,,"Remote in Eden Prairie",MN,""
24-02-2022,"Procurement Specialist",UNFI,unfi.com,"Food & Beverages",,,,"Eden Prairie",MN,""
24-02-2022,"Technical Writer","MTS Systems",mts.com,"Mechanical Or Industrial Engineering",,,,"Eden Prairie",MN,"55344"
24-02-2022,"Technical Writer","MTS Systems",mts.com,"Mechanical Or Industrial Engineering",,,,"Eden Prairie",MN,"55344"
22-02-2022,"Optum HouseCalls Associate Director of Clinical Initiatives...","UnitedHealth Group",unitedhealthgroup.com,"Hospital & Health Care",,Remote,,"Remote in Eden Prairie",MN,""
24-02-2022,"Clinical Quality Consultant - Telecommute","UnitedHealth Group",unitedhealthgroup.com,"Hospital & Health Care",,Remote,,"Remote in Eden Prairie",MN,""
24-02-2022,"Product Manager - Telecommute","UnitedHealth Group",unitedhealthgroup.com,"Hospital & Health Care",,Remote,,"Remote in Eden Prairie",MN,""
22-02-2022,"Financial Analyst - Telecommute","UnitedHealth Group",unitedhealthgroup.com,"Hospital & Health Care",,Remote,,"Remote in Eden Prairie",MN,""
24-02-2022,"Manager, Risk Adjustment - Telecommute","UnitedHealth Group",unitedhealthgroup.com,"Hospital & Health Care",,Remote,,"Remote in Eden Prairie",MN,""
22-02-2022,"Operations Manager",Suddath,suddath.com,Transportation/Trucking/Railroad,,,,"Eden Prairie",MN,""
24-02-2022,"Control Panel Builder","Wunderlich-Malec Engineering",wmeng.com,"Industrial Automation",,,,"Eden Prairie",MN,""
24-02-2022,"Data Scientist - Telecommute","UnitedHealth Group",unitedhealthgroup.com,"Hospital & Health Care",,Remote,,"Remote in Eden Prairie",MN,""
22-02-2022,"Clinical Program Consultant - Telecommute","UnitedHealth Group",unitedhealthgroup.com,"Hospital & Health Care",,Remote,,"Remote in Eden Prairie",MN,""
24-02-2022,"Government Business Development Executive","MSC Industrial Supply Co.",,,,,,"Eden Prairie",MN,""
22-02-2022,"Technical Writer - MadCap Flare- Telecommute","UnitedHealth Group",unitedhealthgroup.com,"Hospital & Health Care",,Remote,,"Remote in Eden Prairie",MN,""
23-02-2022,"Manager - Business Process & Performance - Telecommute","UnitedHealth Group",unitedhealthgroup.com,"Hospital & Health Care",,Remote,,"Remote in Eden Prairie",MN,""
23-02-2022,"Associate Financial Systems Analyst","Starkey Hearing Technologies",starkey.it,"Medical Devices",,,,"Eden Prairie",MN,"55344"
23-02-2022,"Analytics Associate Director - Telecommute","UnitedHealth Group",unitedhealthgroup.com,"Hospital & Health Care",,Remote,,"Remote in Eden Prairie",MN,""
22-02-2022,"Director, End User Tech Platform Operations - Telecommute","UnitedHealth Group",unitedhealthgroup.com,"Hospital & Health Care",,Remote,,"Remote in Eden Prairie",MN,""
22-02-2022,"Director, Stars Performance Improvement - Telecommute","UnitedHealth Group",unitedhealthgroup.com,"Hospital & Health Care",,Remote,,"Remote in Eden Prairie",MN,""
24-02-2022,"Director of Resident Well Being and Engagement","Volunteers of America",voa.org,"Nonprofit Organization Management",,,,"Eden Prairie",MN,"55344"
23-02-2022,"Accounting Supervisor",UNFI,unfi.com,"Food & Beverages",,,,"Eden Prairie",MN,""
22-02-2022,"Business Analyst Consultant - Telecommute","UnitedHealth Group",unitedhealthgroup.com,"Hospital & Health Care",,Remote,,"Remote in Eden Prairie",MN,""
23-02-2022,"Technology Project Manager - Telecommute","UnitedHealth Group",unitedhealthgroup.com,"Hospital & Health Care",,Remote,,"Remote in Eden Prairie",MN,""
24-02-2022,"Nurse Supervisor (RN) - Float Team","Volunteers of America",voa.org,"Nonprofit Organization Management",,Remote,,"Remote in Eden Prairie",MN,""
23-02-2022,"Director of Implementation - Telecommute","UnitedHealth Group",unitedhealthgroup.com,"Hospital & Health Care",,Remote,,"Remote in Eden Prairie",MN,""
24-02-2022,"Manager, Contracting and Credentialing","Volunteers of America",voa.org,"Nonprofit Organization Management",,,,"Eden Prairie",MN,"55344"
22-02-2022,"Manager, Actuarial - Telecommute","UnitedHealth Group",unitedhealthgroup.com,"Hospital & Health Care",,Remote,,"Remote in Eden Prairie",MN,""
24-02-2022,"Content Creator","Sempris, LLC",sempris.com,"Marketing & Advertising",,,,"Eden Prairie",MN,"55344"
23-02-2022,"Sales Support Specialist","Master Electronics",masterelectronics.com,"Electrical/Electronic Manufacturing",,,,"Eden Prairie",MN,"55344"
23-02-2022,"Director of Operations","Rogers Behavioral Health",rogersbh.org,"Mental Health Care",,,,"Eden Prairie",MN,"55344"
23-02-2022,"Sales Branch Manager","Master Electronics",masterelectronics.com,"Electrical/Electronic Manufacturing",,,,"Eden Prairie",MN,"55344"
22-02-2022,"Seasonal Program Manager - Challenge Course and Team Buildin...","True Friends",truefriends.org,"Recreational Facilities & Services","$800 a week",,,"Eden Prairie",MN,"55346"
22-02-2022,"Golf Apparel Independent Sales Representative","Monterey Club",montereyclub.com,Wholesale,,,,"Eden Prairie",MN,""
23-02-2022,"B2B Sales Representative","Corporate Technologies LLC",gocorptech.com,"Information Technology & Services","$40,000 - $100,000 a year",,,"Eden Prairie",MN,"55346"
24-02-2022,"Accounts Payable Supervisor","Fourteen Foods",fourteenfoods.com,Restaurants,,,,"Eden Prairie",MN,"55344"
24-02-2022,"Electro-Mechanical Technician",STS,simpletax.co,Accounting,"$25 - $30 an hour",,,"Eden Prairie",MN,"55344"
23-02-2022,"Associate Corporate Counsel",SunOpta,sunopta.com,"Food Production",,Remote,,"Hybrid remote in Eden Prairie",MN,""
22-02-2022,"Financial Analyst",SunOpta,sunopta.com,"Food Production",,,,"Eden Prairie",MN,"55344"
23-02-2022,"Quality Assurance Specialist",SunOpta,sunopta.com,"Food Production",,,,"Eden Prairie",MN,"55344"
24-02-2022,"SharePoint Developer",SunOpta,sunopta.com,"Food Production",,Remote,,"Remote in Eden Prairie",MN,""
23-02-2022,"Worldwide Sales Manager - Custom Molded Polymers",Savillex,savillex.com,Plastics,,,,"Eden Prairie",MN,"55344"
22-02-2022,"Corporate Controller","THG Properties",thgproperties.com,Hospitality,"$90,000 - $100,000 a year",,,"Eden Prairie",MN,"55344"
24-02-2022,"PT OSSQ Manager","Kiewit Corporation",kwmjv.com,,,,,"Eden Prairie",MN,""
22-02-2022,"Seasonal Program Manager - Challenge Course and Team Buildin...","True Friends",truefriends.org,"Recreational Facilities & Services","$800 a week",,,"Eden Prairie",MN,"55346"
