DATE,"Job Title",Company,Website,Industry,Salary,Remote,AREA,City,State,"Zip Code"
2022-04-01,"Director- Finance Technologies for Global Shared Services",MARS,accessmars.withgoogle.com,,,,"Central Business District area",Newark,NJ,"07102"
2022-03-31,Associate,Prudential,rimhomes.com,,,,"Central Business District area",Newark,NJ,"07102"
2022-03-30,"Program Manager",WebMD,webmd.com,Internet,"$65.2K ? $82.6K a year",,"Central Business District area",Newark,NJ,"07102"
2022-04-01,"Administrative Coordinator","Rutgers University",rutgers.edu,"Higher Education",,,"University Heights area",Newark,NJ,"07102"
2022-03-30,Recruiter,Audible,audible.com,Internet,,,,Newark,NJ,""
2022-04-01,"Supervisor - Aircraft Maintenance","United Airlines Inc.",united.com,Airlines/Aviation,,,"Central Business District area",Newark,NJ,"07102"
2022-04-01,"Talent Acquisition Partner",MARS,accessmars.withgoogle.com,,,,"Central Business District area",Newark,NJ,"07102"
2022-04-01,"Administrative Coordinator","Rutgers University",rutgers.edu,"Higher Education",,,"University Heights area",Newark,NJ,"07102"
2022-03-31,"Program Assistant","Rutgers University",rutgers.edu,"Higher Education",,,"University Heights area",Newark,NJ,"07102"
2022-03-31,"Finance Director (Non Profit)","PKF O'Connor Davies TalentConnect",,,"$99.4K ? $126K a year",,"Central Business District area",Newark,NJ,"07102"
2022-04-01,"Field Service Technician (Greater Newark, NJ region)","Checkpoint Systems",checkpointsystems.com,Retail,"$47.5K ? $60.1K a year",,,Newark,NJ,""
2022-04-01,"P&O Business Partner",MARS,accessmars.withgoogle.com,,,,"Central Business District area",Newark,NJ,"07102"
2022-04-01,"Medicare Analyst","Horizon Blue Cross Blue Shield of New Jersey",horizonblue.com,Insurance,,,"Ironbound area",Newark,NJ,"07105"
2022-04-01,"Global Finance Manager Supply Chain and Fixed Assets",MARS,accessmars.withgoogle.com,,,,"Central Business District area",Newark,NJ,"07102"
2022-03-31,"Assistant Director, Concessions","Legends at Prudential Center",,,"$54.8K ? $69.4K a year",,"Central Business District area",Newark,NJ,"07102"
2022-04-01,"Administrative Coordinator","Rutgers University",rutgers.edu,"Higher Education",,,"University Heights area",Newark,NJ,"07102"
2022-04-01,"Assistant Director of Teacher Development - Newark","KIPP New Jersey",kippnj.org,"Primary/Secondary Education","$40.6K ? $51.4K a year",,,Newark,NJ,""
2022-04-01,"Distribution Systems Analyst",PSEG,pseg.com,Utilities,,,"Central Business District area",Newark,NJ,"07101"
2022-04-01,"Product and Market Intelligence Analyst",Benelynk,benelynk.com,"Hospital & Health Care",,Remote,,"Remote in Newark",NJ,"07105"
2022-04-01,"High School Physical Education Teacher - Newark","KIPP Foundation",kipp.org,"Education Management","$53.8K ? $68.2K a year",,,Newark,NJ,""
2022-04-01,"Trade ROI Manager",MARS,accessmars.withgoogle.com,,,,"Central Business District area",Newark,NJ,"07102"
2022-03-30,"Sourcing Analyst","Horizon Blue Cross Blue Shield of New Jersey",horizonblue.com,Insurance,,,"Ironbound area",Newark,NJ,"07105"
2022-04-01,"Middle School Physical Education Teacher - Newark","KIPP New Jersey",kippnj.org,"Primary/Secondary Education","$48.9K ? $61.9K a year",,,Newark,NJ,""
2022-03-31,"Management Consultant- HR Services - Opportunity for Working...",VMware,thebrunswicknews.com,Newspapers,,Remote,,"Remote in Newark",NJ,""
2022-04-01,"Property Manager","New Community Corporation",newcommunity.org,"Individual & Family Services","$56.7K ? $71.7K a year",,"University Heights area",Newark,NJ,"07103"
2022-03-31,"Section Head, Molecular Daignostics","University Hospital, Newark NJ",uhnj.org,"Hospital & Health Care",,,"University Heights area",Newark,NJ,"07103"
2022-04-01,"HubSpot and K-12 Student Enrollment Platforms Systems Analys...","KIPP New Jersey",kippnj.org,"Primary/Secondary Education","$63.8K ? $80.8K a year",,,Newark,NJ,""
2022-03-31,"SECURITY OFFICER - HEALTHCARE FACILITY","Gateway Group One",gatewaygroupone.com,"Security & Investigations","$14.50 an hour",,"Ironbound area",Newark,NJ,"07105"
2022-03-30,"Specialist, Internet/Web Application (The Prudential Insuran...",Prudential,rimhomes.com,,,,"Central Business District area",Newark,NJ,"07102"
2022-03-31,"Specialist, IT Relationship Management (The Prudential Insur...",Prudential,rimhomes.com,,,,"Central Business District area",Newark,NJ,"07102"
2022-04-01,"Digital Content Manager North America",MARS,accessmars.withgoogle.com,,,,"Central Business District area",Newark,NJ,"07102"
2022-04-01,"HR Data & Insights Analyst",MARS,accessmars.withgoogle.com,,,,"Central Business District area",Newark,NJ,"07102"
2022-04-01,"Data Scientist - Role can be remote",MARS,accessmars.withgoogle.com,,,Remote,,"Remote in Newark",NJ,"07102"
2022-03-30,"Supervisor, Accts Payable","Horizon Blue Cross Blue Shield of New Jersey",horizonblue.com,Insurance,,,"Ironbound area",Newark,NJ,"07105"
2022-03-30,"Director of New Student Orientation","New Jersey Institute of Technology",njit.edu,"Higher Education","$76.5K ? $96.9K a year",,"University Heights area",Newark,NJ,"07102"
2022-04-01,"Manager, Strategic Growth",MARS,accessmars.withgoogle.com,,,,"Central Business District area",Newark,NJ,"07102"
2022-03-30,"M&AM-BG R&D Executive Assistant - Opportunity for Working Re...",VMware,thebrunswicknews.com,Newspapers,,Remote,,"Remote in Newark",NJ,""
2022-03-30,"Business Immigration Paralegal","Greenspoon Marder LLP",gmlaw.com,"Law Practice","$49K ? $62K a year",Remote,,"Hybrid remote in Newark",NJ,""
2022-04-01,"Implementation Manager, Product Operations",WebMD,webmd.com,Internet,"$70.9K ? $89.7K a year",,"Central Business District area",Newark,NJ,"07102"
2022-04-01,"Automotive Sales Manager ? F&I Manager ? Internet","Reynolds and Reynolds",reyrey.com,"Computer Software",,,"South Ironbound area",Newark,NJ,"07101"
2022-04-01,"Assistant Director of Teacher Development - Newark","KIPP Foundation",kipp.org,"Education Management","$40.6K ? $51.4K a year",,,Newark,NJ,""
2022-04-01,"Paralegal, Marketing Properties",MARS,accessmars.withgoogle.com,,,,"Central Business District area",Newark,NJ,"07102"
2022-04-01,"High School Physical Education Teacher - Newark","KIPP New Jersey",kippnj.org,"Primary/Secondary Education","$53.8K ? $68.2K a year",,,Newark,NJ,""
2022-03-30,"BH Clinician","Horizon Blue Cross Blue Shield of New Jersey",horizonblue.com,Insurance,,,"Ironbound area",Newark,NJ,"07105"
2022-04-01,"Data Scientist T2-I",MARS,accessmars.withgoogle.com,,,,"Central Business District area",Newark,NJ,"07102"
2022-03-31,"Associate Actuary",Prudential,rimhomes.com,,,,"Central Business District area",Newark,NJ,"07102"
2022-03-30,"Sourcing Specialist","Horizon Blue Cross Blue Shield of New Jersey",horizonblue.com,Insurance,,,"Ironbound area",Newark,NJ,"07105"
2022-04-01,"Data Scientist",MARS,accessmars.withgoogle.com,,,,"Central Business District area",Newark,NJ,"07102"
2022-03-31,"Director, Actuary (The Prudential Insurance Company of Ameri...",Prudential,rimhomes.com,,,,"Central Business District area",Newark,NJ,"07102"
2022-04-01,"HubSpot and K-12 Student Enrollment Platforms Systems Analys...","KIPP Foundation",kipp.org,"Education Management","$63.8K ? $80.8K a year",,,Newark,NJ,""
2022-04-01,"Digital Media Manager - Remote Oppportunity",MARS,accessmars.withgoogle.com,,,Remote,,"Remote in Newark",NJ,"07102"
2022-03-29,"Assistant Manager Security Systems","Rutgers University",rutgers.edu,"Higher Education",,,"University Heights area",Newark,NJ,"07102"
2022-04-01,"Assistant Brand Manager, Professional Division",MARS,accessmars.withgoogle.com,,,,"Central Business District area",Newark,NJ,"07102"
2022-04-01,"Middle School Specials Teacher - Newark","KIPP New Jersey",kippnj.org,"Primary/Secondary Education","$50.7K ? $64.3K a year",,,Newark,NJ,""
2022-04-01,"Global Director and Head of Connected Insights",MARS,accessmars.withgoogle.com,,,,"Central Business District area",Newark,NJ,"07102"
2022-04-01,"Associate Director, Sanctions Metrics and Analysis","Standard Chartered",sc.com,Banking,"$123K ? $156K a year",,,Newark,NJ,""
2022-03-29,"Elementary School Teacher (Maternity Leave) - Newark","KIPP New Jersey",kippnj.org,"Primary/Secondary Education","$45.3K ? $57.3K a year",,,Newark,NJ,""
2022-04-01,"Middle School Specials Teacher - Newark","KIPP Foundation",kipp.org,"Education Management","$50.7K ? $64.3K a year",,,Newark,NJ,""
2022-04-01,"Channel Analyst- Large Format",MARS,accessmars.withgoogle.com,,,,"Central Business District area",Newark,NJ,"07102"
2022-03-31,"Pharmaceutical Sales Specialist , CV Specialty ? Newark, NJ",AstraZeneca,astrazeneca.com,Pharmaceuticals,,,"North Ironbound area",Newark,NJ,"07199"
2022-03-31,"Litigation Assistant Counsel",PSEG,pseg.com,Utilities,,,"Central Business District area",Newark,NJ,"07101"
2022-03-31,"9943 Cyber Security Analyst",PSEG,pseg.com,Utilities,,Remote,,"Hybrid remote in Newark",NJ,"07101"
2022-03-30,"Program Coordinator II","Rutgers University",rutgers.edu,"Higher Education",,,"University Heights area",Newark,NJ,"07102"
2022-03-30,"Delivery Analyst II","Bank of America",appianrx.com,"Hospital & Health Care",,,,Newark,NJ,""
2022-04-01,GEOLOGIST,WSP,wsp.com,"Civil Engineering",,,"Central Business District area",Newark,NJ,"07102"
2022-03-30,"Business Practice Standardization Manager, Revenue Lifecycle...",VMware,thebrunswicknews.com,Newspapers,,Remote,,"Remote in Newark",NJ,""
2022-03-31,"Applied Scientist",Audible,audible.com,Internet,,,,Newark,NJ,""
2022-04-01,"Outside Sales Account Manager","Reynolds and Reynolds",reyrey.com,"Computer Software",,,"South Ironbound area",Newark,NJ,"07101"
2022-03-31,"Scrum Master","Cognizant Technology Solutions",cognizant.com,"Information Technology & Services",,,"South Ironbound area",Newark,NJ,"07101"
2022-03-30,"Transportation Supervisor","Gate Gourmet",gategroup.com,Airlines/Aviation,,,,Newark,NJ,""
2022-04-01,"Global Director and Head of Marketing Analytics",MARS,accessmars.withgoogle.com,,,,"Central Business District area",Newark,NJ,"07102"
2022-03-31,"Scrum Master",Cognizant,,,,,"Springfield area",Newark,NJ,"07102"
2022-03-29,"Elementary School Science Teacher - Newark","KIPP New Jersey",kippnj.org,"Primary/Secondary Education","$44.9K ? $56.9K a year",,,Newark,NJ,""
2022-04-01,"Global Director and Head of Omnichannel Analytics",MARS,accessmars.withgoogle.com,,,,"Central Business District area",Newark,NJ,"07102"
2022-03-30,"Network / IT Support Technician",Amentum,amentum.com,"Defense & Space","$62,000 - $68,000 a year",,,Newark,NJ,"07114"
2022-03-29,"Elementary School Teacher - Newark","KIPP New Jersey",kippnj.org,"Primary/Secondary Education","$45.3K ? $57.3K a year",,,Newark,NJ,""
2022-04-01,"Global Director and Head of Portfolio & Innovation Analytics",MARS,accessmars.withgoogle.com,,,,"Central Business District area",Newark,NJ,"07102"
2022-03-29,"Founding Elementary School Teacher - Newark","KIPP New Jersey",kippnj.org,"Primary/Secondary Education","$45.5K ? $57.5K a year",,,Newark,NJ,""
2022-04-01,"Middle School Physical Education Teacher - Newark","KIPP Foundation",kipp.org,"Education Management","$48.9K ? $61.9K a year",,,Newark,NJ,""
2022-04-01,"Field HR Manager",Americold,,,"$85,000 - $105,000 a year",,,Newark,NJ,"07105"
2022-04-01,"HR Generalist - SMNJ","Prime Healthcare",primehealthcare.com,"Hospital & Health Care",,,"University Heights area",Newark,NJ,"07102"
2022-03-31,Controller,"Elev8 New Jersey",elev8nj.com,,"$60,000 - $85,000 a year",,,Newark,NJ,"07114"
2022-03-31,"Safety and Training Manager","dnata U.S.",,,"$41.4K ? $52.4K a year",,"Newark Liberty International Airport area",Newark,NJ,"07114"
2022-03-31,"Learning Coordinator","Useready Technology",,,"$50.5K ? $63.9K a year",,"Central Business District area",Newark,NJ,"07102"
2022-04-01,"New Jersey Territory Manager","RANKIN AUTOMATION",,,"$55,000 - $100,000 a year",,,Newark,NJ,""
2022-04-01,"Architectural Surveyor","Zelta Design",,,"$20 an hour",,,Newark,NJ,""
2022-04-01,"Assistant Director - Education and Computing Technology","Essex County College",essex.edu,"Higher Education","$52.4K ? $66.4K a year",,"University Heights area",Newark,NJ,"07102"
2022-03-30,"1099 Contract Technical Recruiter (100% Remote Agency)","Recruiting From Scratch",recruitingfromscratch.com,"Staffing & Recruiting","From $150,000 a year",Remote,,"Remote in Newark",NJ,""
2022-04-01,"Purchasing Manager","Optimas OE Solutions",optimas.com,Wholesale,"$69.9K ? $88.5K a year",,,Newark,NJ,""
2022-04-01,"Inside Sales Representative",Biotrial,,,"$41K ? $52K a year",,"University Heights area",Newark,NJ,"07103"
2022-03-31,"Account Manager, Northeast (Outside Sales - Broadband Wire/C...","Lynn Electronics Corp",lynnelec.com,Telecommunications,"$68.7K ? $86.9K a year",,,Newark,NJ,""
2022-03-30,"Program Scheduler - Transit","Urban Engineers, Inc.",urbanengineers.com,"Civil Engineering","$60 - $75 an hour",,,Newark,NJ,""
2022-04-01,"Business Development Manager",Biotrial,,,"$59.3K ? $75.1K a year",,"University Heights area",Newark,NJ,"07103"
2022-04-01,"Plant Foreman/Plant Manager","Form Cut Industries, Inc.",,,"$65,000 - $120,000 a year",,"Forest Hill area",Newark,NJ,"07104"
2022-03-31,"Marketing Manager","Workforce Logiq",workforcelogiq.com,"Information Technology & Services","$82.3K ? $104K a year",Remote,,"Remote in Newark",NJ,"07102"
2022-04-01,"Client Relations Specialist","Dejana Industries Inc",,,,,"South Broad Valley area",Newark,NJ,"07114"
2022-03-31,"Professional Service Technician (Newark, NJ Area)","Avidity Science",avidityscience.com,Biotechnology,"$49.4K ? $62.6K a year",,,Newark,NJ,""
2022-03-31,"Logistics/Customer Service Manager","InterAtlas Logistics",,,"$48.3K ? $61.1K a year",,"Dayton area",Newark,NJ,"07112"
2022-04-01,"Insurance Coordinator","Dental Health Associates of Newark",,,"$31K ? $39.2K a year",,"Central Business District area",Newark,NJ,"07102"
2022-03-31,"Internal Auditor","Stefanini Group",,,"$45 an hour",,"Central Business District area",Newark,NJ,"07102"
2022-03-31,"Logistics/Customer Service Manager","InterAtlas Logistics",,,"$48.3K ? $61.1K a year",,"Dayton area",Newark,NJ,"07112"
2022-03-31,"Segmentation & Insights Manager","Workforce Logiq",workforcelogiq.com,"Information Technology & Services","$74.6K ? $94.4K a year",,"Central Business District area",Newark,NJ,"07102"
2022-03-31,"Accounts Receivable Specialist","Sal Son Logistics, Inc.",salson.com,"Logistics & Supply Chain","$43.6K ? $55.2K a year",,,Newark,NJ,""
2022-04-01,"Insurance Coordinator",ProSmile,myprosmile.com,"Health, Wellness & Fitness","$30.6K ? $38.8K a year",,"Central Business District area",Newark,NJ,"07102"
2022-03-31,"Manager (FT)","OTG Management",otgexp.com,Hospitality,,,,Newark,NJ,""
2022-03-31,"Assistant Property Manager","Ingerman Management Company",,,"$34.3K ? $43.5K a year",,"Central Business District area",Newark,NJ,"07102"
2022-04-01,"RN Hospice Director of Nursing",Ethos,ethoscare.org,"Hospital & Health Care","$100,000 - $120,000 a year",,,Newark,NJ,""
2022-03-31,"MHE Technician 2","Americold Logistics, LLC",americold.com,"Logistics & Supply Chain",,,,Newark,NJ,"07105"
2022-03-30,Paralegal,"Contact Government Services, LLC",cgsfederal.com,"Government Relations","$56.1K ? $71.1K a year",,"Central Business District area",Newark,NJ,"07102"
2022-03-31,"Field HR Manager - Bilingual Preferred","Americold Logistics, LLC",americold.com,"Logistics & Supply Chain",,,,Newark,NJ,"07105"
2022-03-30,"Automotive Maintenance Supervisor",Hertz,hertz.com.ar,"Leisure, Travel & Tourism",,,,Newark,NJ,""
2022-03-30,"RN- Hospice Team Lead","Serenity Hospice Care",serenityhospicenj.com,"Hospital & Health Care","$71.4K ? $90.4K a year",,,Newark,NJ,""
2022-04-01,"Mgr - Nursing - SMNJ Cardiac Cath","Prime Healthcare",primehealthcare.com,"Hospital & Health Care",,,"University Heights area",Newark,NJ,"07102"
2022-03-30,"Territory Account Manager-New York",QLIK,qlik.com,"Computer Software",,,,Newark,NJ,""
2022-03-30,"Speech Language Pathologist FT","Creative Speech Solutions",creativespeechsolutions.com,"Hospital & Health Care","$76.8K ? $97.2K a year",,,Newark,NJ,""
2022-03-30,"Service Manager (FT)","Sal Son Logistics, Inc.",salson.com,"Logistics & Supply Chain","$65.5K ? $82.9K a year",,,Newark,NJ,""
2022-03-31,"Field Service Technician","TechFlow, Inc",techflow.com,"Information Technology & Services","$56.2K ? $71.2K a year",,,Newark,NJ,""
2022-03-30,"Autism Special Education Program Coordinator (SY 22-23)","Uncommon Schools North Star Academy",,,"$52.3K ? $66.3K a year",,,Newark,NJ,""
2022-04-01,"Administrative Coordinator","Rutgers University",rutgers.edu,"Higher Education",,,"University Heights area",Newark,NJ,"07102"
2022-04-01,"Administrative Coordinator","Rutgers University",rutgers.edu,"Higher Education",,,"University Heights area",Newark,NJ,"07102"
2022-03-31,"Program Assistant","Rutgers University",rutgers.edu,"Higher Education",,,"University Heights area",Newark,NJ,"07102"
2022-04-01,"Administrative Coordinator","Rutgers University",rutgers.edu,"Higher Education",,,"University Heights area",Newark,NJ,"07102"
2022-03-30,"Program Coordinator II","Rutgers University",rutgers.edu,"Higher Education",,,"University Heights area",Newark,NJ,"07102"
2022-03-29,"Assistant Manager Security Systems","Rutgers University",rutgers.edu,"Higher Education",,,"University Heights area",Newark,NJ,"07102"
2022-03-31,"Part-Time Board Certified Behavior Analyst (BCBA) - Newark",Elemy,elemy.net,Construction,"$96.8K ? $123K a year",,,Newark,NJ,""
2022-03-31,"Part-Time Board Certified Behavior Analyst (BCBA) - Union Ci...",Elemy,elemy.net,Construction,"$96.8K ? $123K a year",,,Newark,NJ,""
2022-04-01,"Clinical Instructor - SMNJ Nurse Admin","Prime Healthcare",primehealthcare.com,"Hospital & Health Care",,,"University Heights area",Newark,NJ,"07102"
2022-03-31,"Learning Coordinator","Useready Technology",,,"$50.5K ? $63.9K a year",,"Central Business District area",Newark,NJ,"07102"
2022-03-30,"1099 Contract Technical Recruiter (100% Remote Agency)","Recruiting From Scratch",recruitingfromscratch.com,"Staffing & Recruiting","From $150,000 a year",Remote,,"Remote in Newark",NJ,""
2022-04-01,"Director - Alternative Investments","Fidelity Investments",smcc.edu,"Higher Education",,,"Downtown area","Jersey City",NJ,"07311"
2022-04-01,"CCOR - Surveillance Lead - Vice President","JPMorgan Chase Bank, N.A.",chase.com,"Financial Services",,,,"Jersey City",NJ,""
2022-04-01,"CCOR - Surveillance Lead - Equities - Vice President","JPMorgan Chase Bank, N.A.",chase.com,"Financial Services",,,,"Jersey City",NJ,""
2022-03-31,"Staff Auditor","The Port Authority of New York and New Jersey",jointheportauthority.com,Transportation/Trucking/Railroad,"$55.2K ? $69.8K a year",,"Journal Square area","Jersey City",NJ,"07306"
2022-04-01,"AWM Change Mobilization, Product Delivery Strategy - Executi...","JPMorgan Chase Bank, N.A.",chase.com,"Financial Services",,,,"Jersey City",NJ,""
2022-03-30,"Associate, Corporate Actions Announcement Capture- Jersey Ci...","JPMorgan Chase Bank, N.A.",chase.com,"Financial Services",,,,"Jersey City",NJ,""
2022-04-01,"Accounting Supervisor, Accounts Payable","The Port Authority of New York and New Jersey",jointheportauthority.com,Transportation/Trucking/Railroad,"$69.1K ? $87.5K a year",,"Journal Square area","Jersey City",NJ,"07302"
2022-04-01,"Global Supplier Services - Staff Augmentation Category Manag...","JPMorgan Chase Bank, N.A.",chase.com,"Financial Services",,,,"Jersey City",NJ,""
2022-03-30,"E*Trade Ops Futures Director","Morgan Stanley",morganstanleybranch.com,"Financial Services",,Remote,,"Hybrid remote in Jersey City",NJ,""
2022-04-01,"HR M&A Associate","JPMorgan Chase Bank, N.A.",chase.com,"Financial Services",,,,"Jersey City",NJ,""
2022-04-01,"Finance Analyst, AWS Finance, EC2 Capacity Planning","Amazon.com Services LLC",amazon.com,Internet,,,,"Jersey City",NJ,""
2022-04-01,"JPMorgan Payments, Liquidity, GLASS Product Development","JPMorgan Chase Bank, N.A.",chase.com,"Financial Services",,,,"Jersey City",NJ,""
2022-04-01,"SEO Specialist",ISO,commercialplasticswi.com,,"$57.1K ? $72.3K a year",,,"Jersey City",NJ,""
2022-04-01,"Maintenance Technician","Toll Brothers Apartment Living",tollbrothersapartmentliving.com,"Real Estate",,,"Downtown area","Jersey City",NJ,"07302"
2022-04-01,"Youth Programs Manager: Tech for Social Good & Firmwide Emer...","JPMorgan Chase Bank, N.A.",chase.com,"Financial Services",,,,"Jersey City",NJ,""
2022-04-01,"Financial Analyst, AWS Analytics Services","Amazon.com Services LLC",amazon.com,Internet,,,,"Jersey City",NJ,""
2022-03-30,"Campus Recruiting - Business Management","JPMorgan Chase Bank, N.A.",chase.com,"Financial Services",,,,"Jersey City",NJ,""
2022-03-30,"Regional Sales Manager - BJ's / Costco","The Clorox Company",thecloroxcompany.com,"Consumer Goods",,,,"Jersey City",NJ,""
2022-03-30,"Retirement Savings Program Associate","JPMorgan Chase Bank, N.A.",chase.com,"Financial Services",,,,"Jersey City",NJ,""
2022-04-01,"CCOR - Surveillance Lead - FX Trade Surveillance - Vice Pres...","JPMorgan Chase Bank, N.A.",chase.com,"Financial Services",,,,"Jersey City",NJ,""
2022-03-30,"Director of Library Instruction ? Hudson County Community Co...","Greater New York Metropolitan Area Chapter",acrlny.org,Research,"$95.2K ? $121K a year",,,"Jersey City",NJ,""
2022-03-29,"Global Protection Services (GPS) Associate",Verisk,digitalcampussheffield.co.uk,"Information Technology & Services","$71.6K ? $90.6K a year",,,"Jersey City",NJ,""
2022-04-01,"Employee Relations Specialist",Verisk,digitalcampussheffield.co.uk,"Information Technology & Services","$71.3K ? $90.3K a year",,,"Jersey City",NJ,""
2022-03-30,"US Legal Entity Control","Morgan Stanley",morganstanleybranch.com,"Financial Services",,,,"Jersey City",NJ,""
2022-03-30,"Audit Supervisor","The Port Authority of New York and New Jersey",jointheportauthority.com,Transportation/Trucking/Railroad,"$68.6K ? $86.8K a year",,"Journal Square area","Jersey City",NJ,"07306"
2022-04-01,"CCOR - Compliance Manager - Control Room - Vice President","JPMorgan Chase Bank, N.A.",chase.com,"Financial Services",,,,"Jersey City",NJ,""
2022-04-01,"Application Support","JPMorgan Chase Bank, N.A.",chase.com,"Financial Services",,,,"Jersey City",NJ,""
2022-04-01,"Software Developer, Jersey City, NJ","Imperial Dade",imperialdade.com,"Logistics & Supply Chain",,,"Hackensack Riverfront area","Jersey City",NJ,"07306"
2022-03-30,"Financial Analyst, AWS AI and Machine Learning FP&A, AWS AI...","Amazon.com Services LLC",amazon.com,Internet,,,,"Jersey City",NJ,""
2022-03-31,"Talent Attraction Business Partner",Organon,,,,,,"Jersey City",NJ,""
2022-04-01,"UX Designer I, Amazon FinTech (Level 4) - FinTech","Amazon.com Services LLC",amazon.com,Internet,,,,"Jersey City",NJ,""
2022-03-31,"CONTROLLER ? FINANCE","Rising Tide Capital",risingtidecapital.org,"Nonprofit Organization Management","$90.3K ? $114K a year",,,"Jersey City",NJ,"07047"
2022-03-30,"Associate, Product Manager -Global Trade","JPMorgan Chase Bank, N.A.",chase.com,"Financial Services",,,,"Jersey City",NJ,""
2022-03-30,"Cyber risk & Security design","JPMorgan Chase Bank, N.A.",chase.com,"Financial Services",,,,"Jersey City",NJ,""
2022-03-31,"Temporary Talent Workforce Lead Specialist, Learning and Dev...",Deloitte,deloitte.com,"Management Consulting",,,,"Jersey City",NJ,""
2022-04-01,"Agility lead - Data Analytics","JPMorgan Chase Bank, N.A.",chase.com,"Financial Services",,,,"Jersey City",NJ,""
2022-04-01,"Director Market Intelligence",Verisk,digitalcampussheffield.co.uk,"Information Technology & Services","$154K ? $195K a year",,,"Jersey City",NJ,""
2022-03-31,"Underwriting Team Lead",DTCC,dtcc.com,"Financial Services","$84.2K ? $107K a year",Remote,,"Hybrid remote in Jersey City",NJ,"07310"
2022-04-01,"VP - Export & Agency Finance","JPMorgan Chase Bank, N.A.",chase.com,"Financial Services",,,,"Jersey City",NJ,""
2022-03-30,"FX/MM Analyst","Mizuho Americas",mizuhocbus.com,,"$54K ? $68.4K a year",,,"Jersey City",NJ,""
2022-04-01,"Capital Management - Basel Measurement and Analytics - Retai...","JPMorgan Chase Bank, N.A.",chase.com,"Financial Services",,,,"Jersey City",NJ,""
2022-03-31,"Global Collateral Operations and Exchange Traded Derivative...","Bank of America",appianrx.com,"Hospital & Health Care",,,"The Waterfront area","Jersey City",NJ,"07302"
2022-03-31,"Deloitte Chief Executive Program - Partnership & Insights Ma...",Deloitte,deloitte.com,"Management Consulting",,,,"Jersey City",NJ,""
2022-03-30,"AWM Global Private Bank - Business Manager - Vice President","JPMorgan Chase Bank, N.A.",chase.com,"Financial Services",,,,"Jersey City",NJ,""
2022-04-01,"Financial Systems Associate",Verisk,digitalcampussheffield.co.uk,"Information Technology & Services","$61.4K ? $77.8K a year",,,"Jersey City",NJ,""
2022-04-01,"Syndicated Loan Transaction Coordinator","JPMorgan Chase Bank, N.A.",chase.com,"Financial Services",,,,"Jersey City",NJ,""
2022-03-30,"Agility Lead","JPMorgan Chase Bank, N.A.",chase.com,"Financial Services",,,,"Jersey City",NJ,""
2022-04-01,"E*Trade Ops Associate - Risk Management","Morgan Stanley",morganstanleybranch.com,"Financial Services",,Remote,,"Hybrid remote in Jersey City",NJ,""
2022-04-01,"Infrastructure Engineering","JPMorgan Chase Bank, N.A.",chase.com,"Financial Services",,,,"Jersey City",NJ,""
2022-03-30,"CCOR Data Scientist","JPMorgan Chase Bank, N.A.",chase.com,"Financial Services",,,,"Jersey City",NJ,""
2022-03-29,"Associate- Sales Finance","JPMorgan Chase Bank, N.A.",chase.com,"Financial Services",,,,"Jersey City",NJ,""
2022-03-31,"Business Operations Associate","JPMorgan Chase Bank, N.A.",chase.com,"Financial Services",,,,"Jersey City",NJ,""
2022-03-31,"Assistant General Manager","Brookfield Properties",brookfieldproperties.com,"Real Estate",,,"Downtown area","Jersey City",NJ,"07302"
2022-03-29,"Tech Recruiter","JPMorgan Chase Bank, N.A.",chase.com,"Financial Services",,,,"Jersey City",NJ,""
2022-03-30,"Assistant Manager, Corporate Consolidations",AIG,aig.com,Insurance,,,,"Jersey City",NJ,""
2022-03-29,"Model Manager - Associate","JPMorgan Chase Bank, N.A.",chase.com,"Financial Services",,,,"Jersey City",NJ,""
2022-03-31,"Staff Auditor","The Port Authority of New York and New Jersey",jointheportauthority.com,Transportation/Trucking/Railroad,"$55.2K ? $69.8K a year",,"Journal Square area","Jersey City",NJ,"07306"
2022-04-01,"Global Trade - Supply Chain Finance Product Management - Ass...","JPMorgan Chase Bank, N.A.",chase.com,"Financial Services",,,,"Jersey City",NJ,""
2022-03-30,"Assistant Vice President ? DEC Ops Trade Support","BNP Paribas",group.bnpparibas,Banking,,,"The Waterfront area","Jersey City",NJ,"07310"
2022-03-30,"Credit Derivatives & G10 Rates P&L Controller","BNP Paribas",group.bnpparibas,Banking,,,"The Waterfront area","Jersey City",NJ,"07310"
2022-04-01,"Lead Data Scientist",Verisk,digitalcampussheffield.co.uk,"Information Technology & Services","$131K ? $166K a year",,,"Jersey City",NJ,""
2022-03-30,"VP, Assistant General Counsel - Payments","JPMorgan Chase Bank, N.A.",chase.com,"Financial Services",,,,"Jersey City",NJ,""
2022-03-31,"Development Manager, Deloitte Leadership Academy - Learning...",Deloitte,deloitte.com,"Management Consulting",,,,"Jersey City",NJ,""
2022-03-31,"Technology Finance & Business Management Associate","JPMorgan Chase Bank, N.A.",chase.com,"Financial Services",,,,"Jersey City",NJ,""
2022-03-29,"JPMorgan Payments - Client Service Account Manager- Associat...","JPMorgan Chase Bank, N.A.",chase.com,"Financial Services",,,,"Jersey City",NJ,""
2022-03-29,"AI/ Machine Learning Sourcer","JPMorgan Chase Bank, N.A.",chase.com,"Financial Services",,,,"Jersey City",NJ,""
2022-03-30,"DTCC Settlement Manager",HSBC,hsbc.com,"Financial Services",,,"The Waterfront area","Jersey City",NJ,"07310"
2022-03-31,"JPM Payments- Escrow Client Manager, Associate","JPMorgan Chase Bank, N.A.",chase.com,"Financial Services",,,,"Jersey City",NJ,""
2022-03-31,"Vice President - Digital Platform Services - Program Manager","JPMorgan Chase Bank, N.A.",chase.com,"Financial Services",,,,"Jersey City",NJ,""
2022-04-01,"Product Manager","JPMorgan Chase Bank, N.A.",chase.com,"Financial Services",,,,"Jersey City",NJ,""
2022-04-01,"CCOR Data Analyst Vice President, Compliance","JPMorgan Chase Bank, N.A.",chase.com,"Financial Services",,,,"Jersey City",NJ,""
2022-03-30,"Associate - Model Risk Governance and Review Group (MRGR) -...","JPMorgan Chase Bank, N.A.",chase.com,"Financial Services",,,,"Jersey City",NJ,""
2022-03-29,"Manager, Merchandise Execution",Macy?s,,,,,"The Waterfront area","Jersey City",NJ,"07310"
2022-03-31,"US Fraud Specialist Team Manager",Deloitte,deloitte.com,"Management Consulting",,,,"Jersey City",NJ,""
2022-03-30,"Software Engineering","JPMorgan Chase Bank, N.A.",chase.com,"Financial Services",,,,"Jersey City",NJ,""
2022-03-31,"Multimedia Production and Design","JPMorgan Chase Bank, N.A.",chase.com,"Financial Services",,,,"Jersey City",NJ,""
2022-03-31,"SAP Payroll Consultant",Deloitte,deloitte.com,"Management Consulting",,,,"Jersey City",NJ,""
2022-03-31,"- Restaurant Supervisor",Hyatt,hyatt.com,Hospitality,,,"The Waterfront area","Jersey City",NJ,"07302"
2022-04-01,"JPMorgan Payments - Payments Sales Manager - TMT East - VP/E...","JPMorgan Chase Bank, N.A.",chase.com,"Financial Services",,,,"Jersey City",NJ,""
2022-03-30,"JPM Payments-NA Liquidity Product Solutions Specialist, ED","JPMorgan Chase Bank, N.A.",chase.com,"Financial Services",,,,"Jersey City",NJ,""
2022-03-31,"Finance & Business Management - Associate Business Manager","JPMorgan Chase Bank, N.A.",chase.com,"Financial Services",,,,"Jersey City",NJ,""
2022-03-31,"Software Engineering","JPMorgan Chase Bank, N.A.",chase.com,"Financial Services",,,,"Jersey City",NJ,""
2022-03-30,"JPMorgan Payments- Treasury Services- Sales Associate","JPMorgan Chase Bank, N.A.",chase.com,"Financial Services",,,,"Jersey City",NJ,""
2022-03-29,"GTI Strategy & Business Services - Project Execution Associa...","JPMorgan Chase Bank, N.A.",chase.com,"Financial Services",,,,"Jersey City",NJ,""
2022-03-31,"Hyatt House Jersey City - Restaurant Supervisor","Hyatt House Jersey City",,,,,"The Waterfront area","Jersey City",NJ,"07302"
2022-04-01,"Cloud Virtualization Operations Administrator– VMware","Bank of America",appianrx.com,"Hospital & Health Care",,,"The Waterfront area","Jersey City",NJ,"07302"
2022-04-01,"Deloitte Talent Temporary Lead Talent Business Analyst - Tax",Deloitte,deloitte.com,"Management Consulting",,,,"Jersey City",NJ,""
2022-03-29,"CCB Capital Markets Product Controller","JPMorgan Chase Bank, N.A.",chase.com,"Financial Services",,,,"Jersey City",NJ,""
2022-04-01,"Database Risk & Controls Lead","JPMorgan Chase Bank, N.A.",chase.com,"Financial Services",,,,"Jersey City",NJ,""
2022-03-30,"CCOR Data Analyst","JPMorgan Chase Bank, N.A.",chase.com,"Financial Services",,,,"Jersey City",NJ,""
2022-03-31,"Organizational Change Management (OCM) Manager, Future of Wo...",Deloitte,deloitte.com,"Management Consulting",,,,"Jersey City",NJ,""
2022-03-30,"Business Resiliency - PMO Project Manager, Associate","JPMorgan Chase Bank, N.A.",chase.com,"Financial Services",,,,"Jersey City",NJ,""
2022-03-30,"CIB_Voluntary Corporate Actions Analyst_ Associate II, Jerse...","JPMorgan Chase Bank, N.A.",chase.com,"Financial Services",,,,"Jersey City",NJ,""
2022-03-30,"JPM Payments - Cross Border Payments Product Manager, VP","JPMorgan Chase Bank, N.A.",chase.com,"Financial Services",,,,"Jersey City",NJ,""
2022-03-31,"Applications Support",Capgemini,capgeminisogeti.dk,,,,,"Jersey City",NJ,""
2022-03-29,"Executive Talent Management Development - Associate","JPMorgan Chase Bank, N.A.",chase.com,"Financial Services",,,,"Jersey City",NJ,""
2022-04-01,"Front-end Web Developer (Associate)","JPMorgan Chase Bank, N.A.",chase.com,"Financial Services",,,,"Jersey City",NJ,""
2022-03-30,"Software Engineering","JPMorgan Chase Bank, N.A.",chase.com,"Financial Services",,,,"Jersey City",NJ,""
2022-04-01,"Data Center Migration Lead","JPMorgan Chase Bank, N.A.",chase.com,"Financial Services",,,,"Jersey City",NJ,""
2022-03-31,"Inventory Control Manager",Sysco,sysco.com,"Food & Beverages",,,,"Jersey City",NJ,""
2022-03-29,"Quantitative Research - Wholesale Credit Risk - Associate","JPMorgan Chase Bank, N.A.",chase.com,"Financial Services",,,,"Jersey City",NJ,""
2022-03-31,"KYC Quality Assurance Team Lead",MUFG,mtel.com.br,"Information Technology & Services",,Remote,,"Hybrid remote in Jersey City",NJ,"07302"
2022-03-31,"Technical Product Owner","JPMorgan Chase Bank, N.A.",chase.com,"Financial Services",,,,"Jersey City",NJ,""
2022-03-30,"Audit Practices Manager","JPMorgan Chase Bank, N.A.",chase.com,"Financial Services",,,,"Jersey City",NJ,""
2022-03-30,"CCB HR Talent Development Associate","JPMorgan Chase Bank, N.A.",chase.com,"Financial Services",,,,"Jersey City",NJ,""
2022-03-30,"Audit Practices Manager","JPMorgan Chase Bank, N.A.",chase.com,"Financial Services",,,,"Jersey City",NJ,""
2022-04-01,"Audit - Finance Risk Data & Controls (FRDC) Technology IT Au...","JPMorgan Chase Bank, N.A.",chase.com,"Financial Services",,,,"Jersey City",NJ,""
2022-03-30,"Control Management, Legal - Vice President","JPMorgan Chase Bank, N.A.",chase.com,"Financial Services",,,,"Jersey City",NJ,""
2022-03-31,"Control Manager - Vice President","JPMorgan Chase Bank, N.A.",chase.com,"Financial Services",,,,"Jersey City",NJ,""
2022-03-31,"Forecast Automation and Analysis - Business Product Developm...","JPMorgan Chase Bank, N.A.",chase.com,"Financial Services",,,,"Jersey City",NJ,""
2022-03-31,"Software Engineering","JPMorgan Chase Bank, N.A.",chase.com,"Financial Services",,,,"Jersey City",NJ,""
2022-04-01,"Software Engineering","JPMorgan Chase Bank, N.A.",chase.com,"Financial Services",,,,"Jersey City",NJ,""
2022-04-01,"Software Engineering","JPMorgan Chase Bank, N.A.",chase.com,"Financial Services",,,,"Jersey City",NJ,""
2022-04-01,"Software Engineering","JPMorgan Chase Bank, N.A.",chase.com,"Financial Services",,,,"Jersey City",NJ,""
2022-03-31,"Software Engineering","JPMorgan Chase Bank, N.A.",chase.com,"Financial Services",,,,"Jersey City",NJ,""
2022-04-01,"Demand Generation Data Analytics & Insights Lead",Deloitte,deloitte.com,"Management Consulting",,,,"Jersey City",NJ,""
2022-04-01,"R&FA-Identity Manager- Active Directory/Azure AD",Deloitte,deloitte.com,"Management Consulting",,,,"Jersey City",NJ,""
2022-03-30,"Software Engineering","JPMorgan Chase Bank, N.A.",chase.com,"Financial Services",,,,"Jersey City",NJ,""
2022-04-01,"Commercial Bank - Digital, Data and Product Finance Analysis...","JPMorgan Chase Bank, N.A.",chase.com,"Financial Services",,,,"Jersey City",NJ,""
2022-04-01,"AI/ML Software Engineering (Associate) - AWS and Python","JPMorgan Chase Bank, N.A.",chase.com,"Financial Services",,Remote,,"Hybrid remote in Jersey City",NJ,""
2022-03-30,"Smart Factory Release Manager",Deloitte,deloitte.com,"Management Consulting",,,,"Jersey City",NJ,""
2022-03-30,"CIB-Wholesale Payments - Product Marketing Vice President","JPMorgan Chase Bank, N.A.",chase.com,"Financial Services",,,,"Jersey City",NJ,""
2022-04-01,"JPM Payments-Merchant Services-Vice President, Product Manag...","JPMorgan Chase Bank, N.A.",chase.com,"Financial Services",,,,"Jersey City",NJ,""
2022-03-30,"Project Manager - Consulting","Cognizant Technology Solutions",cognizant.com,"Information Technology & Services",,,"The Heights area","Jersey City",NJ,"07097"
2022-04-01,"CTO - Fullstack Developer - AI/ML Lifecycle & Governance","JPMorgan Chase Bank, N.A.",chase.com,"Financial Services",,,,"Jersey City",NJ,""
2022-03-30,"Risk Analysis Specialist II","Bank of America",appianrx.com,"Hospital & Health Care",,,"The Waterfront area","Jersey City",NJ,"07310"
2022-03-31,"Software Engineering","JPMorgan Chase Bank, N.A.",chase.com,"Financial Services",,,,"Jersey City",NJ,""
2022-03-30,"Software Engineering - Client Master Engineering Lead NJ","JPMorgan Chase Bank, N.A.",chase.com,"Financial Services",,,,"Jersey City",NJ,""
2022-03-31,"Software Engineering","JPMorgan Chase Bank, N.A.",chase.com,"Financial Services",,,,"Jersey City",NJ,""
2022-03-30,"Software Engineering","JPMorgan Chase Bank, N.A.",chase.com,"Financial Services",,,,"Jersey City",NJ,""
2022-03-30,"Software Asset Management Consultant",Deloitte,deloitte.com,"Management Consulting",,,,"Jersey City",NJ,""
2022-03-29,"Public Cloud Compute Architect","JPMorgan Chase Bank, N.A.",chase.com,"Financial Services",,,,"Jersey City",NJ,""
2022-03-30,"Head of Data Analytics, Internal Audit","Jefferies & Company, Inc.",jefferies.com,"Investment Banking","$113K ? $144K a year",,"The Waterfront area","Jersey City",NJ,"07302"
2022-03-29,"Audit Data Analytics Solutions Vice President","JPMorgan Chase Bank, N.A.",chase.com,"Financial Services",,,,"Jersey City",NJ,""
2022-03-30,"Regional Alliance Manager- Enterprise",Zscaler,zscaler.com,"Computer & Network Security","$130K ? $164K a year",,,"Jersey City",NJ,""
2022-03-29,"Lead Infrastructure Developer","JPMorgan Chase Bank, N.A.",chase.com,"Financial Services",,,,"Jersey City",NJ,""
2022-03-30,"Director ? Head of Early Careers and Campus Recruitment","BNP Paribas",group.bnpparibas,Banking,,,"The Waterfront area","Jersey City",NJ,"07310"
2022-03-30,"Software Engineering - Front End Developer","JPMorgan Chase Bank, N.A.",chase.com,"Financial Services",,,,"Jersey City",NJ,""
2022-03-30,"Vice President ? Head of Payroll","BNP Paribas",group.bnpparibas,Banking,,,"The Waterfront area","Jersey City",NJ,"07310"
2022-03-30,"Finance & Business Management (F&BM) Transformation: Anaplan...","JPMorgan Chase Bank, N.A.",chase.com,"Financial Services",,,,"Jersey City",NJ,""
2022-03-30,"Lead UX Designer","JPMorgan Chase Bank, N.A.",chase.com,"Financial Services",,,,"Jersey City",NJ,""
2022-03-29,"Audit - Wealth Management - Auditor - Associate","JPMorgan Chase Bank, N.A.",chase.com,"Financial Services",,,,"Jersey City",NJ,""
2022-04-01,"Software Engineering Lead.","JPMorgan Chase Bank, N.A.",chase.com,"Financial Services",,,,"Jersey City",NJ,""
2022-03-30,"CIB F&BM - Business Manager - Associate","JPMorgan Chase Bank, N.A.",chase.com,"Financial Services",,,,"Jersey City",NJ,""
2022-03-29,"JPMorgan Payments- Treasury Services- Sales Associate","JPMorgan Chase Bank, N.A.",chase.com,"Financial Services",,,,"Jersey City",NJ,""
2022-03-29,"Software Engineering - Lead Data Architect - Jersey City","JPMorgan Chase Bank, N.A.",chase.com,"Financial Services",,,,"Jersey City",NJ,""
2022-03-30,"CTO - Full Stack Developer: Machine Learning Lifecycle Manag...","JPMorgan Chase Bank, N.A.",chase.com,"Financial Services",,,,"Jersey City",NJ,""
2022-03-30,Architecture,"JPMorgan Chase Bank, N.A.",chase.com,"Financial Services",,,,"Jersey City",NJ,""
2022-03-31,"FX/MM Processing Specialist4/18/2022-07/29/2022","DTS America",dtsamerica.com,,"$26.50 - $28.50 an hour",,,"Jersey City",NJ,""
2022-04-01,"Freight Desk Director","F&T VENTURES",,,"$75,000 - $105,000 a year",,"Downtown area","Jersey City",NJ,"07302"
2022-04-01,"Freight Desk Director","F&T VENTURES",,,"$75,000 - $105,000 a year",,"Downtown area","Jersey City",NJ,"07302"
2022-04-01,"Legal Administrative Assistant","Pearl Capital Business Funding",,,"$50,000 - $70,000 a year",Remote,,"Hybrid remote in Jersey City",NJ,"07310"
2022-04-01,"Marketing Associate - Tik Tok","Carlo's Bakery",carlosbakery.com,"Food & Beverages","$55,000 - $75,000 a year",,"Downtown area","Jersey City",NJ,"07310"
2022-03-29,"FSS Program Asst. Coordinator","HOUSING AUTHORITY OF CITY OF J C",jerseycityha.org,"Government Administration","$32,460 - $56,735 a year",,"Journal Square area","Jersey City",NJ,"07306"
2022-03-31,"Tomcat Apache Admin","PRO IT",pro-it-solutions.com,"Information Technology & Services","$95.8K ? $121K a year",,"Downtown area","Jersey City",NJ,"07302"
2022-03-31,"Financial Analyst Mid Level","Computing Concepts Inc",computingconceptsinc.com,"Information Technology & Services","$29.21 an hour",,"The Waterfront area","Jersey City",NJ,"07311"
1970-01-01,"Visual Designer","Raps Consulting",rapscorp.com,"Staffing & Recruiting","$90,000 - $110,000 a year",,,"Jersey City",NJ,""
2022-04-01,"Environmental Field Inspector","We Inspect",yesweinspect.com,"Health, Wellness & Fitness","$60,000 - $65,000 a year",Remote,,"Hybrid remote in Jersey City",NJ,""
1970-01-01,"Python Developer","IT Alliances Inc",,,"$100,000 - $170,000 a year",,,"Jersey City",NJ,""
2022-03-31,"31510-Customer Experience Manager","2020 Tech IQ",iqstechfest.com,,"$56K ? $71K a year",,"The Heights area","Jersey City",NJ,"07097"
2022-03-31,"Legal Administrative Assistant/Paralegal","Pearl Capital Business Funding",,,"$50,000 - $70,000 a year",Remote,,"Hybrid remote in Jersey City",NJ,"07310"
2022-03-31,"General Manager","Taco Bell",concreteimpressionsgds.com,,"$56,000 a year",,"Journal Square area","Jersey City",NJ,"07306"
2022-04-01,"Operations Project Manager (Global Payments)","SAM NETWORK SYSTEMS LLC.",securingsam.com,"Computer Software","$110,000 - $130,000 a year",,,"Jersey City",NJ,""
1970-01-01,"Tableau Developer","Raps Consulting",rapscorp.com,"Staffing & Recruiting","$100,000 - $110,000 a year",,,"Jersey City",NJ,""
2022-04-01,"House Cleaner","Dirt & Dustpan",dirtanddustpan.com,,"$17 - $20 an hour",,,"Jersey City",NJ,""
2022-04-01,"Talent Acquisition Lead","Aspen Insurance Holdings Limited",aspen-insurance.com,"Industry: Insurance","$92.6K ? $117K a year",,,"Jersey City",NJ,""
1970-01-01,"Data Support Analyst with Trifacta Experience","Compunel Inc",,,"$85.8K ? $109K a year",,,"Jersey City",NJ,""
2022-04-01,"Infrastructure Operations Analyst (DIRECTHIRE)/NJ/NY/PA/TN","United Business Solutions Inc",ubsols.com,"Information Technology & Services","$85,000 - $125,000 a year",,,"Jersey City",NJ,""
2022-03-31,"DevOps Consultant",Intellibus,intellibus.co.za,"Information Technology & Services","$65 - $80 an hour",,,"Jersey City",NJ,""
2022-04-01,Server,Lokal,lokalistanbul.com,"Marketing & Advertising","Up to $10 an hour",,"The Waterfront area","Jersey City",NJ,"07302"
2022-03-30,"Manager- Patient Access","CarePoint Health Management Associates",,,"$53K ? $67.2K a year",,"Journal Square area","Jersey City",NJ,"07306"
2022-04-01,"Inside Sales Oncology","Phoenix Healthcare LLC",phoenixhealthcarellc.com,"Hospital & Health Care","$60,000 - $70,000 a year",,,"Jersey City",NJ,""
2022-03-30,"Registered Nurse/ Emergency Room","CarePoint Health Management Associates",,,"$83.8K ? $106K a year",,"Journal Square area","Jersey City",NJ,"07306"
2022-04-01,"Traveling Superintendent - Multifamily/Hospitality","Duda Staffing Solutions",dudastaffingsolutions.com,"Staffing & Recruiting","$90,000 - $120,000 a year",,"Journal Square area","Jersey City",NJ,"07302"
2022-03-31,"Cath Lab RN needed in Rahway, NJ","Global Health Care Nursing Agency",globalhealthcareinc.com,"Staffing & Recruiting","$95 - $100 an hour",,"Journal Square area","Jersey City",NJ,"07306"
1970-01-01,"MS Dynamics Developer","Compunel Inc",,,"$93.1K ? $118K a year",,,"Jersey City",NJ,""
2022-04-01,"Auto Technology Technician - Jersey City, NJ","Interstate Waste Services",interstatewaste.com,"Environmental Services","$47.6K ? $60.2K a year",,"Bergen-Lafayette area","Jersey City",NJ,"07304"
2022-04-01,"UX Designer","Purple Drive Technologies",,,"$102K ? $129K a year",,,"Jersey City",NJ,""
1970-01-01,"Dot Net Developer","MAMSYS CONSULTING SERVICES",,,"$100,000 - $105,000 a year",,,"Jersey City",NJ,""
2022-03-30,"Compliance Specialist","MMS Group",mmsgroup.com,"Real Estate","$40.6K ? $51.4K a year",,"Bergen-Lafayette area","Jersey City",NJ,"07304"
1970-01-01,"Microsoft Dynamics Developer","Compunel Inc",,,"$90.2K ? $114K a year",,,"Jersey City",NJ,""
2022-04-01,"Corporate/Transactional Associate","UBS INC",ubs.com,"Financial Services","$132K ? $167K a year",,,"Jersey City",NJ,""
2022-03-30,"Patient Care Director/Emergency Room","CarePoint Health Management Associates",,,"$107K ? $136K a year",,"Journal Square area","Jersey City",NJ,"07306"
2022-03-30,"IT Manager","NEW JERSEY REENTRY CORPORATION",njreentry.org,"Professional Training & Coaching","$76.6K ? $97K a year",,"Journal Square area","Jersey City",NJ,"07306"
2022-03-30,"Technical Product Manager",SquareTrade,squaretrade.com,"Consumer Services","$94.7K ? $120K a year",Remote,,"Hybrid remote in Jersey City",NJ,""
1970-01-01,"UX Designer","Compunel Inc",,,"$100K ? $127K a year",,,"Jersey City",NJ,""
2022-04-01,Upholsterer,"Interior Marketing Group IMG",,,"$20 - $30 an hour",,"Bergen-Lafayette area","Jersey City",NJ,"07304"
2022-03-30,"Actuarial Analyst-Commercial Property",ISO,commercialplasticswi.com,,"$66.7K ? $84.5K a year",,,"Jersey City",NJ,""
1970-01-01,"MS Dynamics Developer","Compunel Inc",,,"$94.8K ? $120K a year",,,"Jersey City",NJ,""
2022-03-30,"Nurse Practitioner /Emergency Room","CarePoint Health Management Associates",,,"$125K ? $158K a year",,"Journal Square area","Jersey City",NJ,"07306"
2022-03-30,"Actuarial Analyst II",ISO,commercialplasticswi.com,,"$72.2K ? $91.4K a year",,,"Jersey City",NJ,""
1970-01-01,"Project Manager - Financial exp, (Equites/Fixed Income/Mortg...","Talent tigers",,,"$67 an hour",,"The Waterfront area","Jersey City",NJ,"07310"
2022-03-30,"Registered Nurse /Intensive Care Unit","CarePoint Health Management Associates",,,"$81.8K ? $104K a year",,"Journal Square area","Jersey City",NJ,"07306"
1970-01-01,"Microsoft Dynamics Developer","Compunel Inc",,,"$95.6K ? $121K a year",,,"Jersey City",NJ,""
2022-03-31,"Culinary Supervisor / Kitchen Enthusiast","Canopy by Hilton Jersey City",,,"$43.9K ? $55.7K a year",,"Downtown area","Jersey City",NJ,"07302"
2022-03-30,"Director of Library Instruction ? Hudson County Community Co...","Greater New York Metropolitan Area Chapter",acrlny.org,Research,"$95.2K ? $121K a year",,,"Jersey City",NJ,""
2022-04-01,"House Cleaner","Dirt & Dustpan",dirtanddustpan.com,,"$17 - $20 an hour",,,"Jersey City",NJ,""
2022-04-01,Server,Lokal,lokalistanbul.com,"Marketing & Advertising","Up to $10 an hour",,"The Waterfront area","Jersey City",NJ,"07302"
2022-03-30,"Security Officer (Jersey City)","MG Security Services LLC",mgsecurityservices.com,"Security & Investigations","$16 an hour",,"The Waterfront area","Jersey City",NJ,"07310"
2022-04-01,"Freight Desk Director","F&T VENTURES",,,"$75,000 - $105,000 a year",,"Downtown area","Jersey City",NJ,"07302"
2022-04-01,"Risk Operations Consultant - Corporate Risk",DataAxxis,dataaxxis.com,"Financial Services","$720 - $820 a day",,,"Jersey City",NJ,""
2022-04-01,"Traveling Superintendent - Multifamily/Hospitality","Duda Staffing Solutions",dudastaffingsolutions.com,"Staffing & Recruiting","$90,000 - $120,000 a year",,"Journal Square area","Jersey City",NJ,"07302"
2022-03-31,"DevOps Consultant",Intellibus,intellibus.co.za,"Information Technology & Services","$65 - $80 an hour",,,"Jersey City",NJ,""
2022-04-01,"Full Stack Developer","Infinity Consulting Solutions, Inc.",infinity-cs.com,"Staffing & Recruiting",,,"The Heights area","Jersey City",NJ,"07097"
2022-04-01,"UX Designer","Purple Drive Technologies",,,"$102K ? $129K a year",,,"Jersey City",NJ,""
2022-03-31,"Cath Lab RN needed in Rahway, NJ","Global Health Care Nursing Agency",globalhealthcareinc.com,"Staffing & Recruiting","$95 - $100 an hour",,"Journal Square area","Jersey City",NJ,"07306"
1970-01-01,"Project Manager - Financial exp, (Equites/Fixed Income/Mortg...","Talent tigers",,,"$67 an hour",,"The Waterfront area","Jersey City",NJ,"07310"
2022-03-31,".NET C# Developer","Pinnacle Technical Resources",pinnacle1.com,"Information Technology & Services",,,"Downtown area","Jersey City",NJ,"07310"
2022-03-31,"FX/MM Processing Specialist4/18/2022-07/29/2022","DTS America",dtsamerica.com,,"$26.50 - $28.50 an hour",,,"Jersey City",NJ,""
2022-03-31,"Branch Operations Manager Trainee - ESSENTIAL SERVICES","Western Pest Services",westernpest.com,"Consumer Services",,,"Hanover Academy area",Trenton,NJ,"08601"
2022-03-31,"Branch Operations Manager Trainee - ESSENTIAL SERVICES","Western Industries-North, LLC",westernind.com,"Consumer Goods","$55.7K ? $70.5K a year",,"Hanover Academy area",Trenton,NJ,"08601"
2022-03-31,"Program Administrative Assistant","Volunteers of America Delaware Valley",voadv.org,Fund-Raising,,,"Wilbur area",Trenton,NJ,"08618"
2022-04-01,"HAF Program Manager","New Jersey Housing and Mortgage Finance Agency",njhmfa.gov,,"$81,514 - $114,700 a year",,,Trenton,NJ,""
2022-03-30,"Diabetes Sales Specialist ? Trenton, NJ","Abbott Laboratories",abbottnutrition.com,Research,,,,Trenton,NJ,""
2022-03-31,"Lead Systems Technician","Vector Security, Inc.",,,"$37K ? $46.8K a year",,"Hanover Academy area",Trenton,NJ,"08608"
2022-04-01,"Automotive Sales Manager ? F&I Manager ? Internet","Reynolds and Reynolds",reyrey.com,"Computer Software",,,"Hanover Academy area",Trenton,NJ,"08601"
2022-04-01,"Registered Nurse (RN)- Float Pool, Full Time, Day Shift","St. Francis Medical Center",stfran.com,"Hospital & Health Care",,,"Greenwood & Hamilton area",Trenton,NJ,"08629"
2022-03-30,"Educational Partnerships and State Policy Specialist",Pearson,pearson.com,"Education Management",,Remote,,"Remote in Trenton",NJ,"08629"
2022-03-31,"Business Development Manager-Apple-Remote-Nationwide",Connection,,,"$74K ? $93.6K a year",Remote,,"Remote in Trenton",NJ,"08601"
2022-04-01,"Outside Sales Account Manager","Reynolds and Reynolds",reyrey.com,"Computer Software",,,"Hanover Academy area",Trenton,NJ,"08601"
2022-04-01,"Community Association Manager","Reliance Property Management Group",rpmg.us,"Real Estate","$65,000 - $80,000 a year",,,Trenton,NJ,""
2022-04-01,"Clinical Research Associate","Charlton Morris",charltonmorris.com,"Staffing & Recruiting","$75 - $90 an hour",,,Trenton,NJ,""
2022-03-31,"Preschool Disabilities Specialist","The Children's Home Society of New Jersey",chsofnj.org,"Individual & Family Services","$20.58 an hour",,"Chambersburg area",Trenton,NJ,""
2022-04-01,"Environmental Field Inspector","We Inspect",yesweinspect.com,"Health, Wellness & Fitness","$60,000 - $65,000 a year",Remote,,"Hybrid remote in Trenton",NJ,""
2022-03-31,"Healthcare Recruiter","NBN GROUP",nbngroup.com,"Hospital & Health Care","$51.8K ? $65.6K a year",,,Trenton,NJ,""
2022-03-31,"Program Coordinator","LifeTies, Inc.",,,"$46.4K ? $58.8K a year",,"Berkeley Sq. & Parkside area",Trenton,NJ,"08618"
2022-03-31,"Director of Accounting","Business Health Services",bhsonline.com,"Mental Health Care","$82.8K ? $105K a year",Remote,,"Remote in Trenton",NJ,"08601"
2022-03-30,"1099 Contract Technical Recruiter (100% Remote Agency)","Recruiting From Scratch",recruitingfromscratch.com,"Staffing & Recruiting","From $150,000 a year",Remote,,"Remote in Trenton",NJ,"08605"
2022-03-31,"Preschool Center Supervisor - 2 Classroom Head Start Site","The Children's Home Society of New Jersey",chsofnj.org,"Individual & Family Services","$24.73 an hour",,"Franklin Park area",Trenton,NJ,"08610"
2022-04-01,"Clinical Director of Substance Abuse Counseling Services","The Rescue Mission of Trenton",rescuemissionoftrenton.org,"Nonprofit Organization Management","$85,000 - $100,000 a year",,"Ewing & Carroll area",Trenton,NJ,"08609"
2022-03-30,"LPN Supervisor","Avant Rehabilitation and Care Center",avantaraparkridge.com,"Hospital & Health Care","$53.7K ? $67.9K a year",,"Top Road area",Trenton,NJ,"08638"
1970-01-01,"Business Systems Analyst with UI","Securekloud Technologies Inc",securekloud.com,"Computer Software","$86.1K ? $109K a year",,,Trenton,NJ,""
2022-04-01,"Territory Sales Manager - Philadelphia","E Inc.",e.inc,,"$68.7K ? $87.1K a year",,"Wilbur area",Trenton,NJ,"08618"
2022-04-01,"Automotive Group Controller (Commute/Relocate to MD)","DARCARS Automotive Group",darcars.com,Automotive,"$73.8K ? $93.4K a year",,,Trenton,NJ,""
2022-03-30,"Market Manager - Microsoft","Mosaic North America",mosaic.com,"Marketing & Advertising",,,,Trenton,NJ,""
2022-03-31,"Rigging Foreman ($22.00/hr. - $27.00/hr.)","REMETRONIX Powered by Probo Medical",,,"$22 - $27 an hour",,,Trenton,NJ,""
2022-04-01,"Manager, Collections","defi SOLUTIONS",,,"$93.6K ? $119K a year",,"Hanover Academy area",Trenton,NJ,"08601"
2022-03-30,"SAP Change Management Lead","Endeavor Consulting Group",endeavorcg.com,"Management Consulting","$73.5K ? $93.1K a year",,,Trenton,NJ,""
2022-03-30,"Data Entry Coordinator","UIH Family Partners",thefathercenter.org,"Individual & Family Services","$30,000 a year",,"Downtown area",Trenton,NJ,"08608"
2022-03-30,"Direct Support Professional","Royal Community Support",royalcsnj.com,"Individual & Family Services","From $18 an hour",,,Trenton,NJ,""
2022-04-01,"Clinical Research Associate","Charlton Morris",charltonmorris.com,"Staffing & Recruiting","$75 - $90 an hour",,,Trenton,NJ,""
2022-03-30,"1099 Contract Technical Recruiter (100% Remote Agency)","Recruiting From Scratch",recruitingfromscratch.com,"Staffing & Recruiting","From $150,000 a year",Remote,,"Remote in Trenton",NJ,"08605"
1970-01-01,"Business Systems Analyst with UI","Securekloud Technologies Inc",securekloud.com,"Computer Software","$86.1K ? $109K a year",,,Trenton,NJ,""
2022-04-01,"Human Resource Assistant","Dynamic Healthcare",dynamichealthsys.com,"Computer Software","$33.2K ? $42K a year",,,Lakewood,NJ,"08701"
2022-04-01,"Talent Acquisition Specialist","Luxor Healthcare",luxorcarehhs.com,,"$61.2K ? $77.4K a year",,,Lakewood,NJ,"08701"
2022-03-31,"Trucking Dispatcher","Complete Equipment Rentals",completeequipment.com,Construction,"$65,000 - $75,000 a year",,,Lakewood,NJ,"08701"
2022-03-31,"Payroll Specialist","Vogue Recovery Center",voguerecoverycenter.com,"Hospital & Health Care","$54.9K ? $69.5K a year",,,Lakewood,NJ,"08701"
2022-04-01,"Dental Insurance Coordinator",ProSmile,myprosmile.com,"Health, Wellness & Fitness","$32K ? $40.6K a year",,,Lakewood,NJ,"08701"
2022-04-01,"Registered Dental Assistant",ProSmile,myprosmile.com,"Health, Wellness & Fitness","$39.3K ? $49.7K a year",,,Lakewood,NJ,"08701"
2022-03-31,"Case Management Nurse","CHEMED Health Center",chemedhealth.org,"Hospital & Health Care","$58.1K ? $73.5K a year",,,Lakewood,NJ,"08701"
1970-01-01,"Zillow Flex Real Estate Agent","The Joe Oz Real Estate Group",,,"Up to $150,000 a year",,,Lakewood,NJ,"08701"
2022-03-30,"Administrative Support, Documentation - US","Gaming Laboratories International",gaminglabs.com,"Gambling & Casinos","$30.5K ? $38.7K a year",,,Lakewood,NJ,"08701"
2022-03-31,"CLINICAL SUPERVISOR OF OUTPATIENT SERVICES","PREFERRED BEHAVIORAL HEALTH OF NEW JERSEY",,,"$75.5K ? $95.5K a year",,,Lakewood,NJ,"08701"
2022-03-31,"Director of Outpatient Services","PREFERRED BEHAVIORAL HEALTH OF NEW JERSEY",,,"$75.2K ? $95.2K a year",,,Lakewood,NJ,"08701"
2022-03-31,"Estimator/ Project Manager, Royal Treatment","Globe Talent Finders",globetalentfinders.com,"Staffing & Recruiting","$71.7K ? $90.7K a year",,,Lakewood,NJ,"08701"
2022-03-30,"Project Manager, Royal Treatment","Globe Talent Finders",globetalentfinders.com,"Staffing & Recruiting","$70.4K ? $89.2K a year",,,Lakewood,NJ,"08701"
2022-03-30,"Customer Success Manager (Evergreen)","Revolution Foods",revolutionfoods.com,"Food & Beverages","$71.6K ? $90.6K a year",,,Edison,NJ,"08837"
2022-03-30,"Project Accountant","Forest Electric Corp.",forestelectric.net,Construction,"$68.3K ? $86.5K a year",,,Edison,NJ,"08837"
2022-03-30,"Service Delivery Technician","Iron Mountain",ccac-ont.ca,"Hospital & Health Care",,,,Edison,NJ,"08899"
2022-03-29,"Coordinator, Conflict of Interest","Hackensack Meridian Health",hackensackmeridianhealth.org,"Hospital & Health Care",,,,Edison,NJ,"08837"
2022-03-30,"Database Administrators","Fusion Plus Solutions Inc.",,,"$92K ? $116K a year",,,Edison,NJ,"08817"
2022-03-31,"Targeted Drug Delivery Infusion Specialist, RN","Pentec Health",pentechealth.com,"Hospital & Health Care","$67.6K ? $85.6K a year",,,Edison,NJ,""
2022-04-01,"Financial Analyst, South","Hackensack Meridian Health",hackensackmeridianhealth.org,"Hospital & Health Care",,,,Edison,NJ,"08837"
2022-03-30,"Database Administrators","Fusion Plus Solutions Inc.",,,"$93.5K ? $118K a year",,,Edison,NJ,"08817"
2022-03-30,"Project Accountant",Emcor,emcor.com,Consulting,,,,Edison,NJ,"08837"
2022-03-31,"Manager, Signature Services - Foundation","Hackensack Meridian Health",hackensackmeridianhealth.org,"Hospital & Health Care",,,,Edison,NJ,"08837"
2022-03-30,"Physician Relations Manager","Hackensack Meridian Health",hackensackmeridianhealth.org,"Hospital & Health Care",,,,Edison,NJ,"08837"
2022-03-30,"Manager, Clinical Program Behavioral Health EPS (Full Time)","Hackensack Meridian Health",hackensackmeridianhealth.org,"Hospital & Health Care",,,,Edison,NJ,"08820"
2022-03-31,"IT Portfolio Manager","Hackensack Meridian Health",hackensackmeridianhealth.org,"Hospital & Health Care",,,,Edison,NJ,"08837"
2022-04-01,"Assistant Nurse Manager - Critical Care - F/T Days","Hackensack Meridian Health",hackensackmeridianhealth.org,"Hospital & Health Care",,,,Edison,NJ,"08820"
2022-04-01,"Assistant Nurse Manager - Bariatrics - F/T Evenings","Hackensack Meridian Health",hackensackmeridianhealth.org,"Hospital & Health Care",,,,Edison,NJ,"08820"
2022-04-01,"Assistant Nurse Manager - Critical Care - F/T Days","Hackensack Meridian Health",hackensackmeridianhealth.org,"Hospital & Health Care",,,,Edison,NJ,"08820"
2022-04-01,"Assistant Nurse Manager - Bariatrics - F/T Evenings","Hackensack Meridian Health",hackensackmeridianhealth.org,"Hospital & Health Care",,,,Edison,NJ,"08820"
2022-04-01,"Assistant Nurse Manager - Bariatrics - F/T Evenings","Hackensack Meridian Health",hackensackmeridianhealth.org,"Hospital & Health Care",,,,Edison,NJ,"08820"
2022-04-01,"Assistant Nurse Manager - Bariatrics - F/T Evenings","Hackensack Meridian Health",hackensackmeridianhealth.org,"Hospital & Health Care",,,,Edison,NJ,"08820"
2022-03-31,"Site Acquisition Specialist",WIVERSE,wiverse.com,Telecommunications,"$30 - $35 an hour",,,Edison,NJ,"08817"
2022-03-31,"Human Resource Manager",Yasmesoft,yasmesoft.com,"Staffing & Recruiting","$110,000 - $115,000 a year",,,Edison,NJ,""
2022-04-01,"Administration Assistant","APCO Paving",,,"$15 - $20 an hour",,,Edison,NJ,"08837"
2022-03-31,"Automotive Used Car Sales Manager","OPEN ROAD AUTO GROUP",openroad.com,Automotive,"$108K ? $137K a year",,,Edison,NJ,"08817"
1970-01-01,"Accounts Receivable",Yasmesoft,yasmesoft.com,"Staffing & Recruiting","$23 - $24 an hour",,,Edison,NJ,""
2022-03-31,"SIU Investigator","Allied Universal",aus.com,"Security & Investigations",,,,Edison,NJ,"08817"
2022-03-29,"Staffing Coordinator","Grace Healthcare Services",,,"$32.5K ? $41.1K a year",,,Edison,NJ,"08837"
2022-04-01,"Assistant Maintenance Manager","C&W Services",cwservices.com,"Facilities Services",,,,Edison,NJ,"08820"
2022-03-30,"Ocean Import Coordinator","Hellmann Worldwide Logistics, Inc.",,,"$41.9K ? $53.1K a year",,,Edison,NJ,"08817"
2022-03-31,"Mgr - Quality Compliance","Bentley Laboratories, LLC",bentleylabs.com,"Consumer Goods","$74.7K ? $94.5K a year",,,Edison,NJ,"08837"
2022-04-01,".NET Developer (On W2)","Brilliant Infotech",,,"From $65,000 a year",,,Edison,NJ,""
2022-03-30,"Airfreight Import Coordinator","Hellmann Worldwide Logistics, Inc.",,,"$39K ? $49.4K a year",,,Edison,NJ,"08817"
2022-03-31,"Lead Production Operator","Bentley Laboratories, LLC",bentleylabs.com,"Consumer Goods","$36.2K ? $45.8K a year",,,Edison,NJ,"08837"
2022-03-31,"Registered Nurse","Grace Healthcare Services",,,"$78.3K ? $99.1K a year",,,Edison,NJ,"08837"
2022-04-01,"Field Service Technician - California","Eos Energy Storage LLC",eosenergystorage.com,"Renewables & Environment","$50K ? $63.2K a year",,,Edison,NJ,"08820"
2022-04-01,"Clinical Supervisor (111)","Catholic Charities Diocese of Metuchen",ccdom.org,"Nonprofit Organization Management","$53.4K ? $67.6K a year",,,Edison,NJ,""
2022-03-30,"Airfreight Export Coordinator","Hellmann Worldwide Logistics, Inc.",,,"$38.7K ? $48.9K a year",,,Edison,NJ,"08817"
2022-03-31,"Warehouse Dock Worker (Full-time)","Sunland Distribution of Florida, Inc.",,,"$30.8K ? $39K a year",,,Edison,NJ,"08837"
2022-04-01,"Administration Assistant","APCO Paving",,,"$15 - $20 an hour",,,Edison,NJ,"08837"
2022-03-31,"Nurse Practitioner - Skilled Nursing Facility","ProHealth Partners",prohealthpartnersusa.com,"Hospital & Health Care","$100 - $500 a day",,,Edison,NJ,""
2022-03-31,"Site Acquisition Specialist",WIVERSE,wiverse.com,Telecommunications,"$30 - $35 an hour",,,Edison,NJ,"08817"
2022-03-30,"Airfreight Export Coordinator","Hellmann Worldwide Logistics, Inc.",,,"$38.7K ? $48.9K a year",,,Edison,NJ,"08817"
2022-04-01,".NET Developer (On W2)","Brilliant Infotech",,,"From $65,000 a year",,,Edison,NJ,""
2022-03-31,"Site Acquisition Specialist",WIVERSE,wiverse.com,Telecommunications,"$30 - $35 an hour",,,Edison,NJ,"08817"
2022-03-31,"Store Manager - Ocean County College","Barnes & Noble Education, Inc.",,,"$48.9K ? $61.9K a year",,,"Toms River",NJ,"08753"
2022-03-29,"On/Off Premise Beer Sales Representative - Southern NJ","Inspira Marketing",inspiramarketing.com,"Marketing & Advertising","$53.9K ? $68.3K a year",,,"Toms River",NJ,""
2022-03-30,"Academic Affairs Technician, School of Nursing","Ocean County College",gatewayct.edu,"Education Management","$17 - $18 an hour",,,"Toms River",NJ,"08753"
2022-03-30,"Operations Manager","Ocean County College",gatewayct.edu,"Education Management","$51,912 - $69,216 a year",,,"Toms River",NJ,"08753"
2022-04-01,"Social Services Coordinator - Winteringham","Better Tomorrows",bettertomorrows.org,"Nonprofit Organization Management","$20 - $22 an hour",,,"Toms River",NJ,"08753"
2022-03-31,"Director of Health Services","The Chelsea at Toms River",,,"$46,442 - $95,000 a year",,,"Toms River",NJ,"08753"
2022-04-01,"HR Generalist","Skin & Aesthetic Centers",,,"$55,000 - $75,000 a year",,,"Toms River",NJ,""
2022-04-01,"Sales Manager",SunPurity,,,"$60,000 - $120,000 a year",,,"Toms River",NJ,""
2022-04-01,"Homeowner Services Manager","Northern Ocean Habitat for Humanity",nohfh.com,"Nonprofit Organization Management","$23 - $25 an hour",,,"Toms River",NJ,"08753"
2022-04-01,"Auto Body","JBS Partners, LLC",jsbpartners.com,"Staffing & Recruiting","$25 - $35 an hour",,,"Toms River",NJ,"08755"
2022-04-01,"Remote Financial Coordinator",ProSmile,myprosmile.com,"Health, Wellness & Fitness","$31.7K ? $40.1K a year",Remote,,"Remote in Toms River",NJ,"08753"
2022-04-01,"Zillow Flex Real Estate Agent","The Joe Oz Real Estate Group",,,"Up to $150,000 a year",,,"Toms River",NJ,"08753"
2022-03-30,"Information Security Officer - ISO, CISSP, RMF, eMASS","Specialty Systems, Inc.",ssiweb.com,"Commercial & Residential Construction, Construction","$80,000 - $125,000 a year",,,"Toms River",NJ,"08755"
2022-04-01,"Title Sales Manager","Etech Hire",etechhi.com,"Staffing & Recruiting","$60,000 - $80,000 a year",,,"Toms River",NJ,""
2022-03-31,"Clinical Manager, Homecare","Visiting Nurse Association of Central Jersey",vnahg.org,"Hospital & Health Care","$68.2K ? $86.4K a year",,,"Toms River",NJ,"08753"
2022-03-31,"Certified Peer Recovery Specialist","Integrity House",integrityhouse.org,"Hospital & Health Care","$16 - $17 an hour",,,"Toms River",NJ,"08753"
2022-04-01,"Social Services Coordinator -Eagle Crest","Better Tomorrows",bettertomorrows.org,"Nonprofit Organization Management","$18 - $20 an hour",,,"Toms River",NJ,"08753"
2022-04-01,"Sales Manager",SunPurity,,,"$60,000 - $120,000 a year",,,"Toms River",NJ,""
2022-04-01,"Auto Body","JBS Partners, LLC",jsbpartners.com,"Staffing & Recruiting","$25 - $35 an hour",,,"Toms River",NJ,"08755"
2022-04-01,"Temp, Theater Technician III","Ocean County College",gatewayct.edu,"Education Management","$15 an hour",,,"Toms River",NJ,"08753"
2022-04-01,"Temp, Theater Technician II","Ocean County College",gatewayct.edu,"Education Management","$18 an hour",,,"Toms River",NJ,"08753"
2022-03-29,"Automotive Store Manager","Monro Auto Service and Tire Centers",,,"$73.2K ? $92.6K a year",,"Cherry Hill Mall area","Cherry Hill",NJ,"08002"
2022-03-29,"On/Off Premise Beer Sales Representative - Southern NJ","Inspira Marketing",inspiramarketing.com,"Marketing & Advertising","$53.9K ? $68.3K a year",,,"Cherry Hill",NJ,""
2022-03-31,"Store Manager US Cherry Hill Mall",Garage,shopgarageonline.com,"Apparel & Fashion","$39K ? $49.4K a year",,,"Cherry Hill",NJ,"08002"
2022-03-31,"Certified Sterile Processing",USPI,ppke.hu,"Higher Education",,,,"Cherry Hill",NJ,""
2022-03-31,"Insurance Account Representative","HomeServices Insurance",homeservicesinsurance.com,Insurance,"$42K ? $53.2K a year",,,"Cherry Hill",NJ,"08034"
2022-04-01,"Contract Specialist","Quality First Soluitons",,,"From $65,000 a year",,,"Cherry Hill",NJ,"08034"
2022-04-01,"Communications Manager (Remote)","Insurance Office of America",ioausa.com,Insurance,"$68K ? $86.2K a year",Remote,,"Remote in Cherry Hill",NJ,"08002"
2022-03-31,"Construction Superintendent","Landberg Construction LLC",,,"$90,000 - $105,000 a year",,,"Cherry Hill",NJ,""
2022-04-01,"Assistant Store Manager",buybuyBABY,buybuybaby.com,Retail,,,,"Cherry Hill",NJ,""
2022-04-01,"Store Manager","Cabinets To Go",,,"$52.5K ? $66.5K a year",,"Golden Triangle area","Cherry Hill",NJ,"08002"
2022-03-31,"General Manager","Planet Fitness Raimondo Group",,,"$47.7K ? $60.3K a year",,,"Cherry Hill",NJ,"08003"
2022-03-31,"Director of Memory Support","Symphony at Cherry Hill",,,"$38.5K ? $48.7K a year",,"Erlton-Ellisburg area","Cherry Hill",NJ,"08034"
2022-03-31,"Surveillance Investigator","Allied Universal",aus.com,"Security & Investigations",,,,"Cherry Hill",NJ,"08034"
2022-03-31,"Receptionist/Lead Front Desk","Cherry Hill Dental Office",cherryhilldentalonline.com,"Hospital & Health Care","$29.7K ? $37.5K a year",,,"Cherry Hill",NJ,"08034"
2022-04-01,"Behavioral Health Technician Supervisor","Legacy Healing New Jersey, LLC",,,"From $45,000 a year",,"Erlton-Ellisburg area","Cherry Hill",NJ,"08034"
2022-03-31,"Content Writer","Power Home Remodeling",powerhrg.com,"Consumer Services","$50.4K ? $63.8K a year",,,"Cherry Hill",NJ,"08002"
2022-03-31,"Associate Store Manager - Cherry Hill",Morphe,morphe.com,Cosmetics,"$33.4K ? $42.2K a year",,"Cherry Hill Mall area","Cherry Hill",NJ,"08002"
2022-04-01,"Registered Dental Assistant",ProSmile,myprosmile.com,"Health, Wellness & Fitness","$39.3K ? $49.7K a year",,,"Cherry Hill",NJ,"08034"
2022-04-01,"Management Liability Practice Leader (Remote)","Insurance Office of America",ioausa.com,Insurance,"$83.1K ? $105K a year",Remote,,"Remote in Cherry Hill",NJ,"08002"
2022-04-01,"Territory Sales Manager - Philadelphia","E Inc.",e.inc,,"$68.7K ? $87.1K a year",,,"Cherry Hill",NJ,"08002"
2022-03-31,"Account Manager","City Wide Facility Solutions",gocitywide.com,"Facilities Services","$55,000 - $100,000 a year",,,"Cherry Hill",NJ,""
2022-03-30,"Assistant Director of Nursing","Cambridge Senior Living",cambridge.care,"Hospital & Health Care","$81.2K ? $103K a year",,,"Cherry Hill",NJ,""
2022-03-30,"Patient Coordinator","Ivy Rehab",ivyrehab.com,"Health, Wellness & Fitness","$31.9K ? $40.5K a year",,"Barclay-Kingston area","Cherry Hill",NJ,"08034"
2022-03-30,"Massage Therapy Instructor","Lincoln Tech",lincolntech.edu,"Higher Education","$47K ? $59.4K a year",,,"Cherry Hill",NJ,"08002"
2022-04-01,"Oral Surgeon","Amara Dental Of Cherry Hill",amaradental.com,"Medical Practice","$256K ? $324K a year",,"Erlton-Ellisburg area","Cherry Hill",NJ,"08034"
2022-04-01,"Oral Surgeon","Cherry Hill Family Dental",cherryhillfamilydental.com,"Medical Practice","$256K ? $324K a year",,"Erlton-Ellisburg area","Cherry Hill",NJ,"08034"
2022-04-01,"Contract Specialist","Quality First Soluitons",,,"From $65,000 a year",,,"Cherry Hill",NJ,"08034"
