DATE,"Job Title",Company,Website,Industry,Salary,Remote,AREA,City,State,"Zip Code"
2022-01-21,"CASE AIDE","The State of New Hampshire",nh.gov,"Government Administration","$33,014 - $45,357 a year",,,Manchester,NH,""
2022-01-22,"Business Analyst","Allegro MicroSystems, LLC",allegromicro.com,Semiconductors,,,,Manchester,NH,""
2022-01-21,"CHILD PROTECTIVE SERVICE WORKER I-IV MANCHESTER FAM SRVCS","The State of New Hampshire",nh.gov,"Government Administration","$38,649 - $69,771 a year",,,Manchester,NH,""
2022-01-21,"CHILD PROTECTIVE SERVICE WORKER I-IV MANCHESTER ASSESSMENT","The State of New Hampshire",nh.gov,"Government Administration","$38,649 - $69,771 a year",,,Manchester,NH,""
2022-01-21,"YOUTH COUNSELOR TRAINEE-III FT MASS RECRUIT","The State of New Hampshire",nh.gov,"Government Administration","$27,082 - $52,520 a year",,,Manchester,NH,""
2022-01-24,"3rd Shift Machine Operators - Wire & Cable",Marmon/Keystone,marmonkeystone.com,"Mining & Metals",,,,Manchester,NH,""
2022-01-24,"3rd Shift Machine Operators - Wire & Cable","Marmon Holdings, Inc.",,,,,,Manchester,NH,""
2022-01-21,"Membership Representative I",Anthem,anthem.com,Insurance,,,"Downtown area",Manchester,NH,"3101"
2022-01-24,"Shipping & Receiving Clerk","Marmon Holdings, Inc.",,,,,,Manchester,NH,""
2022-01-22,"Entry Level Sales Executive","Genesis Biotechnology Group",genesisbiotechgroup.com,Biotechnology,,,,Manchester,NH,"3103"
2022-01-24,"2nd Shift Machine Operator",Marmon/Keystone,marmonkeystone.com,"Mining & Metals",,,,Manchester,NH,""
2022-01-24,"Shipping & Receiving Clerk",Marmon/Keystone,marmonkeystone.com,"Mining & Metals",,,,Manchester,NH,""
2022-01-22,"Patient Safety Attendant - Float Pool, Full Time, Evenings","Catholic Medical Center",catholicmedicalcenter.org,"Hospital & Health Care",,,,Manchester,NH,""
2022-01-24,"2nd Shift Machine Operator","Marmon Holdings, Inc.",,,,,,Manchester,NH,""
2022-01-22,"Blocker - 2nd Shift","Velcro USA Inc.",velcro.com,Textiles,,,"Bakersville area",Manchester,NH,"3103"
2022-01-22,"Physical Science Teacher - High School","Manchester School District",mansd.org,"Education Management",,,"Corey Square area",Manchester,NH,"3104"
2022-01-22,"Production Coordinator","Tabletop Tycoon",tabletoptycoon.com,,,,"Notre Dame area",Manchester,NH,"3102"
2022-01-22,"Administrative Assistant","Southern New Hampshire Services, Inc.",,,"$18.05 an hour",,,Manchester,NH,""
2022-01-22,"Ruff Slitter Operator - 1st Shift","Velcro USA Inc.",velcro.com,Textiles,,,"Bakersville area",Manchester,NH,"3103"
2022-01-22,"Unit Secretary- Behavioral Health","Amoskeag Health",amoskeaghealth.org,"Medical Practice",,,"North of Bridge area",Manchester,NH,"3101"
2022-01-22,Repaperer,"Velcro USA Inc.",velcro.com,Textiles,,,"Bakersville area",Manchester,NH,"3103"
2022-01-24,"Outside Sales Representative - Southern NH, Manchester NH, N...",Sysco,sysco.com,"Food & Beverages",,,,Manchester,NH,"3103"
2022-01-22,"Shipping and Receiving - 12pm to 8pm","Velcro USA",,,"$18 - $19 an hour",,"Bakersville area",Manchester,NH,"3103"
2022-01-22,"Spanish Teacher - High School","Manchester School District",mansd.org,"Education Management","Up to $81,426 a year",,"Corey Square area",Manchester,NH,"3104"
2022-01-22,"Team Member - Mall of New Hampshire",Sbarro,,,,,"Lower South Willow/Airport area",Manchester,NH,"3103"
2022-01-22,"Retail Commission Sales Associate - Fine Jewelry, Mall of Ne...",Macy’s,,,,,"Lower South Willow/Airport area",Manchester,NH,"3103"
2022-01-22,"Infantry Candidate (Army)","U.S. Army New England Recruiting Battalion",,,,,,Manchester,NH,""
2022-01-22,"Property Inspector","DataRep Associates",datarepassociates.com,,"$15 - $40 an hour",,,Manchester,NH,""
2022-01-22,"Office Administration","Construction Summary of NH/ME/VT Inc",,,"$20 - $23 an hour",,"North of Bridge area",Manchester,NH,"3104"
2022-01-22,"1st Shift Manufacturing Machine Operator (Mixer) -- earn $26...","Weston Foods",westonfoods.com,"Food Production","$26 an hour",,,Manchester,NH,"3109"
2022-01-22,"Special Forces Candidate (Army)","U.S. Army New England Recruiting Battalion",,,,,,Manchester,NH,""
2022-01-22,"Human Intelligence Collector (Army)","U.S. Army New England Recruiting Battalion",,,,,,Manchester,NH,""
2022-01-24,"Ramp Service Agent Manchester -Boston Regional Airport","Signature Flight Support",signatureflight.com,Airlines/Aviation,,,"Manchester Airport area",Manchester,NH,"3103"
2022-01-22,"2nd Shift Entry-Level Production Packer -- earn $21 per hour...","Weston Foods",westonfoods.com,"Food Production","$21 an hour",,,Manchester,NH,"3109"
2022-01-22,"1st Shift Material Handler -- earn $21 per hour!","Weston Foods",westonfoods.com,"Food Production","$21 an hour",,,Manchester,NH,"3109"
2022-01-22,"1st Shift Manufacturing Machine Operator (Oven) -- earn $22....","Weston Foods",westonfoods.com,"Food Production","$22.50 an hour",,,Manchester,NH,"3109"
2022-01-22,"COBRA Specialist","Health Plans Inc",hpitpa.com,Insurance,,,,Manchester,NH,"3102"
2022-01-22,"RN / LPN - Baylor - Mt. Carmel Rehabilitation & Nursing Cent...","Mount Carmel Rehabilitation & Nursing Center",mtcarmelrehabcenter.org,"Hospital & Health Care",,,,Manchester,NH,""
2022-01-22,"Registered Nurse","ConvenientMD Urgent Care",convenientmd.com,"Hospital & Health Care",,,,Manchester,NH,""
2022-01-24,"Security Team Member","DoubleTree by Hilton Manchester Downtown",,,,,"Downtown area",Manchester,NH,"3101"
2022-01-22,"District Sales Manager","SunGro Horticulture",sungro.com,"Renewables & Environment","$70,000 - $80,000 a year",,,Manchester,NH,""
2022-01-24,"Driver/Inventory Control Specialist","Legend Services Inc",legendservices.com,,"$17 an hour",,,Manchester,NH,""
2022-01-22,Foreperson,"Dew Construction",,,,,,Manchester,NH,"3101"
2022-01-22,"Residential Property Maintenance Technician","Socha Companies",,,"$18 - $22 an hour",,,Manchester,NH,""
2022-01-22,"Front Desk Receptionist/Assistant Office Manager","Elm Grove Companies",elmgrovecompanies.com,"Real Estate","From $18 an hour",,"Hanover Hill area",Manchester,NH,"3104"
2022-01-22,"Long Term Substitute Teacher","Polaris Charter School",pcachicago.org,"Nonprofit Organization Management","$140 a day",,"Rimmon Heights area",Manchester,NH,"3102"
2022-01-21,"Project Manager","Dew Construction",,,,,,Manchester,NH,"3101"
2022-01-22,"Inside Sales Associate","Northstar Steel and Aluminum Inc",nstarmetals.com,"Mining & Metals","$50,000 - $75,000 a year",,"Lower South Willow/Airport area",Manchester,NH,"3103"
2022-01-22,"Manager Trainee","Speedway - Region",,,,,,Manchester,NH,""
2022-01-22,"Cryptologic Linguist (Army)","U.S. Army New England Recruiting Battalion",,,,,,Manchester,NH,""
2022-01-22,"Pediatric Dentist","New England Family Dentistry and Co.",nefamilydental.net,"Medical Practice","$186,000 - $221,000 a year",,"Southside area",Manchester,NH,"3103"
2022-01-22,"General Dentist","New England Family Dentistry and Co.",nefamilydental.net,"Medical Practice","$186,000 - $221,000 a year",,"Southside area",Manchester,NH,"3103"
2022-01-22,"Office Manager","Little Frogs and Polliwogs Learning Center",,,"$15 - $20 an hour",,"Goffs Falls area",Manchester,NH,"3103"
2022-01-22,"Temporary Assignment - Experienced Medical Scribe",ProScribe,proscribemd.com,"Hospital & Health Care","$17 - $25 an hour",,,Manchester,NH,""
2022-01-22,"Medical Receptionist","ConvenientMD Urgent Care",convenientmd.com,"Hospital & Health Care",,,,Manchester,NH,""
2022-01-22,"ICU RN $3,790/WEEKLY","Rock Medical Group",rockmedical-group.com,"Staffing & Recruiting","$3,790 a week",,"Hallsville area",Manchester,NH,"3103"
2022-01-22,"In Field Service Representative","DAS Companies, Inc.",dasinc.com,Warehousing,,,,Manchester,NH,""
2022-01-23,"Full Time Server","Moe Joe's Family Restaurant",,,,,"Southeast Manchester area",Manchester,NH,"3109"
2022-01-23,"Roadshow Sales Representative","INFINITY MASSAGE CHAIRS",infinitymassagechairs.com,"Health, Wellness & Fitness","$70,000 - $160,000 a year",,,Manchester,NH,""
2022-01-22,"Youth Support Specialist Float-All Youth Count Program","Easterseals NH",eastersealsnh.org,"Nonprofit Organization Management","$16.38 an hour",,,Manchester,NH,""
2022-01-22,"Counter Sales Representative",Ferguson,ferguson.com,Wholesale,"$16.57 an hour",,"Lower South Willow/Airport area",Manchester,NH,"3103"
2022-01-23,"BDC Representative - Call Center","Team Nissan",teamnissannh.com,Automotive,"$40,000 - $60,000 a year",,"Lower South Willow/Airport area",Manchester,NH,"3103"
2022-01-22,"Customer Service and Logistics Coordinator","Global Plastics, LLC",,,"$40,000 - $48,000 a year",,"Downtown area",Manchester,NH,"3101"
2022-01-22,"Youth Support Specialist Float-Full Time","Easterseals NH",eastersealsnh.org,"Nonprofit Organization Management","$16.38 an hour",,,Manchester,NH,""
2022-01-22,"Warehouse Assistant/Driver","Oliver Mechanical Inc",,,,,"Southeast Manchester area",Manchester,NH,"3109"
2022-01-23,"Housekeeping Supervisor","Fairfield by Marriott",,,"$13 - $15 an hour",,"Southside area",Manchester,NH,"3103"
2022-01-23,"Warehouse Associate - 8am Start",Ferguson,ferguson.com,Wholesale,"$16.56 an hour",,"Lower South Willow/Airport area",Manchester,NH,"3103"
2022-01-22,"Dedicated Regional Driver","Coastal Freight and Transportation",coastalfreightandtransportation.com,,"Up to $1,700 a week",,,Manchester,NH,"3103"
2022-01-23,"Automotive Inspector, Customer Service Representative","Dealer Specialties",dealerspecialties.com,Automotive,"Up to $20 an hour",,,Manchester,NH,""
2022-01-22,"Wireless Retail Store Manager","Express Stores, T-Mobile Premium Retailer",expstores.com,Wireless,"$40,000 - $80,000 a year",,,Manchester,NH,"3103"
2022-01-24,"Landscape and Snow Removal Driver","Global Industrial",globalindustrial.com,"Broadcast Media","$17 an hour",,,Manchester,NH,""
2022-01-23,"Customer Service / NH","Jackson Hewitt",jacksonhewitt.com,"Financial Services",,,,Manchester,NH,""
2022-01-22,Dishwasher,"DoubleTree by Hilton Manchester Downtown",,,,,"Downtown area",Manchester,NH,"3101"
2022-01-22,"Direct Support Professional (DSP) Mon-Friday 8:30-2:30 Paren...",LifeConnections,life-connections.org,"Mental Health Care","$15 an hour",,,Manchester,NH,""
2022-01-22,"Residential Direct Support Professional (DSP) - Group Home f...",LifeConnections,life-connections.org,"Mental Health Care","$16.50 an hour",,,Manchester,NH,""
2022-01-23,LPN,"The Courville at Manchester",thecourvilles.com,"Hospital & Health Care",,,"North of Bridge area",Manchester,NH,"3104"
2022-01-22,"Direct Support Professional (DSP) Mon-Friday 8:30-2:30",LifeConnections,life-connections.org,"Mental Health Care","$15 an hour",,,Manchester,NH,""
2022-01-22,"DSP MANCHESTER NH-FIRST SHIFT- NO WEEKENDS- $15/HR and up!","Aspire Living & Learning",allinc.org,"Individual & Family Services","$15 an hour",,,Manchester,NH,""
2022-01-22,"Shift Leader",Popeyes,znhfoodsinc.com,,,,"Southside area",Manchester,NH,"3103"
2022-01-23,"Crew Member/Server","Tropical Smoothie Cafe",tropicalsmoothiecafe.com,Restaurants,"From $13 an hour",,"Southside area",Manchester,NH,"3103"
2022-01-24,Laundry/Housekeeping,"The Courville at Manchester",thecourvilles.com,"Hospital & Health Care",,,"North of Bridge area",Manchester,NH,"3104"
2022-01-22,"1st Shift Entry-Level Production Packer -- earn $20 per hour...","Weston Foods",westonfoods.com,"Food Production","$20 an hour",,,Manchester,NH,"3109"
2022-01-23,LPN,"The Courville at Manchester",thecourvilles.com,"Hospital & Health Care",,,"North of Bridge area",Manchester,NH,"3104"
2022-01-23,LPN,"The Courville at Manchester",thecourvilles.com,"Hospital & Health Care",,,"North of Bridge area",Manchester,NH,"3104"
2022-01-21,"INTERVIEWER I-TMPPT2257","The State of New Hampshire",nh.gov,"Government Administration","$18.31 - $21.44 an hour",,"Corey Square area",Manchester,NH,"3104"
2022-01-24,Screener,"Towne Park",townepark.com,Hospitality,,,,Manchester,NH,""
2022-01-24,"Part-Time Receptionist - Villa Crest Nursing and Retirement...","Villa Crest Nursing and Retirement Center",,,,,"Youngsville area",Manchester,NH,"3104"
2022-01-21,"BUILDING SERVICE WORKER III (PT)","The State of New Hampshire",nh.gov,"Government Administration","$13.48 - $18.25 an hour",,,Manchester,NH,""
2022-01-21,"BUILDING SERVICE WORKER II","The State of New Hampshire",nh.gov,"Government Administration","$12.31 - $13.74 an hour",,,Manchester,NH,""
2022-01-22,"Mobile Associate",T-Mobile,interseguro.pe,Insurance,,,"Southside area",Manchester,NH,"3103"
2022-01-22,"Patient Safety Attendant - Float Pool, Part Time, Nights","Catholic Medical Center",catholicmedicalcenter.org,"Hospital & Health Care",,,,Manchester,NH,""
2022-01-23,"Personal Designer PT",Michaels,michaels.com.au,Photography,,,"Southside area",Manchester,NH,"3103"
2022-01-22,"Gas Station TM- Part Time","BJ's Wholesale Club, Inc.",bjs.com,Retail,,,"Southside area",Manchester,NH,"3101"
2022-01-22,"Custodian NNEES - Part Time","Northern New England Employment Services",,,"$12.07 an hour",,,Manchester,NH,"3103"
2022-01-22,"Parts Delivery Driver - Part Time","Advantage Truck Group",advantagetruckne.com,Transportation/Trucking/Railroad,,,,Manchester,NH,"3101"
2022-01-21,"YOUTH COUNSELOR TRAINEE-III (PT) MASS RECRUIT","The State of New Hampshire",nh.gov,"Government Administration","$13.02 - $25.25 an hour",,,Manchester,NH,""
2022-01-21,"BUILDING SERVICE WORKER II","The State of New Hampshire",nh.gov,"Government Administration","$12.31 - $13.74 an hour",,,Manchester,NH,""
2022-01-22,"Team Member - Mall of New Hampshire",Sbarro,,,,,"Lower South Willow/Airport area",Manchester,NH,"3103"
2022-01-23,"Citizens Teller - Part Time",Citizens,citizensbank.com,Banking,,,,Manchester,NH,""
2022-01-23,"Customer Service Associate",WALGREENS,walgreens.com,Retail,,,"Piscataquog area",Manchester,NH,"3102"
2022-01-24,"Retail Cosmetics Sales - Prestige Beauty, Mall of New Hampsh...",Macy’s,,,,,"Lower South Willow/Airport area",Manchester,NH,"3103"
2022-01-23,"Citizens Teller",Citizens,citizensbank.com,Banking,,,,Manchester,NH,""
2022-01-23,"Cashier PT",Michaels,michaels.com.au,Photography,,,"Southside area",Manchester,NH,"3103"
2022-01-22,"Property Inspector","DataRep Associates",datarepassociates.com,,"$15 - $40 an hour",,,Manchester,NH,""
2022-01-22,"Pediatric Dentist","New England Family Dentistry and Co.",nefamilydental.net,"Medical Practice","$186,000 - $221,000 a year",,"Southside area",Manchester,NH,"3103"
2022-01-22,"General Dentist","New England Family Dentistry and Co.",nefamilydental.net,"Medical Practice","$186,000 - $221,000 a year",,"Southside area",Manchester,NH,"3103"
2022-01-22,"Dietary Aide","Holy Cross Health Center",,,"$13.00 - $18.50 an hour",,"Green Acres area",Manchester,NH,"3109"
2022-01-22,"Accounting Assistant- Part Time","Brady Sullivan Properties",bradysullivan.com,"Real Estate",,,,Manchester,NH,"3101"
2022-01-22,Hairdresser,"The Courville at Manchester",thecourvilles.com,"Hospital & Health Care",,,"North of Bridge area",Manchester,NH,"3104"
2022-01-22,"Registered Nurse","ConvenientMD Urgent Care",convenientmd.com,"Hospital & Health Care",,,,Manchester,NH,""
2022-01-22,"RN / LPN - Baylor - Mt. Carmel Rehabilitation & Nursing Cent...","Mount Carmel Rehabilitation & Nursing Center",mtcarmelrehabcenter.org,"Hospital & Health Care",,,,Manchester,NH,""
2022-01-24,Laundry/Housekeeping,"The Courville at Manchester",thecourvilles.com,"Hospital & Health Care",,,"North of Bridge area",Manchester,NH,"3104"
2022-01-22,Cashier,"SP Plus Corporation",spplus.com,"Facilities Services",,,"Manchester Airport area",Manchester,NH,"3103"
2022-01-22,"Weekend Caregiver w/ Shift Differential","Visiting Angels - Auburn",homecareofnh.com,"Medical Practice",,,,Manchester,NH,""
2022-01-23,LPN,"The Courville at Manchester",thecourvilles.com,"Hospital & Health Care",,,"North of Bridge area",Manchester,NH,"3104"
2022-01-22,"LNA - Baylor - Mt. Carmel Rehabilitation & Nursing Center","Mount Carmel Rehabilitation & Nursing Center",mtcarmelrehabcenter.org,"Hospital & Health Care",,,,Manchester,NH,""
2022-01-22,"Medical Receptionist","ConvenientMD Urgent Care",convenientmd.com,"Hospital & Health Care",,,,Manchester,NH,""
2022-01-22,"Inside Sales & Retention Representative","NH Grocers Association",,,"From $15 an hour",,"Downtown area",Manchester,NH,"3101"
2022-01-22,"PT Assistant Manager",Maurices,maurices.com,Retail,"$11 - $13 an hour",,"Lower South Willow/Airport area",Manchester,NH,"3103"
2022-01-22,"Weekend Caregiver w/ Shift Differential","Visiting Angels - Auburn",homecareofnh.com,"Medical Practice",,,,Manchester,NH,""
2022-01-24,"Team Member Sub Shop","Firehouse Subs Manchester",,,,,,Manchester,NH,"3103"
2022-01-22,"Part-time Sortation Crew Member-Evenings","Freedom Xpress Inc.",freedomxpressusa.com,Transportation/Trucking/Railroad,"$16 - $18 an hour",,"Goffs Falls area",Manchester,NH,"3103"
2022-01-22,"Medical Assistant","ConvenientMD Urgent Care",convenientmd.com,"Hospital & Health Care",,,,Manchester,NH,""
2022-01-22,"Residential Direct Support Professional (DSP) - Group Home f...",LifeConnections,life-connections.org,"Mental Health Care","$16.50 an hour",,,Manchester,NH,""
2022-01-22,"DSP MANCHESTER NH-FIRST SHIFT- NO WEEKENDS- $15/HR and up!","Aspire Living & Learning",allinc.org,"Individual & Family Services","$15 an hour",,,Manchester,NH,""
2022-01-23,"Crew Member/Server","Tropical Smoothie Cafe",tropicalsmoothiecafe.com,Restaurants,"From $13 an hour",,"Southside area",Manchester,NH,"3103"
2022-01-22,"Clinical Care Technician (Advanced EMT)","ConvenientMD Urgent Care",convenientmd.com,"Hospital & Health Care",,,,Manchester,NH,""
2022-01-22,"Pediatric Dentist","New England Family Dentistry and Co.",nefamilydental.net,"Medical Practice","$186,000 - $221,000 a year",,"Southside area",Manchester,NH,"3103"
2022-01-22,"General Dentist","New England Family Dentistry and Co.",nefamilydental.net,"Medical Practice","$186,000 - $221,000 a year",,"Southside area",Manchester,NH,"3103"
2022-01-22,"ICU RN $3,790/WEEKLY","Rock Medical Group",rockmedical-group.com,"Staffing & Recruiting","$3,790 a week",,"Hallsville area",Manchester,NH,"3103"
2022-01-22,"Temporary Assignment - Experienced Medical Scribe",ProScribe,proscribemd.com,"Hospital & Health Care","$17 - $25 an hour",,,Manchester,NH,""
2022-01-24,Laundry/Housekeeping,"The Courville at Manchester",thecourvilles.com,"Hospital & Health Care",,,"North of Bridge area",Manchester,NH,"3104"
2022-01-22,"Long Term Substitute Teacher","Polaris Charter School",pcachicago.org,"Nonprofit Organization Management","$140 a day",,"Rimmon Heights area",Manchester,NH,"3102"
2022-01-22,"ICU RN $3,790/WEEKLY","Rock Medical Group",rockmedical-group.com,"Staffing & Recruiting","$3,790 a week",,"Hallsville area",Manchester,NH,"3103"
2022-01-23,"Customer Service / NH","Jackson Hewitt",jacksonhewitt.com,"Financial Services",,,,Manchester,NH,""
2022-01-21,"ADULT PROTECTIVE SERVICE WORKER I-III","The State of New Hampshire",nh.gov,"Government Administration","$41,808 - $69,771 a year",,,Nashua,NH,""
2022-01-21,"CHILD PROTECTIVE SERVICE WORKER I-IV SOUTHERN ASSESSMENT","The State of New Hampshire",nh.gov,"Government Administration","$38,649 - $69,771 a year",,,Nashua,NH,""
2022-01-23,"AGENT, AUTOTECH I","Best Buy",bestbuy.com,Retail,,,,Nashua,NH,""
2022-01-22,"PATIENT ACCESS REPRESENTATIVE","Covenant Health",covenanthealth.org,"Hospital & Health Care",,,,Nashua,NH,"3061"
2022-01-23,"Clinical Secretary (FT), Family Medicine","D-H Nashua-Southwood Drive",,,,,,Nashua,NH,""
2022-01-22,Housekeeping,"Southern New Hampshire Services, Inc.",,,"$11.10 an hour",,,Nashua,NH,"3060"
2022-01-22,"FT Maintenance Lead",Hannaford,hannaford.com,,,,,Nashua,NH,"3063"
2022-01-22,HOUSEPERSON,"Homewood Suites Nashua",,,,,,Nashua,NH,"3062"
2022-01-21,"CHILD PROTECTIVE SERVICE WORKER I-IV SOUTHERN FAM SRVCS","The State of New Hampshire",nh.gov,"Government Administration","$38,649 - $69,771 a year",,,Nashua,NH,""
2022-01-24,"Outside Sales Representative - Southern NH, Manchester NH, N...",Sysco,sysco.com,"Food & Beverages",,,,Nashua,NH,"3062"
2022-01-22,QA/Expeditor,Chilis,chilis.com,Restaurants,,,,Nashua,NH,"3060"
2022-01-22,"Board Certified Behavior Analyst (BCBA)",ABSKids,,,,,,Nashua,NH,""
2022-01-24,"Retail Cosmetics Sales Leader - Prestige Beauty, Pheasant La...",Macy’s,,,,,,Nashua,NH,"3060"
2022-01-22,Dishwasher,Chilis,chilis.com,Restaurants,,,,Nashua,NH,"3060"
2022-01-22,Bartender,Chilis,chilis.com,Restaurants,,,,Nashua,NH,"3060"
2022-01-22,"Personal Care Assistant - PCA (Full Time)","Genesis Healthcare - Langdon Place of Nashua",,,,,,Nashua,NH,"3062"
2022-01-22,"To Go",Chilis,chilis.com,Restaurants,,,,Nashua,NH,"3060"
2022-01-23,"Baby Gear Provider Needed","Babies Getaway US",babiesgetaway.com,,"$1,500 - $2,000 a month",,,Nashua,NH,""
2022-01-23,"Behavior Technician Clinic-Based Only","Patterns Behavioral Services",patternsbehavior.com,"Individual & Family Services","$19 - $23 an hour",,,Nashua,NH,"3064"
2022-01-22,"Admissions Coordinator","Premier Rehab & Healthcare",premierrehaboflasvegas.com,"Hospital & Health Care",,,,Nashua,NH,"3062"
2022-01-22,"Infection Preventionist/Staff Development Coordinator","The Courville at Nashua",,,,,,Nashua,NH,"3060"
2022-01-24,"Real Estate Agent","HFM Realty",hfmrealty.com,"Real Estate","$70,000 - $110,000 a year",,,Nashua,NH,""
2022-01-24,"LPN/RN - FT 10p-6a or 6p-6a - Overnight Shift Opportunity","Benchmark Senior Living at Nashua Crossings",,,"$28 - $35 an hour",,,Nashua,NH,"3062"
2022-01-23,"Roadshow Sales Representative","INFINITY MASSAGE CHAIRS",infinitymassagechairs.com,"Health, Wellness & Fitness","$70,000 - $160,000 a year",,,Nashua,NH,""
2022-01-22,"Assistant Golf Professional","Sky Meadow Country Club",skymeadow.com,Sports,"$32,000 - $40,000 a year",,,Nashua,NH,"3062"
2022-01-22,Host,"LILAC BLOSSOM",lilacblossomrestaurant.com,"Food & Beverages","$15 - $17 an hour",,,Nashua,NH,"3062"
2022-01-24,"Full-Time Housekeeper","The Courville at Nashua",,,,,,Nashua,NH,"3060"
2022-01-23,"Motorcycle/Powersports sales Associate","Best Cycle Center",bestcyclenh.com,"Individual & Family Services","$40,000 - $65,000 a year",,,Nashua,NH,"3063"
2022-01-22,"Youth Support Specialist Float-Full Time","Easterseals NH",eastersealsnh.org,"Nonprofit Organization Management","$16.38 an hour",,,Nashua,NH,"3063"
2022-01-22,"Branch Specialist 1-FT-Spanish Required","Triangle Credit Union",trianglecu.org,Banking,,,,Nashua,NH,"3064"
2022-01-22,"Youth Support Specialist Float-All Youth Count Program","Easterseals NH",eastersealsnh.org,"Nonprofit Organization Management","$16.38 an hour",,,Nashua,NH,"3063"
2022-01-22,"Counter Sales Representative",Ferguson,ferguson.com,Wholesale,"$18 an hour",,,Nashua,NH,"3062"
2022-01-22,"Automotive Service Appointment Coordinator","Tulley Automotive Group",tulleymazda.com,Retail,"$15 an hour",,,Nashua,NH,"3060"
2022-01-22,"Inside Sales Representative","F.W. Webb Company",fwwebb.com,Wholesale,,,,Nashua,NH,"3062"
2022-01-22,"Dietary Aide- Experienced","Premier Rehab & Healthcare",premierrehaboflasvegas.com,"Hospital & Health Care",,,,Nashua,NH,"3062"
2022-01-22,"Youth Support Specialist-Full Time","Easterseals NH",eastersealsnh.org,"Nonprofit Organization Management","$15 an hour",,,Nashua,NH,"3063"
2022-01-22,"Inpatient Psychiatric-Mental Health Nurse Practitioner","Foundation Medical Partners",foundmed.com,"Industry:  Venture Capital & Private Equity , Finance",,,,Nashua,NH,"3060"
2022-01-22,"Development Engineering Technician","Resonetics, LLC",resonetics.com,"Medical Devices",,,,Nashua,NH,"3060"
2022-01-21,"Retail Sales Associate, Flooring - Nashua, New Hampshire (NH...","LL Flooring",llflooringcompany.com,Retail,"$17.50 an hour",,,Nashua,NH,"3060"
2022-01-21,"Assistant Manager - Famous Footwear","Famous Footwear",famousfootwear.com,Retail,,,,Nashua,NH,"3060"
2022-01-23,"Automotive Inspector, Customer Service Representative","Dealer Specialties",dealerspecialties.com,Automotive,"Up to $20 an hour",,,Nashua,NH,""
2022-01-22,"Medical Secretary/Unit Coordinator","Greenbriar Rehab & Healthcare",greenbriarhc.com,,,,,Nashua,NH,"3062"
2022-01-22,"Meat Clerk- FT","BJ's Wholesale Club, Inc.",bjs.com,Retail,,,,Nashua,NH,""
2022-01-22,"Meat Clerk- FT","BJ's Wholesale Club, Inc.",bjs.com,Retail,,,,Nashua,NH,""
2022-01-21,"REHAB TECHNICIAN (PT) - TMPPT5923","The State of New Hampshire",nh.gov,"Government Administration","$15.68 - $18.25 an hour",,,Nashua,NH,""
2022-01-23,"Geek Squad Advanced Repair Agent","Geek Squad",geeksquad.com,"Information Technology & Services",,,,Nashua,NH,""
2022-01-22,"Maintenance Technician","Homewood Suites Nashua",,,,,,Nashua,NH,"3062"
2022-01-22,HOUSEPERSON,"Homewood Suites Nashua",,,,,,Nashua,NH,"3062"
2022-01-22,"Retail Key Holder PT",L'Oreal,loreal.sg,,,,,Nashua,NH,""
2022-01-23,"AGENT, AUTOTECH I","Best Buy",bestbuy.com,Retail,,,,Nashua,NH,""
2022-01-22,QA/Expeditor,Chilis,chilis.com,Restaurants,,,,Nashua,NH,"3060"
2022-01-23,"Customer Service Lead","Burlington Stores",burlingtonstores.jobs,,,,,Nashua,NH,"3063"
2022-01-24,"Retail Cosmetics Sales - Prestige Beauty, Pheasant Lane - Pa...",Macy’s,,,,,,Nashua,NH,"3060"
2022-01-22,Dishwasher,Chilis,chilis.com,Restaurants,,,,Nashua,NH,"3060"
2022-01-22,Bartender,Chilis,chilis.com,Restaurants,,,,Nashua,NH,"3060"
2022-01-22,"To Go",Chilis,chilis.com,Restaurants,,,,Nashua,NH,"3060"
2022-01-23,"Baby Gear Provider Needed","Babies Getaway US",babiesgetaway.com,,"$1,500 - $2,000 a month",,,Nashua,NH,""
2022-01-24,"LPN/RN - FT 10p-6a or 6p-6a - Overnight Shift Opportunity","Benchmark Senior Living at Nashua Crossings",,,"$28 - $35 an hour",,,Nashua,NH,"3062"
2022-01-23,"Behavior Technician Clinic-Based Only","Patterns Behavioral Services",patternsbehavior.com,"Individual & Family Services","$19 - $23 an hour",,,Nashua,NH,"3064"
2022-01-22,"Customer Service","Carters, Inc",carters.com,"Apparel & Fashion",,,,Nashua,NH,"3060"
2022-01-22,"Assistant Golf Professional","Sky Meadow Country Club",skymeadow.com,Sports,"$32,000 - $40,000 a year",,,Nashua,NH,"3062"
2022-01-22,Host,"LILAC BLOSSOM",lilacblossomrestaurant.com,"Food & Beverages","$15 - $17 an hour",,,Nashua,NH,"3062"
2022-01-22,"Server and Bartender","Pizzico ristorante & martini bar",,,"$15 - $35 an hour",,,Nashua,NH,"3060"
2022-01-22,"Medical Receptionist","ConvenientMD Urgent Care",convenientmd.com,"Hospital & Health Care",,,,Nashua,NH,""
2022-01-24,"Math Tutor / Instructor / Teacher - Nashua","Mathnasium of Nashua",,,"From $13 an hour",,,Nashua,NH,"3060"
2022-01-22,"Van/Bus Driver","Boys & Girls Club of Greater Nashua",bgcn.com,,"$15 - $20 an hour",,,Nashua,NH,"3060"
2022-01-22,"Clinical Care Technician (Advanced EMT)","ConvenientMD Urgent Care",convenientmd.com,"Hospital & Health Care",,,,Nashua,NH,""
2022-01-22,"Meat Clerk- PT","BJ's Wholesale Club, Inc.",bjs.com,Retail,,,,Nashua,NH,""
2022-01-24,"DIETARY AIDE- Evening Shift (4pm- 8:30pm)","Greenbriar Rehab & Healthcare",greenbriarhc.com,,,,,Nashua,NH,"3062"
2022-01-22,"Medical Assistant","ConvenientMD Urgent Care",convenientmd.com,"Hospital & Health Care",,,,Nashua,NH,""
2022-01-22,"Medical Secretary/Unit Coordinator","Greenbriar Rehab & Healthcare",greenbriarhc.com,,,,,Nashua,NH,"3062"
2022-01-22,"Professional Driver","AmRide LLC",amride.com,"Leisure, Travel & Tourism","$20 - $25 an hour",,,Nashua,NH,""
2022-01-23,"Baby Gear Provider Needed","Babies Getaway US",babiesgetaway.com,,"$1,500 - $2,000 a month",,,Nashua,NH,""
2022-01-22,"Professional Driver","AmRide LLC",amride.com,"Leisure, Travel & Tourism","$20 - $25 an hour",,,Nashua,NH,""
2022-01-28,"Legal Assistant (Hearings Customer Service Representative)","US Social Security Administration",ssa.gov,"Government Administration","$40,436 - $72,109 a year",,,Manchester,NH,""
2022-01-28,"Social Worker (Caregiver Support)","US Veterans Health Administration",va.gov,"Government Administration","$61,268 - $96,363 a year",,"Straw/Smyth area",Manchester,NH,"3104"
2022-01-28,"Food Service Worker Leader","US Veterans Health Administration",va.gov,"Government Administration","$18.30 - $21.35 an hour",,"Straw/Smyth area",Manchester,NH,"3104"
2022-01-28,"Career Counselor","Southern New Hampshire Services, Inc.",,,"$19.11 an hour",,,Manchester,NH,""
2022-01-26,"Kronos and Operating Room Scheduling Coordinator - Surgical...","Catholic Medical Center",catholicmedicalcenter.org,"Hospital & Health Care",,,,Manchester,NH,""
2022-01-28,"Patient Access Representative II","Conifer Health Solutions",coniferhealth.com,"Hospital & Health Care",,,,Manchester,NH,""
2022-01-28,"Transitions Of Care Coordinator - Health Care for the Homele...","Catholic Medical Center",catholicmedicalcenter.org,"Hospital & Health Care",,,,Manchester,NH,""
2022-01-27,"NURSE CASE MANAGER - MEDICATION SERVICES","THE MENTAL HEALTH CENTER OF GREATER MANCHESTER INC",mhcgm.org,"Mental Health Care",,,,Manchester,NH,"3101"
2022-01-28,"Patient Access Representative II","Conifer Health Solutions",coniferhealth.com,"Hospital & Health Care",,,,Manchester,NH,""
2022-01-28,"Patient Access Representative II","Conifer Health Solutions",coniferhealth.com,"Hospital & Health Care",,,,Manchester,NH,""
2022-01-28,"Development Coordinator","American Heart Association",heart.org,"Health, Wellness & Fitness",,,"Downtown area",Manchester,NH,"3101"
2022-01-26,"Prosecutor (Attorney I) - City Solicitor","City of Manchester, NH",manchesternh.gov,"Government Administration","$67,347 - $96,021 a year",,,Manchester,NH,""
2022-01-27,"Independent Loan Originator","Loan Factory",loanfactory.com,"Financial Services",,,,Manchester,NH,""
2022-01-27,"Development Coordinator","American Heart Association",heart.org,"Health, Wellness & Fitness",,,,Manchester,NH,"3103"
2022-01-26,"Parts Delivery Driver","Advantage Truck Group",advantagetruckne.com,Transportation/Trucking/Railroad,,,,Manchester,NH,"3103"
2022-01-28,"Inside Sales Representative",Ferguson,ferguson.com,Wholesale,,,,Manchester,NH,""
2022-01-27,"Geek Squad Home Theater Agent - Manchester, NH","Geek Squad",geeksquad.com,"Information Technology & Services",,,"Lower South Willow/Airport area",Manchester,NH,"3103"
2022-01-26,"Parts Warehouse Clerk","Advantage Truck Group",advantagetruckne.com,Transportation/Trucking/Railroad,,,,Manchester,NH,"3103"
2022-01-27,"Department Coordinator - Intensive Care Unit, Full Time 36 H...","Catholic Medical Center",catholicmedicalcenter.org,"Hospital & Health Care",,,,Manchester,NH,""
2022-01-28,"Maintenance Assistant - Maple Leaf HealthCare Center","Maple Leaf HealthCare Center",,,,,"Straw/Smyth area",Manchester,NH,"3104"
2022-01-28,"Registered Nurse, Lead Care Coordinator, FT 40 Day Shift","Catholic Medical Center",catholicmedicalcenter.org,"Hospital & Health Care",,,,Manchester,NH,""
2022-01-27,"FT Bakery Lead",Hannaford,hannaford.com,,,,"Pinardville area",Manchester,NH,"3102"
2022-01-28,"Pharmacy Technician","Rite Aid",riteaid.com,Retail,,,"Straw/Smyth area",Manchester,NH,"3104"
2022-01-28,"Clinical RN-ICU, FT 36hrs, Night Shift","Catholic Medical Center",catholicmedicalcenter.org,"Hospital & Health Care",,,,Manchester,NH,""
2022-01-28,"Clinical RN-Emergency Dept, FT 36hrs, Night Shift","Catholic Medical Center",catholicmedicalcenter.org,"Hospital & Health Care",,,,Manchester,NH,""
2022-01-28,"Clinical RN-E200, Murphy Unit, FT 36hrs, Day Shift","Catholic Medical Center",catholicmedicalcenter.org,"Hospital & Health Care",,,,Manchester,NH,""
2022-01-26,"Assistant Manager","Hamra - Wendy's",hamracareers.com,,,,"Southeast Manchester area",Manchester,NH,"3109"
2022-01-28,"SFG Material Handler - 2nd Shift","Velcro USA Inc.",velcro.com,Textiles,,,"Bakersville area",Manchester,NH,"3103"
2022-01-27,"Automotive Detailer - Car Washer - MHT Airport","Enterprise Holdings",enterpriseholdings.com,"Leisure, Travel & Tourism","$15 an hour",,"Manchester Airport area",Manchester,NH,"3103"
2022-01-28,"Clinical RN- C600W, Progressive Care, FT 30hrs, Night Shift","Catholic Medical Center",catholicmedicalcenter.org,"Hospital & Health Care",,,,Manchester,NH,""
2022-01-28,"Clinical RN-C600W, Progressive Care Unit, FT 30hrs, Day Shif...","Catholic Medical Center",catholicmedicalcenter.org,"Hospital & Health Care",,,,Manchester,NH,""
2022-01-27,"FT Customer Service Leader",Hannaford,hannaford.com,,,,"Pinardville area",Manchester,NH,"3102"
2022-01-26,"CL A Drivers Pick Own Loads Off Load Board-Full Benefits-Run...","Anfield Trucking LLC",,,"$1,200 - $1,800 a week",,,Manchester,NH,"3102"
2022-01-27,"FT Customer Service Leader",Hannaford,hannaford.com,,,,"Eaton Heights area",Manchester,NH,"3104"
2022-01-26,"Crew Member","Hamra - Wendy's",hamracareers.com,,,,"Southeast Manchester area",Manchester,NH,"3109"
2022-01-28,"Clinical RN-OR, FT 40, Day Shift with Call","Catholic Medical Center",catholicmedicalcenter.org,"Hospital & Health Care",,,,Manchester,NH,""
2022-01-27,"FT Deli Service Associate",Hannaford,hannaford.com,,,,"Pinardville area",Manchester,NH,"3102"
2022-01-27,"Assistant Store Manager","Rite Aid",riteaid.com,Retail,,,"Notre Dame area",Manchester,NH,"3102"
2022-01-28,"Retail Associate","Goodwill Industries of Northern New Engl",goodwillnne.org,"Individual & Family Services","$11.60 - $12.60 an hour",,,Manchester,NH,"3104"
2022-01-27,Housekeeping,"Southern New Hampshire Services, Inc.",,,"$11.10 an hour",,,Manchester,NH,""
2022-01-26,"Class A Regional 100% No Touch-Graduates/Trainees Welcome","Anfield Trucking LLC",,,,,,Manchester,NH,"3102"
2022-01-26,"LNA - Float Pool, Full Time 32 Hours, Days","Catholic Medical Center",catholicmedicalcenter.org,"Hospital & Health Care",,,,Manchester,NH,""
2022-01-26,"Housekeeping Assistant - Maple Leaf HealthCare Center","Maple Leaf HealthCare Center",,,,,"Straw/Smyth area",Manchester,NH,"3104"
2022-01-26,"Clinical Psychologist","LifeStance Health",lifestance.com,"Hospital & Health Care",,,,Manchester,NH,""
2022-01-28,"Human Resources Assistant","Cafe Services, Inc.",,,,,"Southeast Manchester area",Manchester,NH,"3109"
2022-01-28,"Mortgage Loan Officer","Obsidian Financial Services",obsidianfinancialservices.com,"Financial Services","$76,000 - $375,000 a year",Remote,,Manchester,NH,""
2022-01-27,"Talent Acquisition Specialist",Allpro,allprocorp.com,Construction,,,,Manchester,NH,""
2022-01-26,"Pricing Analyst","Hubbell, Inc.",,,,Remote,"Southeast Manchester area",Manchester,NH,"3109"
2022-01-28,"Director, Corporate Engagement (Manchester, NH)","Granite United Way",graniteuw.org,"Nonprofit Organization Management","$50,000 - $60,000 a year",,"Downtown area",Manchester,NH,"3101"
2022-01-26,"Honda Sales Associate / Entry Level","AutoFair Automotive Group",autofair.com,Automotive,"From $100,000 a year",,,Manchester,NH,""
2022-01-27,"Mortgage Loan Officer","Obsidian Financial Services",obsidianfinancialservices.com,"Financial Services","$85,000 - $425,000 a year",,,Manchester,NH,""
2022-01-27,"ATM/ITM Configuration Technician","New England Money Handling",,,"$30 - $32 an hour",,,Manchester,NH,""
2022-01-28,"Remote Customer Service Representative","HRC Total Solutions, LLC",hrcts.com,"Health, Wellness & Fitness","$15 an hour",Remote,"North of Bridge area",Manchester,NH,"3101"
2022-01-27,"Craft Beer Enthusiasts - Canning Technician","Iron Heart Canning Co",ironheartcanning.com,"Food & Beverages",,,,Manchester,NH,""
2022-01-28,"Manager In Training","Nouria Energy",nouriaenergy.com,Retail,,,"Hallsville area",Manchester,NH,"3103"
2022-01-28,"Manager In Training","Nouria Energy",nouriaenergy.com,Retail,,,"Hallsville area",Manchester,NH,"3103"
2022-01-27,"Case Manager - Family Shelter","Families in Transition",fitnh.org,"Individual & Family Services","$41,000 - $45,000 a year",,,Manchester,NH,""
2022-01-28,"Remote Enrollment Specialist","HRC Total Solutions, LLC",hrcts.com,"Health, Wellness & Fitness","$15 an hour",Remote,"North of Bridge area",Manchester,NH,"3101"
2022-01-26,"Clinician - Rapid Response","The Mental Health Center of Greater Manchester",,,"$43,243 - $71,739 a year",,,Manchester,NH,""
2022-01-28,"Service Appointment Coordinator","AutoFair Automotive Group",autofair.com,Automotive,,,,Manchester,NH,""
2022-01-28,"Sales Representative","Milford Superior Roofing and Siding",,,"$15 - $25 an hour",,,Manchester,NH,""
2022-01-27,"Front Desk Representative - Outpatient SUT",Farnum,farnumcenter.org,"Hospital & Health Care",,,"Bakersville area",Manchester,NH,"3103"
2022-01-27,"Used Car Inventory Coordinator","CITY CARS LLC",carcityct.com,,"$10,000 - $40,000 a year",,,Manchester,NH,"3103"
2022-01-26,"Credentialing Coordinator","Applied ABC",appliedabc.com,"Mental Health Care","$34,000 - $36,000 a year",,,Manchester,NH,"3104"
2022-01-26,"Hyundai Automotive Service Advisor","AutoFair Automotive Group",autofair.com,Automotive,,,,Manchester,NH,""
2022-01-26,"Employee Shuttle Driver","AutoFair Automotive Group",autofair.com,Automotive,"From $12 an hour",,,Manchester,NH,""
2022-01-28,"Driver/Inventory Control Specialist","Legend Services Inc",legendservices.com,,"$17 an hour",,,Manchester,NH,""
2022-01-26,"Customer Account Executive","Adored Wi-Fi",,,"From $40,000 a year",,"Downtown area",Manchester,NH,"3101"
2022-01-26,"People Team Business Partner, Americas - Acuant/GBG",GBG,golestan.com,"Import & Export",,Remote,,Manchester,NH,""
2022-01-27,"Program Specialist","Easterseals NH",eastersealsnh.org,"Nonprofit Organization Management","$17 an hour",,,Manchester,NH,""
2022-01-27,"Bilingual Administrative Assistant","Clear Choice Home Improvements",clearchoicehomeimprovement.com,Construction,"$16 - $18 an hour",,"Lower South Willow/Airport area",Manchester,NH,"3103"
2022-01-28,"Associate Crestron Programmer - Concord, MA (AVE)",Diversified,diversifiedus.com,"Information Technology & Services",,,,Manchester,NH,""
2022-01-27,"Residential Direct Support Associate-1st and 2nd shift","Easterseals NH",eastersealsnh.org,"Nonprofit Organization Management","$17.50 an hour",,,Manchester,NH,""
2022-01-27,"Housekeeper & Floor Care Technician-1st Shift","Easterseals NH",eastersealsnh.org,"Nonprofit Organization Management","$13.02 an hour",,,Manchester,NH,""
2022-01-27,"Housekeeper & Floor Care Technician-2nd Shift","Easterseals NH",eastersealsnh.org,"Nonprofit Organization Management","$13.02 an hour",,,Manchester,NH,""
2022-01-27,"Day Program Direct Support Associate-Manchester","Easterseals NH",eastersealsnh.org,"Nonprofit Organization Management","$15 an hour",,,Manchester,NH,""
2022-01-27,"Direct Support Associate- Day Program, ASL Knowledge Preferr...","Easterseals NH",eastersealsnh.org,"Nonprofit Organization Management",,,,Manchester,NH,""
2022-01-27,"Direct Support Associate- Day Program","Easterseals NH",eastersealsnh.org,"Nonprofit Organization Management","$15 an hour",,,Manchester,NH,""
2022-01-27,"Full Time Key Holder","Hollister Co.",hollisterco.com,"Retail, Apparel & Accessories, Sporting & Recreational Equipment",,,"Lower South Willow/Airport area",Manchester,NH,"3103"
2022-01-28,LPN,"The Courville at Manchester",thecourvilles.com,"Hospital & Health Care",,,"North of Bridge area",Manchester,NH,"3104"
2022-01-28,LPN,"The Courville at Manchester",thecourvilles.com,"Hospital & Health Care",,,"North of Bridge area",Manchester,NH,"3104"
2022-01-28,LPN,"The Courville at Manchester",thecourvilles.com,"Hospital & Health Care",,,"North of Bridge area",Manchester,NH,"3104"
2022-01-27,"Direct Support Associate- Day Program (Full Time, Manchester...","Easterseals NH",eastersealsnh.org,"Nonprofit Organization Management","$15 an hour",,,Manchester,NH,""
2022-01-28,"Autobody Appraiser/Adjuster","Quirk Parts Depot",,,"$40,000 - $50,000 a year",,"Southside area",Manchester,NH,"3103"
2022-01-28,"Baker, Full-time (Saint Anselm College)","AVI Foodsystems, Inc",avifoodsystems.com,"Food & Beverages",,,,Manchester,NH,""
2022-01-28,"Sales Associate - Sleep Expert","Mattress Firm",mattressfirmnewmexico.com,Retail,"$71,000 - $120,000 a year",,,Manchester,NH,""
2022-01-28,"Lube Technician","Quirk Parts Depot",,,"$16 - $18 an hour",,"Southside area",Manchester,NH,"3103"
2022-01-28,"Board Certified Behavior Analyst",kin:pathic,,,"$55,000 - $65,000 a year",,,Manchester,NH,""
2022-01-27,"Residential Direct Support Associate-Weekend Doubles","Easterseals NH",eastersealsnh.org,"Nonprofit Organization Management","$17.50 an hour",,,Manchester,NH,""
2022-01-27,"Day Program Direct Support Associate-Full Time/Manchester","Easterseals NH",eastersealsnh.org,"Nonprofit Organization Management","$15 an hour",,,Manchester,NH,""
2022-01-27,"Day Program Direct Support Associate-Manchester","Easterseals NH",eastersealsnh.org,"Nonprofit Organization Management","$15 an hour",,,Manchester,NH,""
2022-01-27,"Residential Direct Support Associate-Full Time Friday-Monday","Easterseals NH",eastersealsnh.org,"Nonprofit Organization Management","$17.50 an hour",,,Manchester,NH,""
2022-01-28,"Medical Receptionist","ConvenientMD Urgent Care",convenientmd.com,"Hospital & Health Care",,,,Manchester,NH,""
2022-01-27,"Residential Direct Support Associate- Wednesday-Sunday (8am-...","Easterseals NH",eastersealsnh.org,"Nonprofit Organization Management","$17.50 an hour",,,Manchester,NH,""
2022-01-28,Cooker,"Delicious Balance",,,"$15 - $18 an hour",,"Lower South Willow/Airport area",Manchester,NH,"3103"
2022-01-27,"Lead Home Theater Technician - Manchester, NH","Best Buy / Geek Squad",,,"$18 - $23 an hour",,"Southside area",Manchester,NH,"3103"
2022-01-27,"Pre-K Teacher","The World of Discovery",theworldofdiscovery.org,"Individual & Family Services","$13 - $18 an hour",,"Southside area",Manchester,NH,"3103"
2022-01-27,"Outlet Sales Associate","Bob's Discount Furniture",mybobs.com,Furniture,"$40,000 - $65,000 a year",,,Manchester,NH,""
2022-01-28,"New Patient Scheduling Coordinator","Catholic Medical Center",catholicmedicalcenter.org,"Hospital & Health Care",,,"Wolfe Park area",Manchester,NH,"3102"
2022-01-28,"Lot Attendant / Shop Assistant","AutoFair Automotive Group",autofair.com,Automotive,,,,Manchester,NH,""
2022-01-27,"Commercial Collector","LAMONT HANLEY & ASSOCIATES",lhainc.com,"Financial Services","From $15 an hour",,"Downtown area",Manchester,NH,"3101"
2022-01-28,"Housekeeper - Full Time","Easterseals NH",eastersealsnh.org,"Nonprofit Organization Management","$15 an hour",,,Manchester,NH,"3103"
2022-01-27,"Assistant Leasing Agent","Briarcliff Management",,,"From $18 an hour",,,Manchester,NH,""
2022-01-27,"Residential Direct Support Associate-Part Time","Easterseals NH",eastersealsnh.org,"Nonprofit Organization Management","$17.50 an hour",,,Manchester,NH,""
2022-01-25,"Residential Direct Support Professional (DSP) - Group Home f...",LifeConnections,life-connections.org,"Mental Health Care","$16.50 an hour",,,Manchester,NH,""
2022-01-27,"Facilities / Maintenance Staff - Full Time","The Granite YMCA - Downtown Manchester",graniteymca.org,"Health, Wellness & Fitness","$15 - $16 an hour",,"Downtown area",Manchester,NH,"3101"
2022-01-26,"Construction Laborer","Halsen Solutions, LLC",halsensolutions.com,"Staffing & Recruiting","$15 - $16 an hour",,,Manchester,NH,""
2022-01-27,"In-Home Caregiver OVERNIGHTS - Full Time & Part Time **Flexi...","Right at Home Southern NH",,,"$13 - $17 an hour",,,Manchester,NH,""
2022-01-26,"Automotive Customer Service Advisor","Pep Boys",pepboys.com,Automotive,,,"Southside area",Manchester,NH,"3103"
2022-01-26,"Part-Time Armed Security Driver",GardaWorld,gardaglobal.com,,"$16.50 - $19.50 an hour",,,Manchester,NH,"3103"
2022-01-26,"Residential Solar Installer","Empower Energy Solutions",empowerenergy.co,"Renewables & Environment","$20 - $25 an hour",,,Manchester,NH,""
2022-01-25,"Direct Support Professional (DSP) Mon-Friday 8:30-2:30",LifeConnections,life-connections.org,"Mental Health Care","$16 an hour",,,Manchester,NH,""
2022-01-25,"Direct Support Professional (DSP) Mon-Frid 8:30-2:30",LifeConnections,life-connections.org,"Mental Health Care","$16 an hour",,,Manchester,NH,""
2022-01-27,Laundry/Housekeeping,"The Courville at Manchester",thecourvilles.com,"Hospital & Health Care",,,"North of Bridge area",Manchester,NH,"3104"
2022-01-26,"General Dentist","New England Family Dentistry",,,"Up to $250,000 a year",,"Southside area",Manchester,NH,"3103"
2022-01-26,"Warehouse Associate","Eastern Industrial Automation",easternia.com,Wholesale,,,"Southeast Manchester area",Manchester,NH,"3109"
2022-01-26,"Landscaping Crew Leader","Grass Gobblers Lawn Care & Landscaping",grassgobblerslawncare.com,"Facilities Services","$17 - $20 an hour",,,Manchester,NH,""
2022-01-26,"Security Officer Airline","Allied Universal",aus.com,"Security & Investigations",,,,Manchester,NH,"3101"
2022-01-27,"Apprentice / Clerical","Signet Jewelers",signetjewelers.com,Retail,"$31,000 - $33,000 a year",,,Manchester,NH,""
2022-01-27,"Front Desk Associate/Night Auditor","Fairfield by Marriott",,,"$13 - $16 an hour",,"Southside area",Manchester,NH,"3103"
2022-01-26,"Vault Attendant",GardaWorld,gardaglobal.com,,"$16.50 - $19.50 an hour",,,Manchester,NH,"3103"
2022-01-26,"Floating Chef Manager - North Shore Area","Cafe Services Inc",cafeservices.com,Hospitality,,,"Southeast Manchester area",Manchester,NH,"3109"
2022-01-27,"Traveling LPN (Compact license)","Towne Nursing / Towne Healthcare",,,"$46 an hour",,,Manchester,NH,""
2022-01-26,"Homecare Scheduler",Allpro,allprocorp.com,Construction,,,,Manchester,NH,""
2022-01-27,"Restaurant host/hostess",Applebee's,,,"Up to $2,200 a month",,"Wolfe Park area",Manchester,NH,"3102"
2022-01-26,"Leasing Professional","Red Oak Apartment Homes, Inc.",,,"$16 - $19 an hour",,"Kalivas Union area",Manchester,NH,"3103"
2022-01-26,"Welcome Center Representative - Full time","The Granite YMCA - Downtown Manchester",graniteymca.org,"Health, Wellness & Fitness","$13 - $14 an hour",,"Downtown area",Manchester,NH,"3101"
2022-01-26,"School Dining Cafeteria Worker - FT","Fresh Picks Cafe",,,,,,Manchester,NH,"3109"
2022-01-27,"Front Desk Representative - Outpatient SUT","Easterseals NH",eastersealsnh.org,"Nonprofit Organization Management",,,,Manchester,NH,"3103"
2022-01-26,"Surgical Services Payroll and Scheduling Coordinator","Catholic Medical Center",catholicmedicalcenter.org,"Hospital & Health Care",,,"Notre Dame area",Manchester,NH,"3102"
2022-01-26,Server,Margaritas,margaritasmexicanrestaurant1.com,Restaurants,,,"Downtown area",Manchester,NH,"3101"
2022-01-26,"Armed Security Driver",GardaWorld,gardaglobal.com,,"$16.50 - $19.50 an hour",,,Manchester,NH,"3103"
2022-01-27,"Restaurant Server",Applebee's,,,"Up to $5,000 a month",,"Wolfe Park area",Manchester,NH,"3102"
2022-01-26,"Intake Coordinator - Housing","Families in Transition",fitnh.org,"Individual & Family Services","$17 an hour",,,Manchester,NH,"3101"
2022-01-27,"Front Desk Agent","Even Hotel Manchester",,,"$13 - $15 an hour",,"Southside area",Manchester,NH,"3103"
2022-01-27,"Restaurant To Go specialist",Applebee's,,,"Up to $3,000 a month",,"Wolfe Park area",Manchester,NH,"3102"
2022-01-27,"Certified Ski or Snowboard Instructor Level 2- Housing Avail...","Attitash Mountain Resort",attitash.com,"Leisure, Travel & Tourism",,,,Manchester,NH,""
2022-01-27,"Certified Ski or Snowboard Instructor Level 1- Housing Avail...","Attitash Mountain Resort",attitash.com,"Leisure, Travel & Tourism",,,,Manchester,NH,""
2022-01-26,"EMT Basic","Global Medical Response",globalmedicalresponse.com,"Hospital & Health Care",,,"Bakersville area",Manchester,NH,"3103"
2022-01-28,"Part Time Production Assistant","Hearst Media Services",hearstmediact.com,"Marketing & Advertising",,,"Gaslight/Warehouse District area",Manchester,NH,"3101"
2022-01-26,"IPC Specialist (part-time)","Nixon Peabody LLP",nixonpeabody.com,"Law Practice",,,"Downtown area",Manchester,NH,"3101"
2022-01-27,"Independent Loan Originator","Loan Factory",loanfactory.com,"Financial Services",,,,Manchester,NH,""
2022-01-28,"Event Worker Communications Assistant","Southern New Hampshire University",snhu.edu,"Higher Education",,,,Manchester,NH,"3106"
2022-01-28,"Development Coordinator","American Heart Association",heart.org,"Health, Wellness & Fitness",,,"Downtown area",Manchester,NH,"3101"
2022-01-27,"Development Coordinator","American Heart Association",heart.org,"Health, Wellness & Fitness",,,,Manchester,NH,"3103"
2022-01-27,"Consultant Dietitian - Part Time","St. Teresa Rehabilitation & Nursing Center",stteresarehabcenter.org,,,,,Manchester,NH,""
2022-01-27,"PT Customer Service Leader",Hannaford,hannaford.com,,,,"Pinardville area",Manchester,NH,"3102"
2022-01-27,"PT Deli Sales Associate",Hannaford,hannaford.com,,,,"Pinardville area",Manchester,NH,"3102"
2022-01-26,Dishwasher,"Texas Roadhouse",nextbposolutions.com,Outsourcing/Offshoring,,,,Manchester,NH,"3102"
2022-01-27,"PT Sales Associate - Cashier",Hannaford,hannaford.com,,,,"Southside area",Manchester,NH,"3101"
2022-01-27,"PT Deli Service Associate",Hannaford,hannaford.com,,,,"Southside area",Manchester,NH,"3101"
2022-01-28,"Meat Cutter","Texas Roadhouse",nextbposolutions.com,Outsourcing/Offshoring,,,"Lower South Willow/Airport area",Manchester,NH,"3103"
2022-01-28,"Clinical RN-C600W, PT 24hrs, Day Shift","Catholic Medical Center",catholicmedicalcenter.org,"Hospital & Health Care",,,,Manchester,NH,""
2022-01-27,"Clinical Nurse – Inpatient and Procedural (PT), Oncology – D...","D-H Lebanon-Manchester",,,,,,Manchester,NH,""
2022-01-27,"PT Produce Sales Associate",Hannaford,hannaford.com,,,,"Southside area",Manchester,NH,"3101"
2022-01-28,"Retail Merchandiser",Hallmark,nationalhealthplex.com,,,,"Southside area",Manchester,NH,"3103"
2022-01-27,"PT Hannaford To Go Expeditor",Hannaford,hannaford.com,,,,"Southside area",Manchester,NH,"3101"
2022-01-28,"Teller I (US) Manchester Bay St (20 hours)","TD Bank",yesbank.com,Banking,,,"North of Bridge area",Manchester,NH,""
2022-01-26,"Crew Member","Hamra - Wendy's",hamracareers.com,,,,"Southeast Manchester area",Manchester,NH,"3109"
2022-01-27,"PT Sanitation Maintenance",Hannaford,hannaford.com,,,,"Southside area",Manchester,NH,"3101"
2022-01-27,"PT Pharmacy Technician",Hannaford,hannaford.com,,,,"Southside area",Manchester,NH,"3101"
2022-01-27,"PT Meat Mkt Seafood Sls Assoc",Hannaford,hannaford.com,,,,"Southside area",Manchester,NH,"3101"
2022-01-26,"PT Deli Sales Associate",Hannaford,hannaford.com,,,,,Manchester,NH,"3104"
2022-01-28,"LPN, Part-Time, Surgical Care Group, Manchester, NH","Catholic Medical Center",catholicmedicalcenter.org,"Hospital & Health Care",,,,Manchester,NH,""
2022-01-26,"Geek Squad Advanced Repair Apple Professional","Geek Squad",geeksquad.com,"Information Technology & Services",,,"Lower South Willow/Airport area",Manchester,NH,"3103"
2022-01-27,"PT Bakery Sales Associate",Hannaford,hannaford.com,,,,"Pinardville area",Manchester,NH,"3102"
2022-01-26,To-Go,"Texas Roadhouse",nextbposolutions.com,Outsourcing/Offshoring,,,"Lower South Willow/Airport area",Manchester,NH,"3103"
2022-01-27,"Event Marketer","LeafFilter North, LLC",leaffilter.com,"Consumer Services","$17 - $22 an hour",,,Manchester,NH,""
2022-01-27,"PT Hannaford To Go Shopper",Hannaford,hannaford.com,,,,"Southside area",Manchester,NH,"3101"
2022-01-27,"PT Sales Associate - Cashier",Hannaford,hannaford.com,,,,"Eaton Heights area",Manchester,NH,"3104"
2022-01-27,"Retail Receiving Support Associate, Mall of New Hampshire -...",Macy’s,,,,,"Lower South Willow/Airport area",Manchester,NH,"3103"
2022-01-28,"Part Time Sales Associate - Mall of New Hampshire","Pandora Jewelry",pandoragroup.com,"Luxury Goods & Jewelry",,,"Lower South Willow/Airport area",Manchester,NH,"3103"
2022-01-27,"At Your Service Center Associate, Mall of New Hampshire - Pa...",Macy’s,,,,,"Lower South Willow/Airport area",Manchester,NH,"3103"
2022-01-27,"Retail Sales Associate, Mall of New Hampshire - Part Time",Macy’s,,,,,"Lower South Willow/Airport area",Manchester,NH,"3103"
2022-01-28,"Mortgage Loan Officer","Obsidian Financial Services",obsidianfinancialservices.com,"Financial Services","$76,000 - $375,000 a year",Remote,,Manchester,NH,""
2022-01-26,"Part-Time Special Projects Sales Representative","McLean Communications",,,,,"North of Bridge area",Manchester,NH,"3101"
2022-01-27,"Mortgage Loan Officer","Obsidian Financial Services",obsidianfinancialservices.com,"Financial Services","$85,000 - $425,000 a year",,,Manchester,NH,""
2022-01-28,"Library Assistant, Part-time – Manchester NH","Accufile, Inc",,,"$21 - $23 an hour",,,Manchester,NH,""
2022-01-26,"Clinician - Rapid Response","The Mental Health Center of Greater Manchester",,,"$43,243 - $71,739 a year",,,Manchester,NH,""
2022-01-27,"Program Monitor (Part- Time)","Community Resources for Justice",crj.org,"Individual & Family Services",,,"North of Bridge area",Manchester,NH,"3101"
2022-01-27,"Program Monitor (Part- Time)","Community Resources for Justice",crj.org,"Individual & Family Services",,,"North of Bridge area",Manchester,NH,"3101"
2022-01-26,"On Call - Safety & Security Advisor","NH Job Corps",,,"From $16 an hour",,"Northwest Manchester area",Manchester,NH,"3102"
2022-01-28,"Sales Representative","Milford Superior Roofing and Siding",,,"$15 - $25 an hour",,,Manchester,NH,""
2022-01-26,"Business Development & Retention Coordinator","NH Grocers Association",,,"$15 - $17 an hour",,"Downtown area",Manchester,NH,"3101"
2022-01-28,"Youth Baseball Coach","Prospects Athletics",,,"From $20 an hour",,,Manchester,NH,""
2022-01-28,"Registered Nurse","ConvenientMD Urgent Care",convenientmd.com,"Hospital & Health Care",,,,Manchester,NH,""
2022-01-28,"Home Infusion Nurse RN - PRN","Infusion Nursing Network",,,"$40 - $50 an hour",,,Manchester,NH,""
2022-01-28,"Inventory Associate (PT)","WIS International",wisintl.com,Retail,"From $16 an hour",,"Eaton Heights area",Manchester,NH,"3104"
2022-01-26,"Retail Counter Person","Advance Auto Parts",advanceautoparts.com,Retail,"From $12 an hour",,"Somerville area",Manchester,NH,"3103"
2022-01-28,"Retail Merchandiser (Part Time)","L&R Distributors",lrdist.com,Wholesale,"$13 an hour",,,Manchester,NH,"3103"
2022-01-27,"Brand Representative","Hollister Co.",hollisterco.com,"Retail, Apparel & Accessories, Sporting & Recreational Equipment",,,"Lower South Willow/Airport area",Manchester,NH,"3103"
2022-01-28,"PT Key Holder","Super Shoes- Manchester, NH",,,"$14 an hour",,"Lower South Willow/Airport area",Manchester,NH,"3103"
2022-01-28,LPN,"The Courville at Manchester",thecourvilles.com,"Hospital & Health Care",,,"North of Bridge area",Manchester,NH,"3104"
2022-01-27,"SAS Part Time Travel Reset Merchandiser","SAS Retail Services",sasretail.com,Retail,,,"Pinardville area",Manchester,NH,"3102"
2022-01-27,"Residential Direct Support Associate-1st and 2nd shift","Easterseals NH",eastersealsnh.org,"Nonprofit Organization Management","$17.50 an hour",,,Manchester,NH,""
2022-01-28,"Cleaning Technician Manchester","Office Pride",,,,,,Manchester,NH,"3101"
2022-01-28,"Medical Receptionist","ConvenientMD Urgent Care",convenientmd.com,"Hospital & Health Care",,,,Manchester,NH,""
2022-01-26,"Store Associate","Alpha Nutrition",,,"$10 an hour",,"Downtown area",Manchester,NH,"3101"
2022-01-25,"Residential Direct Support Professional (DSP) - Group Home f...",LifeConnections,life-connections.org,"Mental Health Care","$16.50 an hour",,,Manchester,NH,""
2022-01-28,"Travel Inventory Associate (PT)","WIS International",wisintl.com,Retail,"From $18.50 an hour",,"Eaton Heights area",Manchester,NH,"3104"
2022-01-28,"Part Time Sleep Expert","Mattress Firm",mattressfirmnewmexico.com,Retail,"$25,000 - $30,000 a year",,,Manchester,NH,""
2022-01-27,"SAS Part Time Merchandiser","SAS Retail Services",sasretail.com,Retail,,,"Eaton Heights area",Manchester,NH,"3104"
2022-01-27,"In-Home Caregiver OVERNIGHTS - Full Time & Part Time **Flexi...","Right at Home Southern NH",,,"$13 - $17 an hour",,,Manchester,NH,""
2022-01-27,Laundry/Housekeeping,"The Courville at Manchester",thecourvilles.com,"Hospital & Health Care",,,"North of Bridge area",Manchester,NH,"3104"
2022-01-26,"General Dentist","New England Family Dentistry",,,"Up to $250,000 a year",,"Southside area",Manchester,NH,"3103"
2022-01-27,"Teller 1-30 Hours-Candia Road","Triangle Credit Union",trianglecu.org,Banking,,,,Manchester,NH,"3109"
2022-01-25,"Kitchen Help","Julien's Breakfast Place",,,"From $11 an hour",,"Straw/Smyth area",Manchester,NH,"3104"
2022-01-27,"Restaurant host/hostess",Applebee's,,,"Up to $2,200 a month",,"Wolfe Park area",Manchester,NH,"3102"
2022-01-27,"Inventory Associate",RGIS,rgis.com,Retail,"$16 an hour",,,Manchester,NH,""
2022-01-26,Server,Margaritas,margaritasmexicanrestaurant1.com,Restaurants,,,"Downtown area",Manchester,NH,"3101"
2022-01-27,"Restaurant Server",Applebee's,,,"Up to $5,000 a month",,"Wolfe Park area",Manchester,NH,"3102"
2022-01-27,"Front Desk Agent","Even Hotel Manchester",,,"$13 - $15 an hour",,"Southside area",Manchester,NH,"3103"
2022-01-27,"Restaurant To Go specialist",Applebee's,,,"Up to $3,000 a month",,"Wolfe Park area",Manchester,NH,"3102"
2022-01-26,"Welcome Center Representative","The Granite YMCA - Downtown Manchester",graniteymca.org,"Health, Wellness & Fitness","$12 - $13 an hour",,"Downtown area",Manchester,NH,"3101"
2022-01-26,Janitorial/Houseperson,"Hilton Garden Inn Manchester Downtown",,,"From $14 an hour",,"Gaslight/Warehouse District area",Manchester,NH,"3101"
2022-01-27,"Certified Ski or Snowboard Instructor Level 2- Housing Avail...","Attitash Mountain Resort",attitash.com,"Leisure, Travel & Tourism",,,,Manchester,NH,""
2022-01-27,"Certified Ski or Snowboard Instructor Level 1- Housing Avail...","Attitash Mountain Resort",attitash.com,"Leisure, Travel & Tourism",,,,Manchester,NH,""
2022-01-27,"Earn While You Learn- EMT Academy","Global Medical Response",globalmedicalresponse.com,"Hospital & Health Care",,,"Bakersville area",Manchester,NH,"3103"
2022-01-27,"Mortgage Loan Officer","Obsidian Financial Services",obsidianfinancialservices.com,"Financial Services","$85,000 - $425,000 a year",,,Manchester,NH,""
2022-01-28,"Youth Baseball Coach","Prospects Athletics",,,"From $20 an hour",,,Manchester,NH,""
2022-01-28,Cooker,"Delicious Balance",,,"$15 - $18 an hour",,"Lower South Willow/Airport area",Manchester,NH,"3103"
2022-01-26,"General Dentist","New England Family Dentistry",,,"Up to $250,000 a year",,"Southside area",Manchester,NH,"3103"
2022-01-27,"Contracted Mobile Detailer","All American Detailing",,,"$20 - $30 an hour",,,Manchester,NH,""
2022-01-28,"Youth Baseball Coach","Prospects Athletics",,,"From $20 an hour",,,Manchester,NH,""
2022-01-27,Laundry/Housekeeping,"The Courville at Manchester",thecourvilles.com,"Hospital & Health Care",,,"North of Bridge area",Manchester,NH,"3104"
2022-01-28,"Career Counselor","Southern New Hampshire Services, Inc.",,,"$19.11 an hour",,,Nashua,NH,"3060"
2022-01-27,"Test Tech IV","BAE Systems",baesystems.com,"Defense & Space",,,,Nashua,NH,"3060"
2022-01-27,Apprentce,"BJ's Wholesale Club, Inc.",bjs.com,Retail,,,,Nashua,NH,"3060"
2022-01-26,"Retail Sales Representative","Jordan's Furniture",jfurn.co,Retail,"$70,000 - $100,000 a year",,,Nashua,NH,"3060"
2022-01-27,"Test Tech III","BAE Systems",baesystems.com,"Defense & Space",,,,Nashua,NH,"3060"
2022-01-28,"Material Handler - Shipping","BAE Systems",baesystems.com,"Defense & Space",,,,Nashua,NH,"3060"
2022-01-28,"Patient Access Representative II","Conifer Health Solutions",coniferhealth.com,"Hospital & Health Care",,,,Nashua,NH,""
2022-01-28,"Patient Access Representative II","Conifer Health Solutions",coniferhealth.com,"Hospital & Health Care",,,,Nashua,NH,""
2022-01-28,"Patient Care Support Technician","Southern New Hampshire Health",snhhealth.org,"Hospital & Health Care",,,,Nashua,NH,"3060"
2022-01-26,"Test Technician II","BAE Systems",baesystems.com,"Defense & Space",,,,Nashua,NH,"3060"
2022-01-27,"Service Technician/Advisor",TrekBikes,,,,,,Nashua,NH,""
2022-01-27,"Conformal Coat Assembler","BAE Systems",baesystems.com,"Defense & Space",,,,Nashua,NH,"3060"
2022-01-27,"Conformal Coat Assembler","BAE Systems",baesystems.com,"Defense & Space",,,,Nashua,NH,"3060"
2022-01-27,"Mechanical Tech IV","BAE Systems",baesystems.com,"Defense & Space",,,,Nashua,NH,"3060"
2022-01-28,"Precast Concrete Inspector - Full Time/Part Time - Hudson, N...",Pennoni,pennoni.com,Design,,,,Nashua,NH,""
2022-01-27,"Assistant Store Manager",TrekBikes,,,,,,Nashua,NH,""
2022-01-28,"uitility clerk","BJ's Wholesale Club, Inc.",bjs.com,Retail,,,,Nashua,NH,"3060"
2022-01-27,"Resident Service Coordinator","Southern New Hampshire Services, Inc.",,,"$19.67 an hour",,,Nashua,NH,"3060"
2022-01-26,"Consumer Loan Sales Specialist","OneMain Financial",onemainfinancial.com,"Financial Services",,,,Nashua,NH,"3063"
2022-01-28,"Membership Sales- FT","BJ's Wholesale Club, Inc.",bjs.com,Retail,,,,Nashua,NH,"3060"
2022-01-28,"uitility clerk","BJ's Wholesale Club, Inc.",bjs.com,Retail,,,,Nashua,NH,"3060"
2022-01-28,"Customer Service Representative","Teledyne FLIR",,,,,,Nashua,NH,""
2022-01-28,FT-Cashier-Closing,Lowe's,lowes.com,Retail,,,,Nashua,NH,"3060"
2022-01-26,"Operations Manager","CVS Health Retail",cvshealth.com,"Health, Wellness & Fitness",,,,Nashua,NH,""
2022-01-25,"Registered Nurse (RN) - Ambulatory Care","Southern New Hampshire Health",snhhealth.org,"Hospital & Health Care",,,,Nashua,NH,"3060"
2022-01-27,"Microwave Technician II","BAE Systems",baesystems.com,"Defense & Space",,,,Nashua,NH,"3060"
2022-01-28,"Guest Services Rep Full Time-104010","Extended Stay America",extendedstayamerica.com,Hospitality,,,,Nashua,NH,"3063"
2022-01-28,"Housekeeper Full Time-101010","Extended Stay America",extendedstayamerica.com,Hospitality,,,,Nashua,NH,"3063"
2022-01-28,"Deli Clerk- FT","BJ's Wholesale Club, Inc.",bjs.com,Retail,,,,Nashua,NH,"3060"
2022-01-28,"overnight stock clerk- Freezer starting pay $15.50/hr.","BJ's Wholesale Club, Inc.",bjs.com,Retail,,,,Nashua,NH,"3060"
2022-01-26,"Pharmacy Technician",WALGREENS,walgreens.com,Retail,,,,Nashua,NH,"3060"
2022-01-28,"Deli Clerk- FT","BJ's Wholesale Club, Inc.",bjs.com,Retail,,,,Nashua,NH,"3060"
2022-01-28,"meat cutter","BJ's Wholesale Club, Inc.",bjs.com,Retail,,,,Nashua,NH,"3060"
2022-01-27,"NUTRITIONAL HOST","Covenant Health",covenanthealth.org,"Hospital & Health Care",,,,Nashua,NH,"3061"
2022-01-26,"Field Sales Representative-Nashua, NH",UNFI,unfi.com,"Food & Beverages",,,,Nashua,NH,""
2022-01-26,"Clinical Psychologist","LifeStance Health",lifestance.com,"Hospital & Health Care",,,,Nashua,NH,""
2022-01-27,Server,Chilis,chilis.com,Restaurants,,,,Nashua,NH,"3060"
2022-01-27,"Medical Records Warehouse Supervisor","Morgan Records Management",arisradiology.com,"Medical Practice","$16 - $20 an hour",,,Nashua,NH,"3063"
2022-01-27,"Talent Acquisition Specialist",Allpro,allprocorp.com,Construction,,,,Nashua,NH,""
2022-01-27,"Operations Support Specialist",TruTeam,truteam.com,Construction,"$50,000 - $60,000 a year",,,Nashua,NH,""
2022-01-26,"Retail Sales Representative","Jordan's Furniture",jfurn.co,Retail,"$70,000 - $100,000 a year",,,Nashua,NH,"3060"
2022-01-27,"Baby Gear Provider Needed","Babies Getaway US",babiesgetaway.com,,"$1,500 - $2,000 a month",,,Nashua,NH,""
2022-01-28,"Call Center Representative","Active/Balanced Healthcare Receivables",,,,,,Nashua,NH,"3060"
2022-01-27,"Medical Records Administrative Assistant","Morgan Records Management",arisradiology.com,"Medical Practice","From $15 an hour",,,Nashua,NH,"3063"
2022-01-28,"Outside Sales Representative - NH HCO","Community Services of America",,,"$60,000 - $90,000 a year",,,Nashua,NH,"3063"
2022-01-28,"BMW Genius","Tulley Automotive Group",tulleymazda.com,Retail,,,,Nashua,NH,"3060"
2022-01-28,"Sales Representative","Milford Superior Roofing and Siding",,,"$15 - $25 an hour",,,Nashua,NH,""
2022-01-27,"Warehouse Associate","Morgan Records Management",arisradiology.com,"Medical Practice","$16 - $20 an hour",,,Nashua,NH,"3063"
2022-01-27,"Assistant Studio Manager","Orangetheory - Franchise #0308",,,"$15 - $19 an hour",,,Nashua,NH,"3063"
2022-01-27,"Recording Clerk","Hillsborough County",,,"From $16.01 an hour",,,Nashua,NH,"3060"
2022-01-28,"Manager In Training","Nouria Energy",nouriaenergy.com,Retail,,,,Nashua,NH,"3062"
2022-01-27,"Accounting Assistant/Bookkeeper","NewPower Worldwide",newpowerww.com,"Computer Hardware",,,,Nashua,NH,"3062"
2022-01-28,"Medical Office Assistant","Greater Nashua Mental Health",gnmhc.org,"Mental Health Care",,,,Nashua,NH,"3060"
2022-01-26,"Sales and Service Representative (Universal Role), NH","St. Mary's Bank",stmarysbank.com,Banking,"$20 an hour",,,Nashua,NH,"3060"
2022-01-27,"Medical Office Assistant","Greater Nashua Mental Health",gnmhc.org,"Mental Health Care",,,,Nashua,NH,"3060"
2022-01-27,"Sales Associate","Orangetheory - Franchise #0308",,,,,,Nashua,NH,"3062"
2022-01-27,"Medical Collections Representative","Active/Balanced Healthcare Receivables",,,,,,Nashua,NH,"3060"
2022-01-28,"Assistant Store Manager","Nouria Energy",nouriaenergy.com,Retail,,,,Nashua,NH,"3064"
2022-01-27,"Housekeeper Full Time-101010","ESA Management, LLC",,,,,,Nashua,NH,"3063"
2022-01-28,"Garage Door Technician/installer","lizzies garage doors LLP",,,"$20 - $30 an hour",,,Nashua,NH,""
2022-01-27,"In-Home Caregiver / LNA - Full Time & Part Time **Flexible H...","Right at Home Southern NH",,,"$13 - $17 an hour",,,Nashua,NH,""
2022-01-28,"Servers #2371",Denny's,dennys.com,Restaurants,"$7.25 - $15.00 an hour",,,Nashua,NH,"3063"
2022-01-28,"Host/Hostess # 2371",Denny's,dennys.com,Restaurants,"$10 - $16 an hour",,,Nashua,NH,"3063"
2022-01-28,"Full Time Sales Associate - Area 1 - Retail - 1187-243 Dania...","Nouria Energy",nouriaenergy.com,Retail,,,,Nashua,NH,"3060"
2022-01-28,"Assistant Store Manager","Nouria Energy",nouriaenergy.com,Retail,,,,Nashua,NH,"3062"
2022-01-28,"PCA/LNA Full-Time & Part-time 2p-10p on Memory Care","Benchmark Senior Living at Nashua Crossings",,,"From $17 an hour",,,Nashua,NH,"3062"
2022-01-27,"Full time Key Holder","Abercrombie & Fitch",,,,,,Nashua,NH,"3060"
2022-01-27,"Full Time Key Holder","Hollister Co.",hollisterco.com,"Retail, Apparel & Accessories, Sporting & Recreational Equipment",,,,Nashua,NH,"3060"
2022-01-28,"Associate Crestron Programmer - Concord, MA (AVE)",Diversified,diversifiedus.com,"Information Technology & Services",,,,Nashua,NH,"3060"
2022-01-28,"Assistant Store Manager","Nouria Energy",nouriaenergy.com,Retail,,,,Nashua,NH,"3062"
2022-01-28,"Overnight Sales Associate","Nouria Energy",nouriaenergy.com,Retail,,,,Nashua,NH,"3062"
2022-01-28,"Overnight Sales Associate","Nouria Energy",nouriaenergy.com,Retail,,,,Nashua,NH,"3063"
2022-01-28,"Caregivers/LNAs Needed - Nashua, NH Area","Home Instead",homeinstead.com.au,"Hospital & Health Care","$16 - $19 an hour",,,Nashua,NH,""
2022-01-27,"Direct Support Associate- Day Program","Easterseals NH",eastersealsnh.org,"Nonprofit Organization Management","$15 an hour",,,Nashua,NH,"3063"
2022-01-27,"In Home Caregiver","Armistead Senior Care- Amherst, NH",,,"$15 - $16 an hour",,,Nashua,NH,""
2022-01-27,"Guest Services Rep Full Time-104010","ESA Management, LLC",,,,,,Nashua,NH,"3063"
2022-01-27,"In-Home Caregiver OVERNIGHTS - Full Time & Part Time **Flexi...","Right at Home Southern NH",,,"$13 - $17 an hour",,,Nashua,NH,""
2022-01-28,"RN Travel Registered Nurse Corporate Travel RN","Vibra Travels",vibratravels.com,"Hospital & Health Care",,,,Nashua,NH,""
2022-01-27,"Financial Service Representative 1-B1-Franklin St-FT","Triangle Credit Union",trianglecu.org,Banking,,,,Nashua,NH,"3064"
2022-01-27,"Caregiver/Personal Assistant","Armistead Senior Care- Amherst, NH",,,"$15 - $16 an hour",,,Nashua,NH,""
2022-01-27,"Pharmacy Technician- NASHUA","CVS Health",cvs.colinkedinprofile,,"From $16 an hour",,,Nashua,NH,""
2022-01-28,"Commercial Cleaning Operations Manager","Office Pride",,,,,,Nashua,NH,"3062"
2022-01-27,"WAREHOUSE TRUCK LOADER (Assistant) -2nd shift","Hudson RPM Distributors, LLC",hudsonrpm.com,Wholesale,"$16 an hour",,,Nashua,NH,"3063"
2022-01-27,Merchandiser/Stocker,"Alexandria Moulding",alexmo.com,"Paper & Forest Products",,,,Nashua,NH,"3060"
2022-01-27,Housekeeper/Launderer,"Greenbriar Rehab & Healthcare",greenbriarhc.com,,,,,Nashua,NH,"3062"
2022-01-27,"Barista/Crew Member","Simit Cafe",,,"From $13 an hour",,,Nashua,NH,"3063"
2022-01-26,"Service Technician","Pfeiffer Vacuum Inc.",pfeiffer-vacuum.com,Machinery,,,,Nashua,NH,"3063"
2022-01-26,"Golf Course Superintendent","NASHUA COUNTRY CLUB",,,"$15 - $18 an hour",,,Nashua,NH,"3060"
2022-01-26,"Retail Sales Associate, Flooring - Nashua, New Hampshire (NH...","LL Flooring",llflooringcompany.com,Retail,"$17.50 an hour",,,Nashua,NH,"3060"
2022-01-28,"Sales Associate - Sleep Expert","Mattress Firm",mattressfirmnewmexico.com,Retail,"$71,000 - $120,000 a year",,,Nashua,NH,""
2022-01-26,"Homecare Scheduler",Allpro,allprocorp.com,Construction,,,,Nashua,NH,""
2022-01-27,Housekeeper/Launderer,"Premier Rehab & Healthcare",premierrehaboflasvegas.com,"Hospital & Health Care",,,,Nashua,NH,""
2022-01-27,"Front Desk Associate - Full Time","Planet Fitness Club Careers",,,,,,Nashua,NH,"3063"
2022-01-26,"Landscape and Snow Removal Driver","Global Industrial",globalindustrial.com,"Broadcast Media","$17 an hour",,,Nashua,NH,""
2022-01-26,"Landscaping Crew Leader","Grass Gobblers Lawn Care & Landscaping",grassgobblerslawncare.com,"Facilities Services","$17 - $20 an hour",,,Nashua,NH,""
2022-01-27,"Maintenance Assistant","Premier Rehab & Healthcare",premierrehaboflasvegas.com,"Hospital & Health Care",,,,Nashua,NH,"3062"
2022-01-26,"DIETARY AIDE","Greenbriar Rehab & Healthcare",greenbriarhc.com,,,,,Nashua,NH,"3062"
2022-01-27,"Restaurant Server",Applebee's,,,"Up to $5,000 a month",,,Nashua,NH,"3063"
2022-01-27,"Restaurant host/hostess",Applebee's,,,"Up to $2,200 a month",,,Nashua,NH,"3063"
2022-01-26,"Dietary Aide: 5:30am- 2:30pm Shift","Premier Rehab & Healthcare",premierrehaboflasvegas.com,"Hospital & Health Care",,,,Nashua,NH,"3062"
2022-01-26,"Team Member - Pheasant Lane Mall",Sbarro,,,,,,Nashua,NH,""
2022-01-28,"Multi-Unit Manager","Cafua Management Company",,,,,,Nashua,NH,""
2022-01-26,Housekeeper,"The Courville at Nashua-Aynsley",,,,,,Nashua,NH,""
2022-01-27,"Warehouse - Order Filler (Full Time)","S P Richards Co",sprichards.com,Wholesale,,,,Nashua,NH,"3063"
2022-01-26,"Dietary Aide","The Courville at Nashua",,,,,,Nashua,NH,"3060"
2022-01-27,"Restaurant To Go specialist",Applebee's,,,"Up to $3,000 a month",,,Nashua,NH,"3063"
2022-01-27,"Dental Office Receptionist","Nashua Smile Makers",,,"$20 - $24 an hour",,,Nashua,NH,"3060"
2022-01-27,"Best Buy Small Parcel Delivery Service Driver - Nashua, NH","Geek Squad",geeksquad.com,"Information Technology & Services",,,,Nashua,NH,""
2022-01-28,"Retail Sales Associate, Pheasant Lane - Part Time",Macy’s,,,,,,Nashua,NH,"3060"
2022-01-28,"Cashier- PT","BJ's Wholesale Club, Inc.",bjs.com,Retail,,,,Nashua,NH,"3060"
2022-01-28,"Cashier- PT","BJ's Wholesale Club, Inc.",bjs.com,Retail,,,,Nashua,NH,"3060"
2022-01-28,"Cashier- PT","BJ's Wholesale Club, Inc.",bjs.com,Retail,,,,Nashua,NH,"3060"
2022-01-28,"Cashier- PT","BJ's Wholesale Club, Inc.",bjs.com,Retail,,,,Nashua,NH,"3060"
2022-01-28,"Precast Concrete Inspector - Full Time/Part Time - Hudson, N...",Pennoni,pennoni.com,Design,,,,Nashua,NH,""
2022-01-28,"Gas station team member starting pay $15.25/hr.","BJ's Wholesale Club, Inc.",bjs.com,Retail,,,,Nashua,NH,"3060"
2022-01-28,"In-Store Shopper (Online Orders) - Part Time","Whole Foods Market",wholefoodsmarket.com,Supermarkets,,,,Nashua,NH,"3063"
2022-01-28,"Guest Services Rep Part Time-104020","Extended Stay America",extendedstayamerica.com,Hospitality,,,,Nashua,NH,"3063"
2022-01-28,"Night Guest Laundry Attend-PT-102020","Extended Stay America",extendedstayamerica.com,Hospitality,,,,Nashua,NH,"3063"
2022-01-28,"Housekeeper Part Time-101020","Extended Stay America",extendedstayamerica.com,Hospitality,,,,Nashua,NH,"3063"
2022-01-28,"Tire Sales & Installation TM- PT","BJ's Wholesale Club, Inc.",bjs.com,Retail,,,,Nashua,NH,"3060"
2022-01-28,"Local Store Marketer","Texas Roadhouse",nextbposolutions.com,Outsourcing/Offshoring,,,,Nashua,NH,"3063"
2022-01-28,To-Go,"Texas Roadhouse",nextbposolutions.com,Outsourcing/Offshoring,,,,Nashua,NH,"3063"
2022-01-28,Dishwasher,"Texas Roadhouse",nextbposolutions.com,Outsourcing/Offshoring,,,,Nashua,NH,"3063"
2022-01-28,"Meat Cutter","Texas Roadhouse",nextbposolutions.com,Outsourcing/Offshoring,,,,Nashua,NH,"3063"
2022-01-28,"Deli Clerk- PT","BJ's Wholesale Club, Inc.",bjs.com,Retail,,,,Nashua,NH,"3060"
2022-01-26,"Team Member - Pheasant Lane Mall",Sbarro,,,,,,Nashua,NH,""
2022-01-27,"In Home Personal Care Workers Needed - Nashua, NH (Part Time...",Waypoint,asmwaypoint.com,"Food & Beverages","Up to $12 an hour",,,Nashua,NH,"3060"
2022-01-28,cashier,"BJ's Wholesale Club, Inc.",bjs.com,Retail,,,,Nashua,NH,"3060"
2022-01-26,"Lunch Monitor","Nashua School District",nashua.edu,"Primary/Secondary Education","$11.84 an hour",,,Nashua,NH,"3060"
2022-01-26,"Part Time Manager Pheasant Lane Icing",Claire's,claires.com,Retail,,,,Nashua,NH,"3063"
2022-01-27,Server,Chilis,chilis.com,Restaurants,,,,Nashua,NH,"3060"
2022-01-27,"Small Parcel Delivery Part Time - Nashua, NH","Best Buy / Geek Squad",,,"$16 - $19 an hour",,,Nashua,NH,"3060"
2022-01-28,"Call Center Representative","Active/Balanced Healthcare Receivables",,,,,,Nashua,NH,"3060"
2022-01-27,"Baby Gear Provider Needed","Babies Getaway US",babiesgetaway.com,,"$1,500 - $2,000 a month",,,Nashua,NH,""
2022-01-28,"Sales Representative","Milford Superior Roofing and Siding",,,"$15 - $25 an hour",,,Nashua,NH,""
2022-01-28,"Part Time Sales Associate - Area 1 - Retail - 1125 - NH.Main...","Nouria Energy",nouriaenergy.com,Retail,,,,Nashua,NH,"3060"
2022-01-26,"Professional Driver","AmRide LLC",amride.com,"Leisure, Travel & Tourism","$20 - $25 an hour",,,Nashua,NH,""
2022-01-28,"Home Infusion Nurse RN - PRN","Infusion Nursing Network",,,"$40 - $50 an hour",,,Nashua,NH,""
2022-01-27,"In-Home Caregiver / LNA - Full Time & Part Time **Flexible H...","Right at Home Southern NH",,,"$13 - $17 an hour",,,Nashua,NH,""
2022-01-28,"Servers #2371",Denny's,dennys.com,Restaurants,"$7.25 - $15.00 an hour",,,Nashua,NH,"3063"
2022-01-28,"Host/Hostess # 2371",Denny's,dennys.com,Restaurants,"$10 - $16 an hour",,,Nashua,NH,"3063"
2022-01-28,"Part Time Sales Associate - Area 1 - Retail - 1187- NH.Nashu...","Nouria Energy",nouriaenergy.com,Retail,,,,Nashua,NH,"3060"
2022-01-28,"PCA/LNA Full-Time & Part-time 2p-10p on Memory Care","Benchmark Senior Living at Nashua Crossings",,,"From $17 an hour",,,Nashua,NH,"3062"
2022-01-27,"Housekeeper Part Time-101020","ESA Management, LLC",,,,,,Nashua,NH,"3063"
2022-01-28,"Medical Receptionist","ConvenientMD Urgent Care",convenientmd.com,"Hospital & Health Care",,,,Nashua,NH,""
2022-01-28,"Dental Assistant","Nashua Smile Makers",,,"$20 - $27 an hour",,,Nashua,NH,"3060"
2022-01-28,"Caregivers/LNAs Needed - Nashua, NH Area","Home Instead",homeinstead.com.au,"Hospital & Health Care","$16 - $19 an hour",,,Nashua,NH,""
2022-01-28,"$18-$20/hr Caregivers needed!","Allied Caregivers",alliedcaregivers.com,,"$18 - $20 an hour",,,Nashua,NH,""
2022-01-27,"Day Program Direct Support Associate-Part Time/Nashua","Easterseals NH",eastersealsnh.org,"Nonprofit Organization Management","$15 an hour",,,Nashua,NH,"3063"
2022-01-27,"Night Guest Laundry Attend-PT-102020","ESA Management, LLC",,,,,,Nashua,NH,"3063"
2022-01-27,"In Home Caregiver","Armistead Senior Care- Amherst, NH",,,"$15 - $16 an hour",,,Nashua,NH,""
2022-01-28,"Commercial Cleaning Technician","Office Pride",,,,,,Nashua,NH,"3062"
2022-01-27,"In-Home Caregiver OVERNIGHTS - Full Time & Part Time **Flexi...","Right at Home Southern NH",,,"$13 - $17 an hour",,,Nashua,NH,""
2022-01-28,"Overnight Front Desk Associate- Part Time","Planet Fitness Club Careers",,,,,,Nashua,NH,"3063"
2022-01-27,"Caregiver/Personal Assistant","Armistead Senior Care- Amherst, NH",,,"$15 - $16 an hour",,,Nashua,NH,""
2022-01-27,"Warehouse - Order Filler (Part Time)","S P Richards Co",sprichards.com,Wholesale,,,,Nashua,NH,"3063"
2022-01-27,"Guest Services Rep Part Time-104020","ESA Management, LLC",,,,,,Nashua,NH,"3063"
2022-01-27,"Brand Representative","Hollister Co.",hollisterco.com,"Retail, Apparel & Accessories, Sporting & Recreational Equipment",,,,Nashua,NH,"3060"
2022-01-27,"Residential Direct Support Associate-Part Time Evenings","Easterseals NH",eastersealsnh.org,"Nonprofit Organization Management","$15 an hour",,,Nashua,NH,"3063"
2022-01-27,"Brand Representative","Abercrombie & Fitch",,,,,,Nashua,NH,"3060"
2022-01-27,Housekeeper/Launderer,"Greenbriar Rehab & Healthcare",greenbriarhc.com,,,,,Nashua,NH,"3062"
2022-01-27,"Barista/Crew Member","Simit Cafe",,,"From $13 an hour",,,Nashua,NH,"3063"
2022-01-27,"Kombucha Brand Ambassador - Nashua, NH","Health and Fitness Activations",healthandfitnessactivations.com,"Marketing & Advertising","$25 an hour",,,Nashua,NH,""
2022-01-26,"Golf Course Superintendent","NASHUA COUNTRY CLUB",,,"$15 - $18 an hour",,,Nashua,NH,"3060"
2022-01-26,"DIETARY AIDE","Greenbriar Rehab & Healthcare",greenbriarhc.com,,,,,Nashua,NH,"3062"
2022-01-27,"Restaurant Server",Applebee's,,,"Up to $5,000 a month",,,Nashua,NH,"3063"
2022-01-27,"Restaurant host/hostess",Applebee's,,,"Up to $2,200 a month",,,Nashua,NH,"3063"
2022-01-27,"Warehouse - Stocker (Part Time)","S P Richards Co",sprichards.com,Wholesale,,,,Nashua,NH,"3063"
2022-01-26,Housekeeper,"The Courville at Nashua-Aynsley",,,,,,Nashua,NH,""
2022-01-27,"Restaurant To Go specialist",Applebee's,,,"Up to $3,000 a month",,,Nashua,NH,"3063"
2022-01-27,"Sales Associate","Wild Side Smoke Shop",,,"From $14 an hour",,,Nashua,NH,"3063"
2022-01-27,"Operations Specialist","H&R Block",hrblock.com,Retail,,,,Nashua,NH,""
2022-01-27,"Kombucha Brand Ambassador - Nashua, NH","Health and Fitness Activations",healthandfitnessactivations.com,"Marketing & Advertising","$25 an hour",,,Nashua,NH,""
2022-01-27,"Baby Gear Provider Needed","Babies Getaway US",babiesgetaway.com,,"$1,500 - $2,000 a month",,,Nashua,NH,""
2022-01-27,"Contracted Mobile Detailer","All American Detailing",,,"$20 - $30 an hour",,,Nashua,NH,""
2022-01-28,"Dental Assistant","Nashua Smile Makers",,,"$20 - $27 an hour",,,Nashua,NH,"3060"
2022-01-26,"Professional Driver","AmRide LLC",amride.com,"Leisure, Travel & Tourism","$20 - $25 an hour",,,Nashua,NH,""
2022-01-21,"SYSC ADMINISTRATOR","The State of New Hampshire",nh.gov,"Government Administration","$68,042 - $94,744 a year",,,Manchester,NH,""
2022-01-22,"Nursing Home Administrator - Villa Crest Nursing and Retirem...","Villa Crest Nursing and Retirement Center",,,,,"Youngsville area",Manchester,NH,"3104"
2022-01-24,"2nd Shift Machine Operator",Marmon/Keystone,marmonkeystone.com,"Mining & Metals",,,,Manchester,NH,""
2022-01-24,"2nd Shift Machine Operator","Marmon Holdings, Inc.",,,,,,Manchester,NH,""
2022-01-22,"Director, Student Experience Marketing Communications","Southern New Hampshire University",snhu.edu,"Higher Education",,Remote,,Manchester,NH,"3106"
2022-01-22,"Construction Supervisor","Chapman Construction/Design",chap-con.com,Construction,,,"Lower South Willow/Airport area",Manchester,NH,"3103"
2022-01-21,"Transportation Import/Export Specialist II (Drawback Special...","Arrow Electronics",arrow.com,"Information Technology & Services",,Remote,,Manchester,NH,"3103"
2022-01-22,"Case Manager","Amoskeag Health",amoskeaghealth.org,"Medical Practice",,,"North of Bridge area",Manchester,NH,"3101"
2022-01-22,"Bicycle Technician - Full Time - multiple locations - NH and...","The Bike Cooperative",thebikecooperative.com,"Sporting Goods","$15 - $25 an hour",,,Manchester,NH,"3101"
2022-01-22,"Full Time Recreation Director - Villa Crest Nursing and Reti...","Villa Crest Nursing and Retirement Center",,,,,"Youngsville area",Manchester,NH,"3104"
2022-01-23,"Outside Sales Representative - Electrical",Graybar,graybar.com,Wholesale,,,,Manchester,NH,"3103"
2022-01-21,"Behavioral Health Care Manager (Transitions of Care)","BMC HealthNet Plan",bmchp.org,"Hospital & Health Care",,Remote,,Manchester,NH,""
2022-01-22,"Member of Technical Staff - Opportunity for Working Remotely...",VMware,thebrunswicknews.com,Newspapers,,Remote,,Manchester,NH,""
2022-01-22,"Behavioral Health Clinician","Amoskeag Health",amoskeaghealth.org,"Medical Practice",,,"North of Bridge area",Manchester,NH,"3101"
2022-01-22,"Rep 2, SMB Direct Sales (OBSR)",Comcast,comcast.com,Telecommunications,,,,Manchester,NH,""
2022-01-24,"JPMorgan Wealth Management - Private Client Advisor - Market...","JPMorgan Chase Bank, N.A.",chase.com,"Financial Services",,,,Manchester,NH,""
2022-01-22,"Case Manager","Amoskeag Health",amoskeaghealth.org,"Medical Practice",,,"North of Bridge area",Manchester,NH,"3101"
2022-01-22,"Program Manager, Volunteers","Best Buddies Int. Inc",bestbuddies.org,"Nonprofit Organization Management",,,,Manchester,NH,"3101"
2022-01-22,"After Care Coordinator",Farnum,farnumcenter.org,"Hospital & Health Care",,,"Bakersville area",Manchester,NH,"3103"
2022-01-22,"Business and Development Assistant","Manchester Historic Association",,,"From $34,000 a year",,"Downtown area",Manchester,NH,"3101"
2022-01-22,"Residential Treatment Case Manager- SUT",Farnum,farnumcenter.org,"Hospital & Health Care",,,"Bakersville area",Manchester,NH,"3103"
2022-01-22,"Product Manager, Identity","Acuant Inc",acuant.com,"Information Technology & Services",,,"Bakersville area",Manchester,NH,"3103"
2022-01-22,"Operations Manager",GardaWorld,gardaglobal.com,,,,,Manchester,NH,"3103"
2022-01-22,"Business and Development Assistant","Manchester Historic Association",,,"From $34,000 a year",,"Downtown area",Manchester,NH,"3101"
2022-01-24,"AV Event Support Technician","JMD AV LLC",,,"$20 - $30 an hour",,,Manchester,NH,""
2022-01-24,"Part Time All Hazards Preparedness Exercise Support (Vermont...","Summit ET",summitet.com,"Program Development",,,,Manchester,NH,"3103"
2022-01-24,"AV Event Support Technician","JMD AV LLC",,,"$20 - $30 an hour",,,Manchester,NH,""
2022-01-22,"Blaster Trainee","Maine Drilling and Blasting Inc.",mdandb.com,Construction,,,,Nashua,NH,"3060"
2022-01-22,"Practice Manager","Southern New Hampshire Health",snhhealth.org,"Hospital & Health Care",,,,Nashua,NH,"3063"
2022-01-22,"Practice Manager","Southern New Hampshire Health",snhhealth.org,"Hospital & Health Care",,,,Nashua,NH,"3060"
2022-01-22,"Practice Manager","Foundation Medical Partners",foundmed.com,"Industry:  Venture Capital & Private Equity , Finance",,,,Nashua,NH,"3060"
2022-01-22,"Expediting Lead (Onsite)","Raytheon Intelligence & Space",raytheonintelligenceandspace.com,"Defense & Space",,,,Nashua,NH,"3063"
2022-01-22,"Phlebotomy Supervisor – CP and Draw Station","Southern New Hampshire Medical Center",,,,,,Nashua,NH,"3060"
2022-01-22,"Practice Manager","Foundation Medical Partners",foundmed.com,"Industry:  Venture Capital & Private Equity , Finance",,,,Nashua,NH,"3060"
2022-01-23,"Maintenance Supervisor","THE HUNTINGTON AT NASHUA",silverstoneliving.org,"Medical Devices",,,,Nashua,NH,"3062"
2022-01-22,"Account Executive (International Freight Forwarding)","Mohawk Global Logistics Corp",mohawkglobalta.com,,,,,Nashua,NH,""
2022-01-24,"AV Event Support Technician","JMD AV LLC",,,"$20 - $30 an hour",,,Nashua,NH,""
2022-01-24,"AV Event Support Technician","JMD AV LLC",,,"$20 - $30 an hour",,,Nashua,NH,""
2022-01-28,"Job Developer","Southern New Hampshire Services, Inc.",,,"$19.11 an hour",,,Manchester,NH,""
2022-01-28,"Supervisor Radiology Imaging Administrative - Full Time, Day...","Catholic Medical Center",catholicmedicalcenter.org,"Hospital & Health Care","$36K – $45.6K a year",,,Manchester,NH,""
2022-01-28,"Nutrition Services Supervisor - Full Time, Days","Catholic Medical Center",catholicmedicalcenter.org,"Hospital & Health Care","$25.4K – $32.2K a year",,,Manchester,NH,""
2022-01-28,"Area Director of Residence Life","Southern New Hampshire University",snhu.edu,"Higher Education","$45.5K – $57.7K a year",,,Manchester,NH,"3106"
2022-01-28,"Career Navigator","Southern New Hampshire Services, Inc.",,,"$20.24 an hour",,,Manchester,NH,""
2022-01-27,"Retail Store Leadership (Retail Manager)","Ocean State Job Lot",oceanstatejoblot.com,Retail,"From $50,000 a year",,,Manchester,NH,""
2022-01-27,"Video Producer","Southern New Hampshire University",snhu.edu,"Higher Education","$39.7K – $50.3K a year",Remote,,Manchester,NH,"3106"
2022-01-28,"Retention Account Executive",Comcast,comcast.com,Telecommunications,,,,Manchester,NH,""
2022-01-28,"Career Navigator Outreach Specialist","Southern New Hampshire Services, Inc.",,,"$20.24 an hour",,,Manchester,NH,""
2022-01-27,"Data Scientist","The RiverStone Group",trg.com,Insurance,"$88.1K – $112K a year",Remote,,Manchester,NH,"3101"
2022-01-27,"Video Producer","Alumni Ventures Group",avgfunds.com,"Venture Capital & Private Equity","$56K – $71K a year",,,Manchester,NH,""
2022-01-28,"Invasive Scheduling Coordinator, Full-Time, NEHI, Manchester...","Catholic Medical Center",catholicmedicalcenter.org,"Hospital & Health Care","$75.3K – $95.3K a year",,,Manchester,NH,""
2022-01-28,"Maintenance Technician","DENS Facilities",densfacilityservices.com,"Facilities Services","$35.5K – $44.9K a year",,,Manchester,NH,"3104"
2022-01-28,"Program Manager, Security & Compliance Assurance - Opportuni...",VMware,thebrunswicknews.com,Newspapers,"$94.8K – $120K a year",Remote,,Manchester,NH,""
2022-01-27,"Engineering Manager - Opportunity for Working Remotely Manch...",VMware,thebrunswicknews.com,Newspapers,"$101K – $128K a year",Remote,,Manchester,NH,""
2022-01-27,"BAYLOR REGISTERED NURSE -SURGICAL SERVICES, OPERATING ROOM","Elliot Health System",elliotphysicians.org,,"$72.1K – $91.3K a year",,"Hallsville area",Manchester,NH,"3103"
2022-01-27,"Outside Sales Representative - Automation and Control",Graybar,graybar.com,Wholesale,"$70.2K – $89K a year",,,Manchester,NH,"3103"
2022-01-26,"Sales Account Manager - School (NH)",Shutterfly,shutterflyinc.com,Internet,"$47K – $59.4K a year",,,Manchester,NH,""
2022-01-28,"Financial Representative - Sales Training Provided","Northwestern Mutual",bestperformancemotorsports.com,Automotive,"$60,000 - $110,000 a year",,,Manchester,NH,""
2022-01-26,"Coordinated Entry Specialist","Families in Transition",fitnh.org,"Individual & Family Services","$18 an hour",,,Manchester,NH,"3101"
2022-01-27,"Events Director","Visionary Access, Inc.",visionary.is,"Venture Capital & Private Equity","$39.9K – $50.5K a year",Remote,,Manchester,NH,""
2022-01-26,"Supervisor of Volunteer Advocates","CASA of New Hampshire",,,"$39.4K – $50K a year",,"Rimmon Heights area",Manchester,NH,"3102"
2022-01-27,"Payroll and Accounting Associate","Intelligent Manufacturing Solutions, LLC (IMS)",,,"Up to $25 an hour",,"Lower South Willow/Airport area",Manchester,NH,"3103"
2022-01-26,"Economic Consultant (Remote)","ITR Economics",itreconomics.com,"Management Consulting","$69.9K – $88.5K a year",Remote,,Manchester,NH,"3103"
2022-01-26,"Program Manager-Housing","Families in Transition",fitnh.org,"Individual & Family Services","$46.3K – $58.7K a year",,,Manchester,NH,"3103"
2022-01-26,"Payroll Operations Specialist - $50K-$62K","BFOS - Business Office",,,"$50,000 - $62,000 a year",,"Somerville area",Manchester,NH,"3103"
2022-01-26,"Practice Manager","Best Friends Animal Hospital",bestfriendsah.com,"Consumer Services","$60.5K – $76.5K a year",,"Goffs Falls area",Manchester,NH,"3103"
2022-01-28,"Front-End Web Developer - Virtual/Remote","Arch Advisory Group",archadvisorygroup.com,,"$63.9K – $80.9K a year",Remote,,Manchester,NH,""
2022-01-26,"Staff Perfusionist","Catholic Medical Center",catholicmedicalcenter.org,"Hospital & Health Care","$63K – $79.8K a year",,"Notre Dame area",Manchester,NH,"3102"
2022-01-27,"Product Manager","Emerson Ecologics",emersonecologics.com,"Health, Wellness & Fitness","$94.2K – $119K a year",,"North of Bridge area",Manchester,NH,"3101"
2022-01-28,"Substance Abuse Counselor","Comprehensive Treatment Centers",cartersvillectc.com,"Hospital & Health Care","$40.9K – $51.9K a year",,"Downtown area",Manchester,NH,""
2022-01-27,"AutoFair Automotive Office Manager","AutoFair Automotive Group",autofair.com,Automotive,"$36.7K – $46.5K a year",,,Manchester,NH,""
2022-01-26,"Petroleum Field Service Technician",WildcoPES,wildcopes.com,"Oil & Energy","$21 an hour",,,Manchester,NH,"3103"
2022-01-26,"Web Development Manager","Easterseals NH",eastersealsnh.org,"Nonprofit Organization Management","$65,000 - $80,000 a year",,,Manchester,NH,"3103"
2022-01-26,"Manufacturing Engineering Manager","Merrimack Manufacturing",merrimackmanufacturing.com,"Mechanical Or Industrial Engineering","$86.4K – $109K a year",,,Manchester,NH,"3101"
2022-01-27,"AutoFair BDC Business Development Manager","AutoFair Automotive Group",autofair.com,Automotive,"$58.6K – $74.2K a year",,,Manchester,NH,""
2022-01-27,"Practice Manager",Suveto,suveto.com,Veterinary,"$60.5K – $76.5K a year",,,Manchester,NH,""
2022-01-26,"Automotive Office Manager","AutoFair Automotive Group",autofair.com,Automotive,"$36.7K – $46.5K a year",,,Manchester,NH,""
2022-01-26,"Retail Store Manager in Training, Flooring- City, State (ST)","LL Flooring",llflooringcompany.com,Retail,"$23 an hour",,"Southeast Manchester area",Manchester,NH,"3104"
2022-01-27,"Plant Controller","Merrimack Manufacturing",merrimackmanufacturing.com,"Mechanical Or Industrial Engineering","$95.4K – $121K a year",,,Manchester,NH,"3101"
2022-01-27,"BAYLOR REGISTERED NURSE -SURGICAL SERVICES, OPERATING ROOM","Elliot Health System",elliotphysicians.org,,"$72.1K – $91.3K a year",,"Hallsville area",Manchester,NH,"3103"
2022-01-27,"Events Director","Visionary Access, Inc.",visionary.is,"Venture Capital & Private Equity","$39.9K – $50.5K a year",Remote,,Manchester,NH,""
2022-01-26,"Mail Room Clerk","Southern New Hampshire Medical Center",,,"$25.2K – $31.8K a year",,,Nashua,NH,"3060"
2022-01-28,"Job Developer","Southern New Hampshire Services, Inc.",,,"$19.11 an hour",,,Nashua,NH,"3060"
2022-01-28,"Shipping Coordinator","Wakefield Thermal Solutions, Inc.",wakefieldthermal.com,Machinery,"$28.7K – $36.3K a year",,,Nashua,NH,"3063"
2022-01-28,"Store Supervisor Full-Time","Designer Brands (DSW, Camuto Group)",designerbrands.com,Retail,"$24K – $30.4K a year",,,Nashua,NH,"3060"
2022-01-27,"EPAWSS OPM - Manufacturing","BAE Systems",baesystems.com,"Defense & Space",,,,Nashua,NH,"3060"
2022-01-28,"Fabrication Tech IV","BAE Systems",baesystems.com,"Defense & Space",,,,Nashua,NH,"3064"
2022-01-27,"C4ISR Maintainer","BAE Systems",baesystems.com,"Defense & Space",,,,Nashua,NH,"3062"
2022-01-28,"General Manager, Nashua, NH","J.C. Penney Corporation, Inc.",,,"$48.6K – $61.6K a year",,,Nashua,NH,"3060"
2022-01-28,"General Manager, Nashua, NH",JCPenney,cjpenney.com,,"$48.6K – $61.6K a year",,,Nashua,NH,"3060"
2022-01-28,"Process Technician 3","BAE Systems",baesystems.com,"Defense & Space",,,,Nashua,NH,"3060"
2022-01-27,"LPN/MA – Adult Medicine","Foundation Medical Partners",foundmed.com,"Industry:Â  Venture Capital & Private Equity , Finance","$36.9K – $46.7K a year",,,Nashua,NH,"3060"
2022-01-27,"Diabetes Educator – RN (FT), Nashua, NH","D-H Nashua-Southwood Drive",,,"$56.7K – $71.7K a year",,,Nashua,NH,""
2022-01-27,"Diabetes Educator",Dartmouth-Hitchcock,dartmouth-hitchcock.org,"Hospital & Health Care","$59K – $74.8K a year",,,Nashua,NH,""
2022-01-26,"Continuous Improvement Manager","Crane Co.",craneco.com,"Mechanical Or Industrial Engineering","$85.3K – $108K a year",,,Nashua,NH,""
2022-01-26,"Sales Account Manager - School (NH)",Shutterfly,shutterflyinc.com,Internet,"$47K – $59.4K a year",,,Nashua,NH,""
2022-01-27,"Executive Director","Great American Downtown",,,"$45,000 - $58,000 a year",,,Nashua,NH,""
2022-01-28,"Case Manager, Adult Services","Greater Nashua Mental Health",gnmhc.org,"Mental Health Care","$34.6K – $43.8K a year",,,Nashua,NH,"3060"
2022-01-28,"Project / Digital Marketing Manager","MarketReach, Inc.",mreach.com,"Marketing & Advertising","$45,000 - $70,000 a year",,,Nashua,NH,"3063"
2022-01-27,"Events Director","Visionary Access, Inc.",visionary.is,"Venture Capital & Private Equity","$39.9K – $50.5K a year",Remote,,Nashua,NH,""
2022-01-28,"Landscape Maintenance Production Manager","Greenscape Land Design, Inc.",,,"From $55,000 a year",,,Nashua,NH,"3060"
2022-01-27,Buyer,"parallel wireless",parallelwireless.com,Wireless,"$61.8K – $78.2K a year",,,Nashua,NH,"3062"
2022-01-28,"Marketing Project Manager","MarketReach, Inc.",mreach.com,"Marketing & Advertising","$45,000 - $70,000 a year",,,Nashua,NH,"3063"
2022-01-27,"Buyer/ Purchasing Agent",DAPR,,,"$51.6K – $65.4K a year",,,Nashua,NH,"3063"
2022-01-26,"Quality Control Associate","Locus Robotics",locusrobotics.com,"Logistics & Supply Chain","$25 - $28 an hour",,,Nashua,NH,"3062"
2022-01-28,"Front-End Web Developer - Virtual/Remote","Arch Advisory Group",archadvisorygroup.com,,"$63.9K – $80.9K a year",Remote,,Nashua,NH,""
2022-01-28,"Key Account Manager",Navico,navico.com,,"$63.9K – $80.9K a year",,,Nashua,NH,"3060"
2022-01-28,"Key Account Manager",Navico,navico.com,,"$66.6K – $84.4K a year",,,Nashua,NH,"3060"
2022-01-26,"Project Manager-Systems","Resonetics, LLC",resonetics.com,"Medical Devices","$65.6K – $83K a year",,,Nashua,NH,"3060"
2022-01-27,"Drywall Estimator",STP,stp.com,"Consumer Goods","$80,000 - $100,000 a year",,,Nashua,NH,""
2022-01-26,"Payroll Specialist II","Resonetics, LLC",resonetics.com,"Medical Devices","$39.9K – $50.5K a year",,,Nashua,NH,"3060"
2022-01-28,"Operations Manager",DAPR,,,"$49.2K – $62.2K a year",,,Nashua,NH,"3063"
2022-01-26,"Information Technology Manager","Aqueduct Technologies Inc.",aqueducttech.com,"Information Technology & Services","$94.9K – $120K a year",,,Nashua,NH,""
2022-01-26,"Inventory Control Specialist","Locus Robotics",locusrobotics.com,"Logistics & Supply Chain","$20 - $25 an hour",,,Nashua,NH,""
2022-01-28,Controller,"1a Auto Inc",,,"$104K – $132K a year",,,Nashua,NH,"3062"
2022-01-26,"Materials Specialist","Locus Robotics",locusrobotics.com,"Logistics & Supply Chain","$20 - $25 an hour",,,Nashua,NH,"3062"
2022-01-27,"Part Time-Development Associate","Gateways Community Services",gatewayscs.org,"Individual & Family Services","$19.19 - $20.00 an hour",,,Nashua,NH,"3064"
2022-01-27,"HR Operations Specialist","YMCA of Greater Nashua",nmymca.org,"Health, Wellness & Fitness","$20 - $25 an hour",,,Nashua,NH,"3063"
2022-01-27,"Events Director","Visionary Access, Inc.",visionary.is,"Venture Capital & Private Equity","$39.9K – $50.5K a year",Remote,,Nashua,NH,""
2022-01-28,"Testing Automation Associate","Geologics Corporation",geologics.com,"Information Technology & Services","$27.45 - $37.25 an hour",Remote,,Nashua,NH,""
2022-01-24,"1099 All Hazards Preparedness Exercise Support - SME (Vermon...","Summit ET",summitet.com,"Program Development",,,,Manchester,NH,"3103"
2022-01-27,"Director of Product Management",Benelynk,benelynk.com,"Hospital & Health Care","$175,000 - $190,000 a year",Remote,,Manchester,NH,"3103"
2022-01-27,"Director of Product Management",Benelynk,benelynk.com,"Hospital & Health Care","$100,000 - $120,000 a year",Remote,,Manchester,NH,"3103"
2022-01-25,"Corporate Communications Director",Anthem,anthem.com,Insurance,"$77.9K – $98.7K a year",,"Downtown area",Manchester,NH,"3101"
2022-01-27,"Director Digital Solutions",Anthem,anthem.com,Insurance,"$125K – $159K a year",Remote,"Downtown area",Manchester,NH,"3101"
2022-01-26,"Director 1, Project Management",Comcast,comcast.com,Telecommunications,,,,Manchester,NH,"3109"
2022-01-28,"Independent Cost Evaluation (ICE) Manager I","BAE Systems",baesystems.com,"Defense & Space",,,,Nashua,NH,"3062"
