DATE,"Job Title",Company,Website,Industry,Salary,Remote,AREA,City,State,"Zip Code"
03-03-2022,"Social Worker (HCHV Outreach)","US Veterans Health Administration",va.gov,"Government Administration","$61,268 - $96,363 a year",,,Manchester,NH,""
02-03-2022,"Health Technician","US Veterans Health Administration",va.gov,"Government Administration","$40,436 - $52,565 a year",,"Straw/Smyth area",Manchester,NH,"03104"
02-03-2022,"Graduate and Transfer Admissions Specialist I","Southern New Hampshire University",snhu.edu,"Higher Education",,,,Manchester,NH,"03106"
03-03-2022,"Full-Time AP Data Entry Production Specialist","New England Document Systems (NEdocs)",,,"$12 an hour",,,Manchester,NH,""
03-03-2022,"Recreation Aide - Dept. of Public Works","City of Manchester, NH",manchesternh.gov,"Government Administration","From $8.37 an hour",,,Manchester,NH,""
02-03-2022,"Food Service Worker","US Veterans Health Administration",va.gov,"Government Administration","$16.97 - $19.78 an hour",,"Straw/Smyth area",Manchester,NH,"03104"
03-03-2022,"Master Scheduler","Allegro MicroSystems, LLC",allegromicro.com,Semiconductors,,,,Manchester,NH,""
03-03-2022,"Coordinator 1, Technical Product Sales Support - Order Manag...",Comcast,comcast.com,Telecommunications,,,,Manchester,NH,""
03-03-2022,"Recreational Specialist II - Dept. of Public Works","City of Manchester, NH",manchesternh.gov,"Government Administration","From $16.49 an hour",,,Manchester,NH,""
03-03-2022,"Recreational Specialist I - Dept. of Public Works","City of Manchester, NH",manchesternh.gov,"Government Administration","$13.45 an hour",,,Manchester,NH,""
02-03-2022,"Executive Assistant","THE MENTAL HEALTH CENTER OF GREATER MANCHESTER INC",mhcgm.org,"Mental Health Care",,,,Manchester,NH,"03101"
01-03-2022,"Airport Maintenance Worker I - Aviation","City of Manchester, NH",manchesternh.gov,"Government Administration","From $17.37 an hour",,,Manchester,NH,""
03-03-2022,"Front Desk Agent","Springhill Suites Manchester",,,,,"Lower South Willow/Airport area",Manchester,NH,""
01-03-2022,"Pharmacy Technician in Training","Rite Aid",riteaid.com,Retail,,,"North of Bridge area",Manchester,NH,"03101"
03-03-2022,"COUNSELOR - CYPRESS CENTER - 2ND SHIFT","THE MENTAL HEALTH CENTER OF GREATER MANCHESTER INC",mhcgm.org,"Mental Health Care",,,"Hallsville area",Manchester,NH,"03103"
03-03-2022,"Recreation Maintenance Worker (Temporary) Gill Stadium - Dep...","City of Manchester, NH",manchesternh.gov,"Government Administration","$13.45 an hour",,,Manchester,NH,""
03-03-2022,"Crew Team Member",McDonald's,mcdonalds.com,Restaurants,,,"Goffs Falls area",Manchester,NH,"03103"
03-03-2022,"Lifeguard I - Dept. of Public Works","City of Manchester, NH",manchesternh.gov,"Government Administration","$14.40 an hour",,,Manchester,NH,""
02-03-2022,"LifeSet Specialist","Youth Villages",youthvillages.org,"Nonprofit Organization Management","$52,000 - $67,000 a year",,"Straw/Smyth area",Manchester,NH,"03104"
02-03-2022,"Overnight Stocker",Walmart,walmart.com,Retail,"$14 - $18 an hour",,"Southside area",Manchester,NH,"03103"
03-03-2022,"Restaurant Team Member - Crew (1473 - Manchester NH)",Chipotle,,,,,"Southside area",Manchester,NH,"03103"
02-03-2022,"Wealth Management Banking Specialist - Manchester, NH","Bank of America",appianrx.com,"Hospital & Health Care",,,"Downtown area",Manchester,NH,"03101"
03-03-2022,"Assistant Manager","Leslie's Poolmart",lesliespool.com,Retail,,,,Manchester,NH,"03101"
02-03-2022,"Food Service Team Member - Villa Crest Nursing and Retiremen...","Villa Crest Nursing and Retirement Center",,,,,"Youngsville area",Manchester,NH,"03104"
03-03-2022,"Patient Services Representative/Scheduling Coordinator, NEHI...","Catholic Medical Center",catholicmedicalcenter.org,"Hospital & Health Care",,,,Manchester,NH,""
03-03-2022,"Night Auditor","Springhill Suites Manchester",,,,,"Lower South Willow/Airport area",Manchester,NH,""
03-03-2022,"Parks Ranger II - Dept. of Public Works","City of Manchester, NH",manchesternh.gov,"Government Administration","From $44,876 a year",,,Manchester,NH,""
02-03-2022,"Prosecutor (Attorney I) - City Solicitor","City of Manchester, NH",manchesternh.gov,"Government Administration","$67,347 - $96,021 a year",,,Manchester,NH,""
03-03-2022,"Room Attendant","The Residence Inn by Marriot - Manchester",,,,,,Manchester,NH,"03101"
03-03-2022,"Customer Service Representative","Enterprise Holdings",enterpriseholdings.com,"Leisure, Travel & Tourism","Up to $20 an hour",,"Manchester Airport area",Manchester,NH,"03103"
02-03-2022,"Family Intervention Specialist","Youth Villages",youthvillages.org,"Nonprofit Organization Management","$41,000 - $48,000 a year",,"Straw/Smyth area",Manchester,NH,"03104"
02-03-2022,"Emergency Services Dispatcher - Police","City of Manchester, NH",manchesternh.gov,"Government Administration","$19.86 an hour",,,Manchester,NH,""
03-03-2022,"Material Handler - 3rd Shift -Manchester, NH","Prysmian Group",prysmiangroup.com,"Electrical/Electronic Manufacturing",,,"Notre Dame area",Manchester,NH,"03102"
02-03-2022,"Stock Clerk","BJ's Wholesale Club, Inc.",bjs.com,Retail,,,"Southside area",Manchester,NH,"03101"
02-03-2022,"Business Development Representative","Dead River Company",deadriver.com,"Oil & Energy",,,,Manchester,NH,"03108"
03-03-2022,"Maintenance Technician - Wall Street Tower","The Michaels Organization",tmo.com,"Real Estate",,,"Downtown area",Manchester,NH,"03101"
01-03-2022,PCSP,"Ascentria Care Alliance",ascentria.org,"Individual & Family Services",,,,Manchester,NH,""
02-03-2022,"Route Skipper (4-Day Workweek)",Cintas,cintas.com,"Facilities Services",,,"Hallsville area",Manchester,NH,"03103"
02-03-2022,"Line Service Technician","Signature Flight Support",signatureflight.com,Airlines/Aviation,,,,Manchester,NH,""
02-03-2022,"CUSTOMER SERVICE REPRESENTATIVE","Family Dollar",familydollar.com,Retail,,,"Piscataquog area",Manchester,NH,"03102"
01-03-2022,"FT Assistant Seafood Sales Manager",Hannaford,hannaford.com,,,,"Pinardville area",Manchester,NH,"03102"
03-03-2022,"LPN (FT), Pulmonary ? Days","D-H Manchester-Hitchcock Way",,,,,,Manchester,NH,""
03-03-2022,"Sales Associate","Bob's Discount Furniture",mybobs.com,Furniture,,,"Lower South Willow/Airport area",Manchester,NH,"03103"
03-03-2022,"LPN (FT), Pulmonary",Dartmouth-Hitchcock,dartmouth-hitchcock.org,"Hospital & Health Care",,,,Manchester,NH,""
02-03-2022,"CUSTOMER SERVICE REPRESENTATIVE","Family Dollar",familydollar.com,Retail,,,"Kalivas Union area",Manchester,NH,"03103"
02-03-2022,"ASSISTANT STORE MANAGER","Family Dollar",familydollar.com,Retail,,,"Kalivas Union area",Manchester,NH,"03103"
01-03-2022,PCSP,"Ascentria Community Care",,,,,,Manchester,NH,""
02-03-2022,"NBIS Underwater & Topside Inspector","Kleinfelder, Inc.",kleinfelder.com,"Civil Engineering",,,,Manchester,NH,""
01-03-2022,"Full Time Sales Associate - Sleep Expert","Mattress Firm",mattressfirmnewmexico.com,Retail,,,,Manchester,NH,""
03-03-2022,"Recreation Maintenance Worker (Temporary) Golf Course - Dept...","City of Manchester, NH",manchesternh.gov,"Government Administration","$13.45 an hour",,,Manchester,NH,""
02-03-2022,"ASSISTANT STORE MANAGER","Family Dollar",familydollar.com,Retail,,,,Manchester,NH,""
02-03-2022,"Delivery Driver","Dead River Company",deadriver.com,"Oil & Energy",,,,Manchester,NH,"03108"
01-03-2022,"Blocker - 2nd Shift","Velcro USA Inc.",velcro.com,Textiles,,,"Bakersville area",Manchester,NH,"03103"
02-03-2022,"Service Technician - Oil Burner Apprentice","Dead River Company",deadriver.com,"Oil & Energy",,,,Manchester,NH,"03108"
02-03-2022,"Coating Heat Operator","Velcro USA",,,,,"Bakersville area",Manchester,NH,"03103"
01-03-2022,"Claims Adjuster-Auto Damage",Progressive,progressivepartnership.co.uk,"Market Research","$55,000 - $75,000 a year",,"Straw/Smyth area",Manchester,NH,"03104"
03-03-2022,"Recreation Maintenance Worker (Temporary) Aquatics - Dept. o...","City of Manchester, NH",manchesternh.gov,"Government Administration","$13.45 an hour",,,Manchester,NH,""
03-03-2022,"Parks Ranger I - Dept. of Public Works","City of Manchester, NH",manchesternh.gov,"Government Administration","From $41,941 a year",,,Manchester,NH,""
01-03-2022,"Retail Counter Sales","O'Reilly Auto Parts",oreillyauto.com,Retail,,,"Straw/Smyth area",Manchester,NH,"03104"
03-03-2022,"Clinical RN-Emergency Dept, FT 36hrs, Evening Shift","Catholic Medical Center",catholicmedicalcenter.org,"Hospital & Health Care",,,,Manchester,NH,""
02-03-2022,"CUSTOMER SERVICE REPRESENTATIVE","Family Dollar",familydollar.com,Retail,,,"Piscataquog area",Manchester,NH,"03102"
01-03-2022,"One Wrap Plastics - 3rd Shift","Velcro USA Inc.",velcro.com,Textiles,,,"Bakersville area",Manchester,NH,"03103"
02-03-2022,"CUSTOMER SERVICE REPRESENTATIVE","Family Dollar",familydollar.com,Retail,,,"Kalivas Union area",Manchester,NH,"03103"
03-03-2022,"Clinical RN-Emergency Dept, FT 36hrs, Day Shift","Catholic Medical Center",catholicmedicalcenter.org,"Hospital & Health Care",,,,Manchester,NH,""
02-03-2022,"Clinical RN-Emergency Dept, FT 36hrs, Evening Shift","Catholic Medical Center",catholicmedicalcenter.org,"Hospital & Health Care",,,,Manchester,NH,""
03-03-2022,"Barista- $500 Retention Plan","Alltown Fresh",alltownfresh.com,Restaurants,"$250 a week",,"Goffs Falls area",Manchester,NH,"03103"
02-03-2022,"Research Assistant","Square2 Systems",,,"$25 - $30 an hour",,,Manchester,NH,""
02-03-2022,"Customer Service Representative - Hybrid Role","Hubbell, Inc.",,,"$20 - $22 an hour",Remote,,"Hybrid remote in Manchester",NH,""
02-03-2022,Bartender,"Mint Bistro",,,,,"Downtown area",Manchester,NH,"03101"
03-03-2022,"Bank Teller","Bellwether Community Credit Union",bccu.org,Banking,,,"Straw/Smyth area",Manchester,NH,"03104"
02-03-2022,"Entry-Level Developer (Test Automation)",Quintrix,quintrixsolutions.com,"Information Technology & Services","$57,000 a year",,,Manchester,NH,""
03-03-2022,"Clinical Case Manager","Home Base Collaborative Family Counseling",,,"$17 - $22 an hour",,,Manchester,NH,""
03-03-2022,"Medical Assistant/Receptionist","ExpressMED Urgent Care",expressmedcenters.com,"Medical Practice",,,"Downtown area",Manchester,NH,"03101"
02-03-2022,"Pricing Analyst- Hybrid","Hubbell, Inc.",,,,Remote,,"Hybrid remote in Manchester",NH,""
02-03-2022,"Credentialing Department Coordinator","Applied ABC",appliedabc.com,"Mental Health Care","$36,000 - $38,000 a year",,,Manchester,NH,"03104"
01-03-2022,"Staff Assistant","Office of U.S. Senator Jeanne Shaheen",,,"Up to $32,000 a year",,"Downtown area",Manchester,NH,"03101"
01-03-2022,"Local Manager - Bunny Photos","Cherry Hill Programs",cherryhillprograms.com,Photography,,,"Lower South Willow/Airport area",Manchester,NH,"03103"
02-03-2022,"Registered Behavior Technician (RBT) - Manchester, NH","Applied ABC",appliedabc.com,"Mental Health Care",,,,Manchester,NH,"03104"
02-03-2022,Cashier,Walmart,walmart.com,Retail,"From $14 an hour",,"Southside area",Manchester,NH,"03103"
02-03-2022,"Authorization Department Coordinator","Applied ABC",appliedabc.com,"Mental Health Care","$36,000 - $38,000 a year",,,Manchester,NH,"03104"
03-03-2022,"Manager In Training","Nouria Energy",nouriaenergy.com,Retail,,,"Hallsville area",Manchester,NH,"03103"
03-03-2022,"Nursery Teacher","Manchester Child Development Center",,,"$28,000 - $30,000 a year",,"Goffs Falls area",Manchester,NH,"03103"
03-03-2022,"Administrative Assistant/Teacher Child Development Center","Easterseals NH",eastersealsnh.org,"Nonprofit Organization Management",,,,Manchester,NH,""
02-03-2022,"Cashier Day Shift","Convenience Plus",cplushawaii.com,,"$13 - $17 an hour",,"Goffs Falls area",Manchester,NH,"03103"
01-03-2022,"Office Clerk",PayrollMatters,payrollmatters.com,Accounting,"From $15 an hour",,"Somerville area",Manchester,NH,"03103"
01-03-2022,"Manager In Training","Nouria Energy",nouriaenergy.com,Retail,,,,Manchester,NH,"03109"
02-03-2022,"Kennel Technician","Darbster Foundation",,,"$10 - $15 an hour",,"Rimmon Heights area",Manchester,NH,""
01-03-2022,"Welcome Center Representative - Full time","The Granite YMCA - Downtown Manchester",graniteymca.org,"Health, Wellness & Fitness","$13 - $14 an hour",,"Downtown area",Manchester,NH,"03101"
03-03-2022,"Automotive Controller","AutoFair Automotive Group",autofair.com,Automotive,,,,Manchester,NH,""
03-03-2022,"Program Monitor (Overnight)","Community Resources for Justice",crj.org,"Individual & Family Services",,,"North of Bridge area",Manchester,NH,"03101"
03-03-2022,"Full-Time AP Data Entry Production Specialist","New England Document Systems INC",nedocs.com,"Custom Software & Technical Consulting","$12 an hour",,"Southeast Manchester area",Manchester,NH,"03109"
03-03-2022,"Child Development Staff - Per Diem Hours","Easterseals NH",eastersealsnh.org,"Nonprofit Organization Management",,,,Manchester,NH,""
02-03-2022,"Manager Trainee (FT)","Speedway - Region",,,,,,Manchester,NH,""
03-03-2022,"Registered Behavior Technician - Autism Services","Easterseals NH",eastersealsnh.org,"Nonprofit Organization Management",,,,Manchester,NH,""
03-03-2022,"Leased Housing Program Specialist","Manchester Housing and Redevelopment Authority",manchesterhousing.org,,"From $20.29 an hour",,"Corey Square area",Manchester,NH,""
02-03-2022,"Automotive Service Writer","Brutus Auto Repair and Service",,,"$40,000 - $50,000 a year",,"Kalivas Union area",Manchester,NH,"03103"
02-03-2022,"File Request Specialist","Morgan Records Management",arisradiology.com,"Medical Practice","$16 an hour",,"Lower South Willow/Airport area",Manchester,NH,"03103"
03-03-2022,"Full Time Sales Associate Area 4 - 1121 - 887 Hanover St Man...","Nouria Energy",nouriaenergy.com,Retail,,,,Manchester,NH,"03109"
01-03-2022,Interpreter,"International Institute of New England",iine.org,"Nonprofit Organization Management","$20 an hour",,,Manchester,NH,"03104"
01-03-2022,"Commercial Real Estate Paralegal","Feniger and Uliasz LLP",,,"$45,000 - $60,000 a year",,"North of Bridge area",Manchester,NH,"03104"
01-03-2022,Host/Hostess,"The Common Man | Great American Dining",thecman.com,Hospitality,,,"Goffs Falls area",Manchester,NH,"03103"
02-03-2022,"Human Resource Coordinator","Applied ABC",appliedabc.com,"Mental Health Care","$34,000 - $36,000 a year",,,Manchester,NH,"03104"
01-03-2022,"Honda Automotive Service Advisor","AutoFair Automotive Group",autofair.com,Automotive,"From $100,000 a year",,,Manchester,NH,""
01-03-2022,"Retail Sales Associate","Volta Oil Family Brands: Rapid Refill",voltaoil.com,"Oil & Energy","From $15.50 an hour",,"Wolfe Park area",Manchester,NH,"03102"
03-03-2022,"Summer Camp Counselor","Girls Inc. of New Hampshire",,,"$13 - $15 an hour",,,Manchester,NH,""
02-03-2022,"Staffing and Recruitment","Applied ABC",appliedabc.com,"Mental Health Care","$36,000 - $38,000 a year",,,Manchester,NH,"03104"
02-03-2022,"Machine Operator-Wire & Cable-Benefits, Vacation, 401k Match","Marmon Aerospace & Defense",marmon-ad.com,"Defense & Space","$18 - $22 an hour",,"Somerville area",Manchester,NH,"03103"
03-03-2022,"Housekeeper- Full Time","RiverWoods Manchester",rwmanchester.org,"Hospital & Health Care","From $16.50 an hour",,"Northwest Manchester area",Manchester,NH,"03102"
01-03-2022,"Special Educational Needs and Disabilities (sender) Officer","Manchester United",,,,,,Manchester,NH,""
02-03-2022,"Residential House Cleaner","Maid For You",,,,,,Manchester,NH,""
02-03-2022,"Customer Host",Walmart,walmart.com,Retail,"From $14 an hour",,"Southside area",Manchester,NH,"03103"
03-03-2022,"Restaurant Server",Applebee's,,,"Up to $5,000 a month",,"Wolfe Park area",Manchester,NH,"03102"
01-03-2022,"Bunny Character","Cherry Hill Programs",cherryhillprograms.com,Photography,"$12 - $13 an hour",,"Lower South Willow/Airport area",Manchester,NH,"03103"
01-03-2022,"BBQ and Product Mechanical Assembler (FT)","Quick Contractors",quickcontractors.com,"Consumer Services","$800 - $1,500 a week",,,Manchester,NH,""
02-03-2022,"City Carrier Assistant (CCA)","United States Postal Service",usps.com,"Government Administration","$18 - $19 an hour",,"Lower South Willow/Airport area",Manchester,NH,"03103"
02-03-2022,"Laborer- Construction. Infrastructure jobs. Full benefits, p...","R.S. Audley, Inc.",audleyconstruction.com,"Architecture & Planning",,,"Eaton Heights area",Manchester,NH,"03102"
02-03-2022,"Crew Person","Dunkin Donuts | NGP Management",ngpmanagement.com,"Food & Beverages",,,,Manchester,NH,"03104"
02-03-2022,"Crew Person","Dunkin Donuts | NGP Management",ngpmanagement.com,"Food & Beverages",,,,Manchester,NH,"03109"
02-03-2022,"Scheduling Coordinator / Client Services Representative","Interim HealthCare - New Hampshire",,,,,"North of Bridge area",Manchester,NH,"03104"
03-03-2022,"Restaurant Carside Specialist",Applebee's,,,"Up to $3,000 a month",,"Wolfe Park area",Manchester,NH,"03102"
02-03-2022,"Food and Beverage Manager (North Conway, NH)","North Conway Grand Hotel",northconwaygrand.com,"Information Technology & Services",,,,Manchester,NH,""
03-03-2022,,"Hotel Room Attendant $14",,,,,,"The Residence Inn Manchester",,""
01-03-2022,"New Grad LPN- Nurse Residency Program","BAYADA Home Health Care",bayada.com,"Hospital & Health Care",,,,Manchester,NH,""
02-03-2022,"Braid Operator - 3rd Shift","Marmon Aerospace & Defense",marmon-ad.com,"Defense & Space","$18 - $22 an hour",,"Somerville area",Manchester,NH,"03104"
01-03-2022,"Assistant Store Manager","Nouria Energy",nouriaenergy.com,Retail,,,,Manchester,NH,"03102"
02-03-2022,"Crew Person","Dunkin Donuts | NGP Management",ngpmanagement.com,"Food & Beverages",,,,Manchester,NH,"03104"
02-03-2022,"Crew Person","Dunkin Donuts | NGP Management",ngpmanagement.com,"Food & Beverages",,,,Manchester,NH,"03104"
02-03-2022,"Crew Person","Dunkin Donuts | NGP Management",ngpmanagement.com,"Food & Beverages",,,,Manchester,NH,"03104"
02-03-2022,"Crew Person","Dunkin Donuts | NGP Management",ngpmanagement.com,"Food & Beverages",,,,Manchester,NH,"03103"
02-03-2022,"Crew Person","Dunkin Donuts | NGP Management",ngpmanagement.com,"Food & Beverages",,,,Manchester,NH,"03103"
02-03-2022,"Crew Person","Dunkin Donuts | NGP Management",ngpmanagement.com,"Food & Beverages",,,,Manchester,NH,"03103"
02-03-2022,"Crew Person","Dunkin Donuts | NGP Management",ngpmanagement.com,"Food & Beverages",,,,Manchester,NH,"03103"
02-03-2022,"Crew Person","Dunkin Donuts | NGP Management",ngpmanagement.com,"Food & Beverages",,,,Manchester,NH,"03103"
02-03-2022,"Crew Person","Dunkin Donuts | NGP Management",ngpmanagement.com,"Food & Beverages",,,,Manchester,NH,"03103"
02-03-2022,"Crew Person","Dunkin Donuts | NGP Management",ngpmanagement.com,"Food & Beverages",,,,Manchester,NH,"03103"
02-03-2022,"Crew Person","Dunkin Donuts | NGP Management",ngpmanagement.com,"Food & Beverages",,,,Manchester,NH,"03103"
01-03-2022,"Crew Person","Dunkin Donuts | NGP Management",ngpmanagement.com,"Food & Beverages",,,,Manchester,NH,"03103"
02-03-2022,"Crew Person","Dunkin Donuts | NGP Management",ngpmanagement.com,"Food & Beverages",,,,Manchester,NH,"03103"
03-03-2022,"Vault Attendant",GardaWorld,gardaglobal.com,,"$16.50 - $19.50 an hour",,,Manchester,NH,"03103"
02-03-2022,"3rd Shift Machine Operators- 12AM - 8AM","Marmon Aerospace & Defense",marmon-ad.com,"Defense & Space","$19 - $22 an hour",,"Somerville area",Manchester,NH,"03103"
02-03-2022,Housekeeper/cleaner,"Merry Maids",merry-maids.com,,"$13 - $17 an hour",,,Manchester,NH,""
03-03-2022,"Outbound Sales Rep",Connection,,,,,,Manchester,NH,""
01-03-2022,"Parts Shipper/Receiver/Driver - Mercedes-Benz of Manchester","Group 1 Automotive, Inc.",freedomchevy.com,Automotive,,,"Southside area",Manchester,NH,"03103"
01-03-2022,"Assistant Local Manager","Cherry Hill Programs",cherryhillprograms.com,Photography,,,"Lower South Willow/Airport area",Manchester,NH,"03103"
01-03-2022,"Photographer - Bunny Photos","Cherry Hill Programs",cherryhillprograms.com,Photography,,,"Lower South Willow/Airport area",Manchester,NH,"03103"
03-03-2022,"Housekeeping Assistant - Maple Leaf HealthCare Center","Maple Leaf HealthCare Center",,,,,,Manchester,NH,"03104"
03-03-2022,"Warehouse Associate",Adientone,adientone.com,"Staffing & Recruiting","Up to $20 an hour",,,Manchester,NH,"03109"
02-03-2022,"Field Service Specialist",Cennox,cennox.com,"Information Technology & Services","Up to $25 an hour",,,Manchester,NH,""
02-03-2022,"Guest Service Associate ** $500 Retention Plan**3rd Shift",Alltown,alltown.com,Supermarkets,"From $15 an hour",,"Southside area",Manchester,NH,"03103"
03-03-2022,"Speech Language Pathologist -School","Easterseals NH",eastersealsnh.org,"Nonprofit Organization Management",,,,Manchester,NH,""
03-03-2022,Paraprofessional,"Easterseals NH",eastersealsnh.org,"Nonprofit Organization Management","$15.50 an hour",,,Manchester,NH,""
01-03-2022,"Dorm Life Advisor, Late/Overnight","NH Job Corps",,,"From $16 an hour",,"Northwest Manchester area",Manchester,NH,"03102"
03-03-2022,"Warehouse associate","Capstone Logistics LLC",capstonelogistics.com,"Logistics & Supply Chain","$800 - $1,000 a week",,,Manchester,NH,"03101"
01-03-2022,"Crew Member","Wendy's | Hamra Enterprises",,,,,"Southeast Manchester area",Manchester,NH,"03109"
01-03-2022,"Residential House Cleaner $18/hr-$25/hr",USCS,ucsc.edu,"Higher Education","$18 - $25 an hour",,,Manchester,NH,""
02-03-2022,LPN,"The Courville at Manchester",thecourvilles.com,"Hospital & Health Care",,,"North of Bridge area",Manchester,NH,"03104"
02-03-2022,"Registered Nurse Case Manager","Interim HealthCare - New Hampshire",,,,,"North of Bridge area",Manchester,NH,"03104"
03-03-2022,"Pediatric Speech Language Pathologist","Easterseals NH",eastersealsnh.org,"Nonprofit Organization Management",,,,Manchester,NH,""
01-03-2022,"Homecare Scheduler",Allpro,allprocorp.com,Construction,,,,Manchester,NH,""
01-03-2022,"Business Development Manager","Cozzini Bros., Inc.",cozzinibros.com,"Food Production","Up to $80,000 a year",,,Manchester,NH,""
01-03-2022,"Youth Support Specialist Float-All Youth Count Program","Easterseals NH",eastersealsnh.org,"Nonprofit Organization Management","$16.38 an hour",,,Manchester,NH,""
02-03-2022,"Registered Nurse / RN","Interim HealthCare - New Hampshire",,,,,"North of Bridge area",Manchester,NH,"03104"
02-03-2022,"2nd shift Machine Operator- Mon-Fri, Paid Holidays, Benefits","Marmon Aerospace & Defense",marmon-ad.com,"Defense & Space","$18 - $20 an hour",,"Somerville area",Manchester,NH,"03103"
01-03-2022,"Framing crew labor","Morgan Exteriors",,,"From $23 an hour",,,Manchester,NH,""
01-03-2022,"General Construction Laborer","Infinity Business Solutions, LLC",,,"$15 - $19 an hour",,,Manchester,NH,""
03-03-2022,"Environmental Services",SurgiCleanNH,surgicleannh.com,,"From $15 an hour",,,Manchester,NH,""
03-03-2022,"Customer Service Representative - State Farm Agent Team Memb...","Eduardo Ibanez - State Farm Agent",edibanez.com,,"$13.50 - $18.00 an hour",,,Manchester,NH,"03102"
03-03-2022,"Answering Service Operator","CentraLarm Monitoring",centra-larm.com,Wholesale,"From $14.50 an hour",,"Southeast Manchester area",Manchester,NH,"03109"
03-03-2022,"Driver/Inventory Control Specialist","Legend Services Inc",legendservices.com,,"$17 an hour",,,Manchester,NH,""
03-03-2022,"QC Inspector","Hitachi Cable America Inc.",hitachi-cable.com,"Electrical/Electronic Manufacturing",,,"Southeast Manchester area",Manchester,NH,"03109"
01-03-2022,"Infant Teacher","Manchester Child Development Center",,,"$10 - $14 an hour",,"Goffs Falls area",Manchester,NH,"03103"
02-03-2022,"Caregiver or LNA needed for Client in Manchester, NH","Right at Home Southern NH",,,"$13 - $17 an hour",,,Manchester,NH,""
02-03-2022,Laundry/Housekeeping,"The Courville at Manchester",thecourvilles.com,"Hospital & Health Care",,,"North of Bridge area",Manchester,NH,"03104"
03-03-2022,"Residential Instructors, 3rd shift openings","Easterseals NH",eastersealsnh.org,"Nonprofit Organization Management",,,,Manchester,NH,""
03-03-2022,"Caregivers Wanted-Paid Health Insurance for those who qualif...","Visiting Angels - Auburn",homecareofnh.com,"Medical Practice",,,,Manchester,NH,""
03-03-2022,"Account Manager/Inside Sales Representative","Beeze Tees Screen Printing",,,"From $15 an hour",,"Downtown area",Manchester,NH,"03101"
01-03-2022,"Sales Associate - Bunny Photos","Cherry Hill Programs",cherryhillprograms.com,Photography,,,"Lower South Willow/Airport area",Manchester,NH,"03103"
03-03-2022,"Caregiver - No Experience - Flexible Hours, Paid Training, F...","Right at Home Southern NH",,,"$13 - $17 an hour",,,Manchester,NH,""
03-03-2022,"Associate Teacher - Multiple classrooms","Easterseals NH",eastersealsnh.org,"Nonprofit Organization Management","$15.50 an hour",,,Manchester,NH,"03103"
03-03-2022,"Restaurant Host",Applebee's,,,"Up to $2,200 a month",,"Wolfe Park area",Manchester,NH,"03102"
03-03-2022,"Autism Support Provider","Easterseals NH",eastersealsnh.org,"Nonprofit Organization Management",,,,Manchester,NH,""
03-03-2022,Canvassing,"Milford Superior Roofing and Siding",,,"$15 - $25 an hour",,,Manchester,NH,""
03-03-2022,"Caregivers Wanted-Paid Health Insurance for those who qualif...","Visiting Angels - Auburn",homecareofnh.com,"Medical Practice","$14 - $19 an hour",,,Manchester,NH,""
03-03-2022,"Maintenance Technician",ALOFT,,,"$17 - $20 an hour",,"Highlands area",Manchester,NH,"03103"
01-03-2022,"low voltage Field Service Technician","IT Securetel",itsecuretel.com,,"$13 - $16 an hour",,,Manchester,NH,""
03-03-2022,Chef,Archie's,,,"From $10.50 an hour",,,Manchester,NH,""
01-03-2022,"Landscape laborers and hardscape laborers","imperial landscape & stone",,,"$16 - $30 an hour",,,Manchester,NH,""
02-03-2022,"Maintenance Technician - Wall Street Tower","The Michaels Organization",tmo.com,"Real Estate","$20 an hour",,"Downtown area",Manchester,NH,"03101"
01-03-2022,"Assembler/Coil Winder","Ladesco, Inc.",,,"From $15 an hour",,"North of Bridge area",Manchester,NH,"03101"
03-03-2022,"Stormwater Construction Foreman (Paid Travel)","Apex Companies, LLC",apexcos.com,"Environmental Services",,,,Manchester,NH,""
02-03-2022,LPN,"The Courville at Manchester",thecourvilles.com,"Hospital & Health Care",,,"North of Bridge area",Manchester,NH,"03104"
03-03-2022,"Associate Endodontist","Specialty1 Partners",specialty1partners.com,,,,,Manchester,NH,""
01-03-2022,"Dorm Life Advisor, Overnight","NH Job Corps",,,"From $16 an hour",,"Northwest Manchester area",Manchester,NH,"03102"
01-03-2022,"Chef Assistant",Archie's,,,"From $10.50 an hour",,,Manchester,NH,""
01-03-2022,"Dorm Life Advisor Split Shift","NH Job Corps",,,"From $16 an hour",,"Northwest Manchester area",Manchester,NH,"03102"
01-03-2022,LPN,"The Courville at Manchester",thecourvilles.com,"Hospital & Health Care",,,"North of Bridge area",Manchester,NH,"03104"
01-03-2022,"Dorm Life Advisor, 2nd Shift","NH Job Corps",,,"From $16 an hour",,"Northwest Manchester area",Manchester,NH,"03102"
02-03-2022,"EMT Basic",AMR,anamariarodriguez.com,"Writing & Editing",,,"Bakersville area",Manchester,NH,"03103"
03-03-2022,"Associate Teacher - Preschool classroom","Easterseals NH",eastersealsnh.org,"Nonprofit Organization Management","$15.50 an hour",,,Manchester,NH,"03102"
03-03-2022,"Associate Teacher - Toddler classroom","Easterseals NH",eastersealsnh.org,"Nonprofit Organization Management","$15.50 an hour",,,Manchester,NH,"03103"
02-03-2022,"Library Page - Library","City of Manchester, NH",manchesternh.gov,"Government Administration","From $8.37 an hour",,,Manchester,NH,""
01-03-2022,"Transportation Security Officer (TSO)","TSA (Transportation Security Administration)",tsa.gov,"Government Administration","$18.93 - $27.04 an hour",,,Manchester,NH,""
01-03-2022,"Student - Library Assistant","Southern New Hampshire University",snhu.edu,"Higher Education",,,,Manchester,NH,"03106"
01-03-2022,"Weekend Cashier",Michaels,michaels.com.au,Photography,,,"Southside area",Manchester,NH,"03103"
01-03-2022,"Student - Community Advisor Acknowledgement","Southern New Hampshire University",snhu.edu,"Higher Education",,,,Manchester,NH,"03106"
03-03-2022,"Crew Team Member",McDonald's,mcdonalds.com,Restaurants,,,"Goffs Falls area",Manchester,NH,"03103"
01-03-2022,"Student: Learning Fellows Program","Southern New Hampshire University",snhu.edu,"Higher Education",,,,Manchester,NH,"03106"
01-03-2022,"Student- Athletic Field Operations","Southern New Hampshire University",snhu.edu,"Higher Education",,,,Manchester,NH,"03106"
01-03-2022,"Student-General Lab Assistant","Southern New Hampshire University",snhu.edu,"Higher Education",,,,Manchester,NH,"03106"
03-03-2022,"Retail Sales Associate",Skechers,skechers.com,Retail,"$13.50 an hour",,"Bakersville area",Manchester,NH,"03103"
01-03-2022,"Student Gallery Assistant at The McIninch Art Gallery","Southern New Hampshire University",snhu.edu,"Higher Education",,,,Manchester,NH,"03106"
01-03-2022,"Student- QC Bike Shop & Business Management Assistant (Work-...","Southern New Hampshire University",snhu.edu,"Higher Education",,,,Manchester,NH,"03106"
01-03-2022,"Coffin Center Associate","Southern New Hampshire University",snhu.edu,"Higher Education",,,,Manchester,NH,"03106"
01-03-2022,"Advising Ambassador","Southern New Hampshire University",snhu.edu,"Higher Education",,,,Manchester,NH,"03106"
01-03-2022,"Student-Jayme's Fund Social Media Assistant","Southern New Hampshire University",snhu.edu,"Higher Education",,,,Manchester,NH,"03106"
01-03-2022,"Student - Athletic Equipment and Game/ Events Operations Sta...","Southern New Hampshire University",snhu.edu,"Higher Education",,,,Manchester,NH,"03106"
03-03-2022,"Student- SIE Office Assistant","Southern New Hampshire University",snhu.edu,"Higher Education",,,,Manchester,NH,"03106"
01-03-2022,"Student - Communications Ambassador","Southern New Hampshire University",snhu.edu,"Higher Education",,,,Manchester,NH,"03106"
01-03-2022,"Student- Special Programs Assistant","Southern New Hampshire University",snhu.edu,"Higher Education",,,,Manchester,NH,"03106"
01-03-2022,"Early Morning Stocking - 12 am Trucks",Michaels,michaels.com.au,Photography,,,"Southside area",Manchester,NH,"03103"
01-03-2022,"Student- Center Associate, Women's Center","Southern New Hampshire University",snhu.edu,"Higher Education",,,,Manchester,NH,"03106"
01-03-2022,"IDEA Lab Assistant","Southern New Hampshire University",snhu.edu,"Higher Education",,,,Manchester,NH,"03106"
01-03-2022,"Student-SETA Deans' Office Assistant","Southern New Hampshire University",snhu.edu,"Higher Education",,,,Manchester,NH,"03106"
01-03-2022,"Student-School of Business Assistant","Southern New Hampshire University",snhu.edu,"Higher Education",,,,Manchester,NH,"03106"
01-03-2022,"Student- Copies Plus Staff (Work-Study Only)","Southern New Hampshire University",snhu.edu,"Higher Education",,,,Manchester,NH,"03106"
01-03-2022,"Student - Front Desk Assistant, Wolak Learning Center","Southern New Hampshire University",snhu.edu,"Higher Education",,,,Manchester,NH,"03106"
01-03-2022,"Student- Athletic Marketing Assistant","Southern New Hampshire University",snhu.edu,"Higher Education",,,,Manchester,NH,"03106"
01-03-2022,"Student Co-coordinator | Interfaith Prayer Room","Southern New Hampshire University",snhu.edu,"Higher Education",,,,Manchester,NH,"03106"
01-03-2022,"Student Worker ? Esports Team and Event Manager","Southern New Hampshire University",snhu.edu,"Higher Education",,,,Manchester,NH,"03106"
01-03-2022,"Student- McAuliffe-Shepard Discovery Center Visitor Services...","Southern New Hampshire University",snhu.edu,"Higher Education",,,,Manchester,NH,"03106"
01-03-2022,"Dispatcher - Part Time - Aviation","City of Manchester, NH",manchesternh.gov,"Government Administration","$17.60 an hour",,,Manchester,NH,""
01-03-2022,"Student- Animal Rescue League Community Engagement Assistant...","Southern New Hampshire University",snhu.edu,"Higher Education",,,,Manchester,NH,"03106"
01-03-2022,"Student - Graduate IT Teaching Assistant","Southern New Hampshire University",snhu.edu,"Higher Education",,,,Manchester,NH,"03106"
01-03-2022,"Student- Families in Transition IT Support Assistant (Work-S...","Southern New Hampshire University",snhu.edu,"Higher Education",,,,Manchester,NH,"03106"
01-03-2022,"Student- Social Media Coordinator, Wellness Center","Southern New Hampshire University",snhu.edu,"Higher Education",,,,Manchester,NH,"03106"
01-03-2022,"Wellness Center Office Assistant","Southern New Hampshire University",snhu.edu,"Higher Education",,,,Manchester,NH,"03106"
01-03-2022,"Makerspace Assistant","Southern New Hampshire University",snhu.edu,"Higher Education",,,,Manchester,NH,"03106"
01-03-2022,"Student - Center Associate / Agent of Change","Southern New Hampshire University",snhu.edu,"Higher Education",,,,Manchester,NH,"03106"
01-03-2022,"Student- NH Audubon Ground Monitor (Work-Study only)","Southern New Hampshire University",snhu.edu,"Higher Education",,,,Manchester,NH,"03106"
01-03-2022,"Student- Weight Room Attendant (Work Study)","Southern New Hampshire University",snhu.edu,"Higher Education",,,,Manchester,NH,"03106"
01-03-2022,"Student Team Manager","Southern New Hampshire University",snhu.edu,"Higher Education",,,,Manchester,NH,"03106"
01-03-2022,"Student- International Student Ambassador (University Paid)","Southern New Hampshire University",snhu.edu,"Higher Education",,,,Manchester,NH,"03106"
01-03-2022,"Event Management Specialist","Southern New Hampshire University",snhu.edu,"Higher Education",,,,Manchester,NH,"03106"
01-03-2022,"Student- Last Chapter Pub","Southern New Hampshire University",snhu.edu,"Higher Education",,,,Manchester,NH,"03106"
01-03-2022,"Student- Recreational Sport Supervisor","Southern New Hampshire University",snhu.edu,"Higher Education",,,,Manchester,NH,"03106"
03-03-2022,"Restaurant Team Member - Crew (1473 - Manchester NH)",Chipotle,,,,,"Southside area",Manchester,NH,"03103"
03-03-2022,"PT Pharmacy Technician",Hannaford,hannaford.com,,,,"Pinardville area",Manchester,NH,"03102"
01-03-2022,"Student- Media Power Youth Program Assistant (Work-Study onl...","Southern New Hampshire University",snhu.edu,"Higher Education",,,,Manchester,NH,"03106"
01-03-2022,"Student_Student Access Leader","Southern New Hampshire University",snhu.edu,"Higher Education",,,,Manchester,NH,"03106"
01-03-2022,"Resident Assistant Acknowledgement","Southern New Hampshire University",snhu.edu,"Higher Education","$100 a day",,,Manchester,NH,"03106"
01-03-2022,"Associate Reporting Specialist","Southern New Hampshire University",snhu.edu,"Higher Education",,,,Manchester,NH,"03106"
01-03-2022,"IT Helpdesk Assistant","Southern New Hampshire University",snhu.edu,"Higher Education",,,,Manchester,NH,"03106"
01-03-2022,"Student - Media Services Production Assistant","Southern New Hampshire University",snhu.edu,"Higher Education",,,,Manchester,NH,"03106"
02-03-2022,"Member Service Representative, Manchester, Part-Time","Digital Federal Credit Union",dcu.org,Banking,,,,Manchester,NH,"03103"
01-03-2022,"Student- Peer Educator","Southern New Hampshire University",snhu.edu,"Higher Education",,,,Manchester,NH,"03106"
01-03-2022,"Student- Concierge Desk Staff (Work-Study Only)","Southern New Hampshire University",snhu.edu,"Higher Education",,,,Manchester,NH,"03106"
03-03-2022,"Retail Floor Leader (Key Holder)",Skechers,skechers.com,Retail,"$14.76 an hour",,"Bakersville area",Manchester,NH,"03103"
01-03-2022,"Student- Fitness Center Assistant (Work Study)","Southern New Hampshire University",snhu.edu,"Higher Education",,,,Manchester,NH,"03106"
03-03-2022,"Retail Assistant Store Manager (Part Time)",Skechers,skechers.com,Retail,"$16.13 an hour",,"Bakersville area",Manchester,NH,"03103"
01-03-2022,"Bartenders and Catering Staff","Southern New Hampshire University",snhu.edu,"Higher Education",,,,Manchester,NH,"03106"
02-03-2022,"Teller, Manchester, Part-Time","Digital Federal Credit Union",dcu.org,Banking,,,,Manchester,NH,"03103"
03-03-2022,"Room Attendant","The Residence Inn by Marriot - Manchester",,,,,,Manchester,NH,"03101"
01-03-2022,"Student- The Way Home Homework Zone Assistant and Children?s...","Southern New Hampshire University",snhu.edu,"Higher Education",,,,Manchester,NH,"03106"
01-03-2022,"Student-SETA Deans' Office Assistant","Southern New Hampshire University",snhu.edu,"Higher Education",,,,Manchester,NH,"03106"
01-03-2022,"Student- Salvation Army/Kids? Caf? Assistant (Work-Study onl...","Southern New Hampshire University",snhu.edu,"Higher Education",,,,Manchester,NH,"03106"
01-03-2022,"Student- 21st Century Program Assistant(Work-Study only)","Southern New Hampshire University",snhu.edu,"Higher Education",,,,Manchester,NH,"03106"
01-03-2022,"Student- Caregivers Warehouse Support Assistant (Work-Study...","Southern New Hampshire University",snhu.edu,"Higher Education",,,,Manchester,NH,"03106"
03-03-2022,"Sales Associate LensCrafters",LensCrafters,lenscrafters.com,"Apparel & Fashion",,,,Manchester,NH,""
03-03-2022,"PT Sanitation Maintenance",Hannaford,hannaford.com,,,,"Pinardville area",Manchester,NH,"03102"
03-03-2022,"Sales Associate LensCrafters",Luxottica,luxottica.com,"Luxury Goods & Jewelry",,,,Manchester,NH,""
03-03-2022,Houseperson,"The Residence Inn by Marriot - Manchester",,,,,,Manchester,NH,"03101"
01-03-2022,"Sales Associate Sunglass Hut","Sunglass Hut",,,,,,Manchester,NH,""
03-03-2022,"Clinical RN-Nursing Float Pool, PT 8hrs, Day Shift","Catholic Medical Center",catholicmedicalcenter.org,"Hospital & Health Care",,,,Manchester,NH,""
01-03-2022,"Sales Associate Sunglass Hut",Luxottica,luxottica.com,"Luxury Goods & Jewelry",,,,Manchester,NH,""
03-03-2022,"Member Services Coordinator","NH Grocers Association",,,"From $16 an hour",,"Downtown area",Manchester,NH,"03101"
03-03-2022,"Barista- $500 Retention Plan","Alltown Fresh",alltownfresh.com,Restaurants,"$250 a week",,"Goffs Falls area",Manchester,NH,"03103"
03-03-2022,"Business Development/Admin Assistant","NH Grocers Association",,,"$15 - $18 an hour",,"Downtown area",Manchester,NH,"03101"
03-03-2022,"Commercial Cleaning",ProCityFacilitiesServices,,,"From $14 an hour",,"Downtown area",Manchester,NH,"03101"
02-03-2022,"Cashier Day Shift","Convenience Plus",cplushawaii.com,,"$13 - $17 an hour",,"Goffs Falls area",Manchester,NH,"03103"
02-03-2022,Bartender,"Mint Bistro",,,,,"Downtown area",Manchester,NH,"03101"
03-03-2022,"Part-Time Bank Teller","Bellwether Community Credit Union",bccu.org,Banking,,,"Straw/Smyth area",Manchester,NH,"03104"
01-03-2022,"Office Assistant","U-Haul International",,,"$13 - $18 an hour",,"Southside area",Manchester,NH,"03103"
03-03-2022,"Part-Time Bar Trivia Host- Manchester,NH","King Trivia Inc.",kingtrivia.com,Entertainment,"$15 - $32 an hour",,,Manchester,NH,""
01-03-2022,"Cleaning Technician Manchester","Office Pride",,,,,,Manchester,NH,"03101"
01-03-2022,"Retail Sales Associate","Volta Oil Family Brands: Rapid Refill",voltaoil.com,"Oil & Energy","From $15.50 an hour",,"Wolfe Park area",Manchester,NH,"03102"
03-03-2022,"Restaurant Server",Applebee's,,,"Up to $5,000 a month",,"Wolfe Park area",Manchester,NH,"03102"
02-03-2022,"City Carrier Assistant (CCA)","United States Postal Service",usps.com,"Government Administration","$18 - $19 an hour",,"Lower South Willow/Airport area",Manchester,NH,"03103"
02-03-2022,"Teller 1-Candia Road-PT-20 hours","Triangle Credit Union",trianglecu.org,Banking,,,,Manchester,NH,"03109"
02-03-2022,"Kennel Technician","Darbster Foundation",,,"$10 - $15 an hour",,"Rimmon Heights area",Manchester,NH,""
03-03-2022,"Restaurant Carside Specialist",Applebee's,,,"Up to $3,000 a month",,"Wolfe Park area",Manchester,NH,"03102"
02-03-2022,"Assistant Store Manager","Dunkin Donuts | NGP Management",ngpmanagement.com,"Food & Beverages",,,,Manchester,NH,"03104"
02-03-2022,"Crew Person","Dunkin Donuts | NGP Management",ngpmanagement.com,"Food & Beverages",,,,Manchester,NH,"03104"
02-03-2022,"Crew Person","Dunkin Donuts | NGP Management",ngpmanagement.com,"Food & Beverages",,,,Manchester,NH,"03109"
03-03-2022,Host,"Mint Bistro",,,"$12 - $13 an hour",,"Downtown area",Manchester,NH,"03101"
02-03-2022,"Crew Person","Dunkin Donuts | NGP Management",ngpmanagement.com,"Food & Beverages",,,,Manchester,NH,"03104"
02-03-2022,"Crew Person","Dunkin Donuts | NGP Management",ngpmanagement.com,"Food & Beverages",,,,Manchester,NH,"03104"
02-03-2022,"Assistant Store Manager","Dunkin Donuts | NGP Management",ngpmanagement.com,"Food & Beverages",,,,Manchester,NH,"03104"
02-03-2022,"Assistant Store Manager","Dunkin Donuts | NGP Management",ngpmanagement.com,"Food & Beverages",,,,Manchester,NH,"03103"
02-03-2022,"Assistant Store Manager","Dunkin Donuts | NGP Management",ngpmanagement.com,"Food & Beverages",,,,Manchester,NH,"03103"
02-03-2022,"Assistant Store Manager","Dunkin Donuts | NGP Management",ngpmanagement.com,"Food & Beverages",,,,Manchester,NH,"03103"
01-03-2022,"Office Assistant","U-Haul International",,,"$13 - $18 an hour",,"Southside area",Manchester,NH,"03103"
01-03-2022,"Cleaning Technician Manchester","Office Pride",,,,,,Manchester,NH,"03101"
01-03-2022,"Retail Sales Associate","Volta Oil Family Brands: Rapid Refill",voltaoil.com,"Oil & Energy","From $15.50 an hour",,"Wolfe Park area",Manchester,NH,"03102"
03-03-2022,"Restaurant Server",Applebee's,,,"Up to $5,000 a month",,"Wolfe Park area",Manchester,NH,"03102"
02-03-2022,"Assistant Store Manager","Dunkin Donuts | NGP Management",ngpmanagement.com,"Food & Beverages",,,,Manchester,NH,"03104"
02-03-2022,"Crew Person","Dunkin Donuts | NGP Management",ngpmanagement.com,"Food & Beverages",,,,Manchester,NH,"03104"
02-03-2022,"Crew Person","Dunkin Donuts | NGP Management",ngpmanagement.com,"Food & Beverages",,,,Manchester,NH,"03109"
02-03-2022,"Assistant Store Manager","Dunkin Donuts | NGP Management",ngpmanagement.com,"Food & Beverages",,,,Manchester,NH,"03104"
02-03-2022,"Assistant Store Manager","Dunkin Donuts | NGP Management",ngpmanagement.com,"Food & Beverages",,,,Manchester,NH,"03103"
02-03-2022,"Assistant Store Manager","Dunkin Donuts | NGP Management",ngpmanagement.com,"Food & Beverages",,,,Manchester,NH,"03103"
02-03-2022,"Assistant Store Manager","Dunkin Donuts | NGP Management",ngpmanagement.com,"Food & Beverages",,,,Manchester,NH,"03103"
02-03-2022,"Assistant Store Manager","Dunkin Donuts | NGP Management",ngpmanagement.com,"Food & Beverages",,,,Manchester,NH,"03103"
02-03-2022,"Assistant Store Manager","Dunkin Donuts | NGP Management",ngpmanagement.com,"Food & Beverages",,,,Manchester,NH,"03103"
02-03-2022,"Assistant Store Manager","Dunkin Donuts | NGP Management",ngpmanagement.com,"Food & Beverages",,,,Manchester,NH,"03103"
02-03-2022,"Assistant Store Manager","Dunkin Donuts | NGP Management",ngpmanagement.com,"Food & Beverages",,,,Manchester,NH,"03103"
02-03-2022,"Assistant Store Manager","Dunkin Donuts | NGP Management",ngpmanagement.com,"Food & Beverages",,,,Manchester,NH,"03103"
02-03-2022,"Assistant Store Manager","Dunkin Donuts | NGP Management",ngpmanagement.com,"Food & Beverages",,,,Manchester,NH,"03103"
02-03-2022,"Assistant Store Manager","Dunkin Donuts | NGP Management",ngpmanagement.com,"Food & Beverages",,,,Manchester,NH,"03104"
03-03-2022,,"Hotel Room Attendant $14",,,,,,"The Residence Inn Manchester",,""
02-03-2022,"Crew Person","Dunkin Donuts | NGP Management",ngpmanagement.com,"Food & Beverages",,,,Manchester,NH,"03103"
02-03-2022,"Crew Person","Dunkin Donuts | NGP Management",ngpmanagement.com,"Food & Beverages",,,,Manchester,NH,"03103"
01-03-2022,"Crew Person","Dunkin Donuts | NGP Management",ngpmanagement.com,"Food & Beverages",,,,Manchester,NH,"03103"
02-03-2022,"Crew Person","Dunkin Donuts | NGP Management",ngpmanagement.com,"Food & Beverages",,,,Manchester,NH,"03103"
02-03-2022,"YMCA Group Instructor/Fitness Instructor","The Granite YMCA - Downtown Manchester",graniteymca.org,"Health, Wellness & Fitness","$15 - $25 an hour",,"Downtown area",Manchester,NH,"03101"
02-03-2022,"Assistant Store Manager","Dunkin Donuts | NGP Management",ngpmanagement.com,"Food & Beverages",,,,Manchester,NH,"03104"
02-03-2022,"Assistant Store Manager","Dunkin Donuts | NGP Management",ngpmanagement.com,"Food & Beverages",,,,Manchester,NH,"03109"
01-03-2022,"Assistant Store Manager","Dunkin Donuts | NGP Management",ngpmanagement.com,"Food & Beverages",,,,Manchester,NH,"03103"
01-03-2022,"Team Member","The Zoo Health Club ( Manchester)",,,"$9 - $12 an hour",,"Southside area",Manchester,NH,"03103"
02-03-2022,"Guest Service Associate ** $500 Retention Plan**3rd Shift",Alltown,alltown.com,Supermarkets,"From $15 an hour",,"Southside area",Manchester,NH,"03103"
01-03-2022,"Assistant Local Manager","Cherry Hill Programs",cherryhillprograms.com,Photography,,,"Lower South Willow/Airport area",Manchester,NH,"03103"
01-03-2022,"Photographer - Bunny Photos","Cherry Hill Programs",cherryhillprograms.com,Photography,,,"Lower South Willow/Airport area",Manchester,NH,"03103"
01-03-2022,"New Grad LPN- Nurse Residency Program","BAYADA Home Health Care",bayada.com,"Hospital & Health Care",,,,Manchester,NH,""
01-03-2022,"Bunny Character","Cherry Hill Programs",cherryhillprograms.com,Photography,"$12 - $13 an hour",,"Lower South Willow/Airport area",Manchester,NH,"03103"
01-03-2022,"Crew Member","Wendy's | Hamra Enterprises",,,,,"Southeast Manchester area",Manchester,NH,"03109"
01-03-2022,"Cleaning Technician Early Evening Hours Manchester","Office Pride",,,,,,Manchester,NH,""
03-03-2022,"Retail Merchandiser (Part Time)","L&R Distributors",lrdist.com,Wholesale,"$13 an hour",,,Manchester,NH,"03103"
02-03-2022,Laundry/Housekeeping,"The Courville at Manchester",thecourvilles.com,"Hospital & Health Care",,,"North of Bridge area",Manchester,NH,"03104"
03-03-2022,"Caregiver - No Experience - Flexible Hours, Paid Training, F...","Right at Home Southern NH",,,"$13 - $17 an hour",,,Manchester,NH,""
03-03-2022,"Restaurant Host",Applebee's,,,"Up to $2,200 a month",,"Wolfe Park area",Manchester,NH,"03102"
02-03-2022,"Health/Wellness Coach","The Granite YMCA - Downtown Manchester",graniteymca.org,"Health, Wellness & Fitness","$12 - $14 an hour",,"Downtown area",Manchester,NH,"03101"
02-03-2022,"SAS Part Time Travel Reset Merchandiser","SAS Retail Services",sasretail.com,Retail,,,"Pinardville area",Manchester,NH,"03102"
02-03-2022,"Caregiver or LNA needed for Client in Manchester, NH","Right at Home Southern NH",,,"$13 - $17 an hour",,,Manchester,NH,""
03-03-2022,"Environmental Services",SurgiCleanNH,surgicleannh.com,,"From $15 an hour",,,Manchester,NH,""
02-03-2022,"Busser / Set-up Customers / Dishwasher","The Red Barn Diner",redbarndinernh.com,,"$10 - $11 an hour",,"Bakersville area",Manchester,NH,"03101"
03-03-2022,"Account Manager/Inside Sales Representative","Beeze Tees Screen Printing",,,"From $15 an hour",,"Downtown area",Manchester,NH,"03101"
03-03-2022,Chef,Archie's,,,"From $10.50 an hour",,,Manchester,NH,""
03-03-2022,"Caregivers Wanted-Paid Health Insurance for those who qualif...","Visiting Angels - Auburn",homecareofnh.com,"Medical Practice","$14 - $19 an hour",,,Manchester,NH,""
02-03-2022,"SAS Part Time Merchandiser","SAS Retail Services",sasretail.com,Retail,,,"Pinardville area",Manchester,NH,"03102"
03-03-2022,Canvassing,"Milford Superior Roofing and Siding",,,"$15 - $25 an hour",,,Manchester,NH,""
02-03-2022,"SAS Part Time Merchandiser","SAS Retail Services",sasretail.com,Retail,,,,Manchester,NH,"03104"
01-03-2022,"Sales Associate - Bunny Photos","Cherry Hill Programs",cherryhillprograms.com,Photography,,,"Lower South Willow/Airport area",Manchester,NH,"03103"
02-03-2022,LPN,"The Courville at Manchester",thecourvilles.com,"Hospital & Health Care",,,"North of Bridge area",Manchester,NH,"03104"
01-03-2022,"Chef Assistant",Archie's,,,"From $10.50 an hour",,,Manchester,NH,""
02-03-2022,"Research Assistant","Square2 Systems",,,"$25 - $30 an hour",,,Manchester,NH,""
01-03-2022,"BBQ and Product Mechanical Assembler (FT)","Quick Contractors",quickcontractors.com,"Consumer Services","$800 - $1,500 a week",,,Manchester,NH,""
03-03-2022,Chef,Archie's,,,"From $10.50 an hour",,,Manchester,NH,""
01-03-2022,"Chef Assistant",Archie's,,,"From $10.50 an hour",,,Manchester,NH,""
01-03-2022,"Local Manager - Bunny Photos","Cherry Hill Programs",cherryhillprograms.com,Photography,,,"Lower South Willow/Airport area",Manchester,NH,"03103"
02-03-2022,"School Photographer",Shutterfly,shutterflyinc.com,Internet,,,,Manchester,NH,""
01-03-2022,"Photographer - Bunny Photos","Cherry Hill Programs",cherryhillprograms.com,Photography,,,"Lower South Willow/Airport area",Manchester,NH,"03103"
01-03-2022,"Assistant Local Manager","Cherry Hill Programs",cherryhillprograms.com,Photography,,,"Lower South Willow/Airport area",Manchester,NH,"03103"
03-03-2022,"Summer Camp Counselor","Girls Inc. of New Hampshire",,,"$13 - $15 an hour",,,Manchester,NH,""
01-03-2022,"Bunny Character","Cherry Hill Programs",cherryhillprograms.com,Photography,"$12 - $13 an hour",,"Lower South Willow/Airport area",Manchester,NH,"03103"
02-03-2022,Laundry/Housekeeping,"The Courville at Manchester",thecourvilles.com,"Hospital & Health Care",,,"North of Bridge area",Manchester,NH,"03104"
01-03-2022,"Sales Associate - Bunny Photos","Cherry Hill Programs",cherryhillprograms.com,Photography,,,"Lower South Willow/Airport area",Manchester,NH,"03103"
03-03-2022,"Delivery Station Team Member","Amazon HVH",,,,,,Nashua,NH,"03063"
03-03-2022,"Engineering Data Analyst II","BAE Systems",baesystems.com,"Defense & Space",,,,Nashua,NH,"03064"
03-03-2022,"Warrior Integration Program","BAE Systems",baesystems.com,"Defense & Space",,,,Nashua,NH,"03060"
03-03-2022,"Retail Sales Representative",Verizon,verizon.co.in,,"$43,000 - $50,000 a year",,,Nashua,NH,"03060"
02-03-2022,"Material Handler II","BAE Systems",baesystems.com,"Defense & Space",,,,Nashua,NH,"03060"
03-03-2022,"Technical Operations Training Specialist","Proto Labs Inc",,,,,,Nashua,NH,"03063"
02-03-2022,"Relationship Banker","Enterprise Bank",enterprisebk.com,,,,,Nashua,NH,"03063"
03-03-2022,"Real Estate Agent - West New Hampshire",Redfin,redfin.com,"Real Estate","Up to $6,000 a month",,,Nashua,NH,""
02-03-2022,Driver,"TILL, Inc.",,,,,,Nashua,NH,""
02-03-2022,"Receiving Clerk","BJ's Wholesale Club, Inc.",bjs.com,Retail,,,,Nashua,NH,"03060"
02-03-2022,"Cyber Security, Information Systems Security Officer (ISSO)","BAE Systems",baesystems.com,"Defense & Space",,,,Nashua,NH,"03064"
03-03-2022,"Microwave Technician II 2nd Shift","BAE Systems",baesystems.com,"Defense & Space",,,,Nashua,NH,"03060"
02-03-2022,"Customer Service Representative","Nuera Transport Inc",,,,,,Nashua,NH,"03062"
03-03-2022,"Restaurant Team Member - Crew (1737 - Nashua_Amherst Street)",Chipotle,,,,,,Nashua,NH,"03063"
01-03-2022,"Assistant Studio Manager","Orangetheory Fitness Empire",,,"$15 - $16 an hour",,,Nashua,NH,"03062"
01-03-2022,"membership sales open avaliability","BJ's Wholesale Club, Inc.",bjs.com,Retail,,,,Nashua,NH,"03060"
02-03-2022,"Territory Manager, New Hampshire - REMOTE, Field Based Role","Juul Labs",juullabs.com,"Consumer Goods",,Remote,,"Remote in Nashua",NH,""
02-03-2022,"Early Head Start Home Visitor - Nashua, NH","Southern New Hampshire Services",,,"$16.10 - $18.05 an hour",,,Nashua,NH,"03060"
03-03-2022,"Hardware Assembler I","Proto Labs Inc",,,,,,Nashua,NH,"03063"
02-03-2022,"Delivery Driver-NH","Toward Independent Living and Learning",tillinc.org,"Individual & Family Services","$16 an hour",,,Nashua,NH,"03063"
02-03-2022,"Precast Concrete Inspector - Full Time/Part Time - Hudson, N...",Pennoni,pennoni.com,Design,,,,Nashua,NH,""
03-03-2022,"PATIENT ACCESS REPRESENTATIVE","Covenant Health",covenanthealth.org,"Hospital & Health Care",,,,Nashua,NH,"03061"
03-03-2022,"Retail Sales Representative",Verizon,verizon.co.in,,"$43,000 - $50,000 a year",,,Nashua,NH,"03060"
03-03-2022,"Retail Sales Representative",Verizon,verizon.co.in,,"$43,000 - $50,000 a year",,,Nashua,NH,"03060"
02-03-2022,"CUSTOMER SERVICE REPRESENTATIVE","Family Dollar",familydollar.com,Retail,,,,Nashua,NH,"03060"
03-03-2022,"Assistant Manager","Leslie's Poolmart",lesliespool.com,Retail,,,,Nashua,NH,"03060"
03-03-2022,"UNIT CUSTODIAL DIRECTOR - NASHUA, NH","Compass Group Careers",,,,,,Nashua,NH,""
02-03-2022,"Part Time Teller, Nashua, NH","Santander US",santanderus.com,"Financial Services",,,,Nashua,NH,""
01-03-2022,"Teller I (US) Nashua 300 Main","TD Bank",yesbank.com,Banking,,,,Nashua,NH,""
02-03-2022,"Direct Support Professional","TILL, Inc.",,,"$18 an hour",,,Nashua,NH,""
01-03-2022,"Stand alone gas station tm","BJ's Wholesale Club, Inc.",bjs.com,Retail,,,,Nashua,NH,"03060"
02-03-2022,"Store Manager","East Side Enterprise",,,,,,Nashua,NH,""
03-03-2022,"Microwave Technician II Weekend Nights","BAE Systems",baesystems.com,"Defense & Space",,,,Nashua,NH,"03060"
03-03-2022,"PHYSICIAN PRACTICE","Covenant Health",covenanthealth.org,"Hospital & Health Care",,,,Nashua,NH,"03061"
01-03-2022,"Pharmacy Technician in Training","Rite Aid",riteaid.com,Retail,,,,Nashua,NH,"03064"
02-03-2022,"ASSISTANT STORE MANAGER","Family Dollar",familydollar.com,Retail,,,,Nashua,NH,"03060"
03-03-2022,"Restaurant Team Member - Crew (1373 - Daniel Webster Highway...",Chipotle,,,,,,Nashua,NH,"03060"
01-03-2022,"Store Assistant Manager- Nashua/Amherst, NH",Sherwin-Williams,myhealthcentre.ca,"Hospital & Health Care",,,,Nashua,NH,""
02-03-2022,"Entry Level Construction Technician","Kleinfelder, Inc.",kleinfelder.com,"Civil Engineering","$16 an hour",,,Nashua,NH,""
02-03-2022,"NURSE GRADUATE","Covenant Health",covenanthealth.org,"Hospital & Health Care",,,,Nashua,NH,"03061"
01-03-2022,"REGISTERED NURSE-CRITICAL CARE","Covenant Health",covenanthealth.org,"Hospital & Health Care",,,,Nashua,NH,"03061"
02-03-2022,"NURSE GRADUATE","Covenant Health",covenanthealth.org,"Hospital & Health Care",,,,Nashua,NH,"03061"
02-03-2022,"NURSE GRADUATE","Covenant Health",covenanthealth.org,"Hospital & Health Care",,,,Nashua,NH,"03061"
02-03-2022,"NURSE GRADUATE","Covenant Health",covenanthealth.org,"Hospital & Health Care",,,,Nashua,NH,"03061"
02-03-2022,"NURSE GRADUATE","Covenant Health",covenanthealth.org,"Hospital & Health Care",,,,Nashua,NH,"03061"
01-03-2022,"Dental Receptionist","Nashua Riverfront Dentistry",,,"$18 - $22 an hour",,,Nashua,NH,"03060"
03-03-2022,"Call Center Representative","Active/Balanced Healthcare Receivables",,,,,,Nashua,NH,"03060"
03-03-2022,"Customer Care Representative","School Specialty, LLC",schoolspecialty.com,"Education Management","$15 - $18 an hour",Remote,,"Remote in Nashua",NH,""
02-03-2022,"Front Desk Receptionist","Infiniti of Nashua",infinitiofnashua.com,Automotive,"$16 - $19 an hour",,,Nashua,NH,"03060"
03-03-2022,"Delivery Driver - Route Driver","Hershey Creamery Company - North",,,"$45,000 - $55,000 a year",,,Nashua,NH,"03060"
01-03-2022,"Front Desk Associate - Full Time","Planet Fitness Club Careers",,,,,,Nashua,NH,"03063"
02-03-2022,"Dining Room Server","The Courville at Nashua-Aynsley",,,,,,Nashua,NH,""
01-03-2022,"Seasonal Professional Consultant","School Specialty, LLC",schoolspecialty.com,"Education Management",,,,Nashua,NH,""
02-03-2022,"Local Manager - Bunny Photos","Cherry Hill Programs",cherryhillprograms.com,Photography,,,,Nashua,NH,"03060"
02-03-2022,"Automotive Service Advisor","Thompson Automotive Group",,,"$55,000 - $80,000 a year",,,Nashua,NH,"03060"
01-03-2022,"Inventory Associate","Victoria secret nashua",,,"$13 - $15 an hour",,,Nashua,NH,""
03-03-2022,"Shift Leader - Full Time","Planet Fitness Club Careers",,,,,,Nashua,NH,"03063"
02-03-2022,Server,"Uno Pizzeria & Grill | Uno Restaurants",,,,,,Nashua,NH,"03060"
01-03-2022,"Retail Sales Associate","Cumberland Farms, Inc.",,,,,,Nashua,NH,"03063"
03-03-2022,"Teller 1/FT 40 hours/DW HWY","Triangle Credit Union",trianglecu.org,Banking,,,,Nashua,NH,"03060"
02-03-2022,"Crew Person","Dunkin Donuts | NGP Management",ngpmanagement.com,"Food & Beverages",,,,Nashua,NH,"03060"
01-03-2022,"Retail Sales Associate","Volta Oil Family Brands: Rapid Refill",voltaoil.com,"Oil & Energy","From $15.50 an hour",,,Nashua,NH,"03060"
01-03-2022,"Campaign Organizer - Entry Level","CADC LLC",cadc-llc.com,,,,,Nashua,NH,""
03-03-2022,"AM Server","Courtyard by Marriott",,,"From $15 an hour",,,Nashua,NH,"03063"
02-03-2022,Teacher,"Humpty Dumpty Learning Center",,,"$14 - $16 an hour",,,Nashua,NH,"03060"
02-03-2022,"Crew Person","Dunkin Donuts | NGP Management",ngpmanagement.com,"Food & Beverages",,,,Nashua,NH,"03064"
01-03-2022,"Crew Person","Dunkin Donuts | NGP Management",ngpmanagement.com,"Food & Beverages",,,,Nashua,NH,"03064"
03-03-2022,"Retail Sales Associate",Macy's,macys.com,Retail,"$13.00 - $13.25 an hour",,,Nashua,NH,"03060"
02-03-2022,"Crew Person","Dunkin Donuts | NGP Management",ngpmanagement.com,"Food & Beverages",,,,Nashua,NH,"03060"
02-03-2022,"Crew Person","Dunkin Donuts | NGP Management",ngpmanagement.com,"Food & Beverages",,,,Nashua,NH,"03060"
03-03-2022,"Real Estate Agent - West New Hampshire",Redfin,redfin.com,"Real Estate",,,,Nashua,NH,""
03-03-2022,"Medical Collections Representative","Active/Balanced Healthcare Receivables",,,,,,Nashua,NH,"03060"
03-03-2022,"Supported Employment Specialist","Greater Nashua Mental Health",gnmhc.org,"Mental Health Care",,,,Nashua,NH,"03060"
02-03-2022,"Bunny Character","Cherry Hill Programs",cherryhillprograms.com,Photography,"$12 - $13 an hour",,,Nashua,NH,"03060"
02-03-2022,"ALLTOWN FRESH- General Manager/Store Manager","Alltown Fresh",alltownfresh.com,Restaurants,,,,Nashua,NH,"03060"
02-03-2022,"Director of First Impressions/Administrative Assistant","G.M. Roth Design Remodeling",,,"From $18 an hour",,,Nashua,NH,"03062"
03-03-2022,"Restaurant Carside Specialist",Applebee's,,,"Up to $3,000 a month",,,Nashua,NH,"03063"
01-03-2022,"Tile installer","Total tile",,,"$18 - $30 an hour",,,Nashua,NH,""
03-03-2022,"Entry Level Technician","Yankee Custom Inc",,,"$18 - $20 an hour",,,Nashua,NH,"03063"
03-03-2022,"Restaurant Server",Applebee's,,,"Up to $5,000 a month",,,Nashua,NH,"03063"
02-03-2022,"Floor and Carpet Technician","THE HUNTINGTON AT NASHUA",silverstoneliving.org,"Medical Devices",,,,Nashua,NH,"03062"
01-03-2022,"LNAs & Caregivers - Create Your Own Schedule!","Home Instead",homeinstead.com.au,"Hospital & Health Care","$16 - $19 an hour",,,Nashua,NH,""
03-03-2022,"Facilities Food Service Technician","Cumberland Farms",nowhiring.com,Retail,"$18 - $30 an hour",,,Nashua,NH,""
02-03-2022,"Outside Sales Account Manager","Terminal Supply Company",,,"From $60,000 a year",,,Nashua,NH,""
02-03-2022,"Accounts Payable Clerk","Resonetics, LLC",resonetics.com,"Medical Devices",,,,Nashua,NH,"03060"
02-03-2022,Host,"Uno Pizzeria & Grill | Uno Restaurants",,,,,,Nashua,NH,"03060"
02-03-2022,"LNA Baylor Program Now Available with FT Opportunities & Ben...","Greenbriar Rehab & Healthcare",greenbriarhc.com,,,,,Nashua,NH,"03062"
03-03-2022,"Dietary Aide: 5:30am- 2:30pm Shift","Greenbriar Rehab & Healthcare",greenbriarhc.com,,,,,Nashua,NH,"03062"
03-03-2022,"Personal Care Aide Need","Greenbriar Rehab & Healthcare",greenbriarhc.com,,,,,Nashua,NH,"03062"
02-03-2022,"Cafe Baker","Seasons Corner Market | East Side Enterprises",eastsidecollisioncenter.net,"Individual & Family Services","$17 an hour",,,Nashua,NH,"03063"
03-03-2022,"Bariatrics? Nurse Practitioner ? Per Diem","Foundation Medical Partners",foundmed.com,"Industry: Venture Capital & Private Equity , Finance",,,,Nashua,NH,"03060"
01-03-2022,,"Warehouse Associate Technician Nashua, NH $18",,,,,,Incora2.9,,""
03-03-2022,"Dental Assistant - FT: 4 days M-Th, DANB RHS/ICE/CDA preferr...","Scott F Bobbitt DMD MAGD PA",,,"$22 - $26 an hour",,,Nashua,NH,"03060"
01-03-2022,"Field Service Representative - Nashua ,NH","Alexandria Moulding",alexmo.com,"Paper & Forest Products","$18 an hour",,,Nashua,NH,"03060"
02-03-2022,"Photographer - Bunny Photos","Cherry Hill Programs",cherryhillprograms.com,Photography,"$10 - $11 an hour",,,Nashua,NH,"03060"
01-03-2022,"Production Team Lead - 2nd Shift","Resonetics, LLC",resonetics.com,"Medical Devices",,,,Nashua,NH,"03060"
01-03-2022,"Insurance Staff Position - State Farm Agent Team Member","Marc Plamondon - State Farm Agent",,,"$40,000 - $70,000 a year",,,Nashua,NH,"03060"
02-03-2022,"Maintenance Assistant","Premier Rehab & Healthcare",premierrehaboflasvegas.com,"Hospital & Health Care",,,,Nashua,NH,"03062"
01-03-2022,"Food Service Leader","Cumberland Farms, Inc.",,,,,,Nashua,NH,"03063"
02-03-2022,Dishwasher,"Uno Pizzeria & Grill | Uno Restaurants",,,,,,Nashua,NH,"03063"
02-03-2022,"Local Manager - Bunny Photos","Cherry Hill Programs",cherryhillprograms.com,Photography,,,,Nashua,NH,"03060"
02-03-2022,"Floor and Carpet Technician","THE HUNTINGTON AT NASHUA",silverstoneliving.org,"Medical Devices",,,,Nashua,NH,"03062"
02-03-2022,"LNA Baylor Program Now Available with FT Opportunities & Ben...","Greenbriar Rehab & Healthcare",greenbriarhc.com,,,,,Nashua,NH,"03062"
03-03-2022,"Dietary Aide: 5:30am- 2:30pm Shift","Greenbriar Rehab & Healthcare",greenbriarhc.com,,,,,Nashua,NH,"03062"
03-03-2022,"Personal Care Aide Need","Greenbriar Rehab & Healthcare",greenbriarhc.com,,,,,Nashua,NH,"03062"
01-03-2022,"Insurance Staff Position - State Farm Agent Team Member","Marc Plamondon - State Farm Agent",,,"$40,000 - $70,000 a year",,,Nashua,NH,"03060"
02-03-2022,Dishwasher,"Uno Pizzeria & Grill | Uno Restaurants",,,,,,Nashua,NH,"03063"
02-03-2022,"Home Health Aide / HHA","Interim HealthCare - New Hampshire",,,,,,Nashua,NH,""
03-03-2022,"Oil Change Assistant Manager","Sparkling Image Car Wash",sparklingimage.com,"Writing & Editing",,,,Nashua,NH,"03060"
03-03-2022,"Restaurant Host",Applebee's,,,"Up to $2,200 a month",,,Nashua,NH,"03063"
03-03-2022,"Oil Change Technician","Sparkling Image Car Wash",sparklingimage.com,"Writing & Editing",,,,Nashua,NH,"03060"
02-03-2022,"Sales Associate - Bunny Photos","Cherry Hill Programs",cherryhillprograms.com,Photography,"$10 - $11 an hour",,,Nashua,NH,"03060"
01-03-2022,"Outside Sales Representative - NH HCO","Community Services of America",,,,,,Nashua,NH,"03063"
02-03-2022,Server,"Uno Pizzeria & Grill | Uno Restaurants",,,,,,Nashua,NH,"03063"
01-03-2022,"Youth Support Specialist Float-Full Time","Easterseals NH",eastersealsnh.org,"Nonprofit Organization Management","$16.38 an hour",,,Nashua,NH,"03063"
02-03-2022,"Caregiver or LNA needed for Client in Facility in Nashua, NH","Right at Home Southern NH",,,"$13 - $17 an hour",,,Nashua,NH,""
02-03-2022,"Shift Leader","Blaze Pizza",blazepizza.com,Restaurants,"$14 an hour",,,Nashua,NH,"03060"
02-03-2022,"Lawn & Landscape Team Leader - Don't Miss this Opportunity!","The Grounds Guys of Nashua",,,"$20 - $28 an hour",,,Nashua,NH,"03063"
02-03-2022,"Delivery Driver","Domino's Pizza | Boston Pie Inc",bpijobs.com,,"Up to $15 an hour",,,Nashua,NH,"03062"
03-03-2022,"In-Home Overnight Caregiver Needed for client in Nashua, NH","Right at Home Southern NH",,,"$13 - $17 an hour",,,Nashua,NH,""
02-03-2022,"Delivery Driver","Domino's Pizza | Boston Pie Inc",bpijobs.com,,"Up to $15 an hour",,,Nashua,NH,"03063"
02-03-2022,"Travel Rehabilitation RN Nashua, NH","Rock Medical Group",rockmedical-group.com,"Staffing & Recruiting","$3,745 a week",,,Nashua,NH,"03060"
01-03-2022,"Youth Support Specialist-Full Time","Easterseals NH",eastersealsnh.org,"Nonprofit Organization Management","$15 an hour",,,Nashua,NH,"03063"
02-03-2022,"Physician Assistant or Nurse Practitioner","ConvenientMD Urgent Care",convenientmd.com,"Hospital & Health Care",,,,Nashua,NH,""
01-03-2022,"Registered Nurse (RN) ***Competitive Benefits*** Premier Reh...","DRIFT Services",drift.com,Internet,,,,Nashua,NH,"03062"
02-03-2022,"Pediatric Nurses - RNs & LPNs","Interim HealthCare - New Hampshire",,,,,,Nashua,NH,""
02-03-2022,"Assistant Manager - Famous Footwear","Famous Footwear",famousfootwear.com,Retail,,,,Nashua,NH,"03060"
02-03-2022,"Cafe Baker","Seasons Corner Market | East Side Enterprises",eastsidecollisioncenter.net,"Individual & Family Services","$17 an hour",,,Nashua,NH,"03063"
02-03-2022,"Cafe Baker","Seasons Corner Market | East Side Enterprises",eastsidecollisioncenter.net,"Individual & Family Services","$17 an hour",,,Nashua,NH,"03063"
02-03-2022,"Cafe Baker","Seasons Corner Market | East Side Enterprises",eastsidecollisioncenter.net,"Individual & Family Services","$17 an hour",,,Nashua,NH,"03063"
02-03-2022,"Cafe Baker","Seasons Corner Market | East Side Enterprises",eastsidecollisioncenter.net,"Individual & Family Services","$17 an hour",,,Nashua,NH,"03063"
02-03-2022,"Cafe Baker","Seasons Corner Market | East Side Enterprises",eastsidecollisioncenter.net,"Individual & Family Services","$17 an hour",,,Nashua,NH,"03063"
02-03-2022,Dishwasher,"Uno Pizzeria & Grill | Uno Restaurants",,,,,,Nashua,NH,"03060"
02-03-2022,"Assistant Local Manager","Cherry Hill Programs",cherryhillprograms.com,Photography,"Up to $13 an hour",,,Nashua,NH,"03060"
02-03-2022,Host,"Uno Pizzeria & Grill | Uno Restaurants",,,,,,Nashua,NH,"03063"
02-03-2022,"Delivery Driver","Domino's Pizza | Boston Pie Inc",bpijobs.com,,"Up to $15 an hour",,,Nashua,NH,"03062"
02-03-2022,"Delivery Driver","Domino's Pizza | Boston Pie Inc",bpijobs.com,,"Up to $15 an hour",,,Nashua,NH,"03063"
02-03-2022,"Sushi / Raw Bar Chef - Nashua","Michael Timothy's Dining Group",mtdininggroup.com,Restaurants,"$18 an hour",,,Nashua,NH,"03060"
01-03-2022,"Youth Support Specialist-Full Time, Nashua","Easterseals NH",eastersealsnh.org,"Nonprofit Organization Management","$15 an hour",,,Nashua,NH,"03063"
02-03-2022,Driver,"TILL, Inc.",,,,,,Nashua,NH,""
02-03-2022,"Delivery Driver-NH","Toward Independent Living and Learning",tillinc.org,"Individual & Family Services","$16 an hour",,,Nashua,NH,"03063"
02-03-2022,"Lab Technician",LensCrafters,lenscrafters.com,"Apparel & Fashion",,,,Nashua,NH,""
02-03-2022,"Lab Technician",Luxottica,luxottica.com,"Luxury Goods & Jewelry",,,,Nashua,NH,""
03-03-2022,"Store Associate",Sherwin-Williams,myhealthcentre.ca,"Hospital & Health Care",,,,Nashua,NH,""
03-03-2022,"Retail Assistant Store Manager (Part Time)",Skechers,skechers.com,Retail,"$16.13 an hour",,,Nashua,NH,"03060"
02-03-2022,"Customer Service Part Time",Lowe's,lowes.com,Retail,,,,Nashua,NH,"03060"
02-03-2022,"Cashier Part Time",Lowe's,lowes.com,Retail,,,,Nashua,NH,"03060"
02-03-2022,"Direct Support Professional","TILL, Inc.",,,"$18 an hour",,,Nashua,NH,""
01-03-2022,"Pharmacy Technician in Training","Rite Aid",riteaid.com,Retail,,,,Nashua,NH,"03064"
03-03-2022,"Restaurant Team Member - Crew (1737 - Nashua_Amherst Street)",Chipotle,,,,,,Nashua,NH,"03063"
02-03-2022,"Part Time Teller, Nashua, NH","Santander US",santanderus.com,"Financial Services",,,,Nashua,NH,""
02-03-2022,"30h Part-Time Associate Banker (Network Expansion) - Nashua...","JPMorgan Chase Bank, N.A.",chase.com,"Financial Services",,,,Nashua,NH,""
01-03-2022,"Customer Service Associate - Temporary",WALGREENS,walgreens.com,Retail,,,,Nashua,NH,"03063"
02-03-2022,"Precast Concrete Inspector - Full Time/Part Time - Hudson, N...",Pennoni,pennoni.com,Design,,,,Nashua,NH,""
03-03-2022,"Retail Sales Jewelry Clerical, Pheasant Lane - Part Time",Macy?s,,,,,,Nashua,NH,"03060"
03-03-2022,"Clinical Nurse ? Clinic (PT), Pediatrics","D-H Nashua-Southwood Drive",,,,,,Nashua,NH,""
03-03-2022,"Restaurant Team Member - Crew (1373 - Daniel Webster Highway...",Chipotle,,,,,,Nashua,NH,"03060"
02-03-2022,"Merchandising Part Time Days",Lowe's,lowes.com,Retail,,,,Nashua,NH,"03060"
02-03-2022,"Warehouse Part Time Days",Lowe's,lowes.com,Retail,,,,Nashua,NH,"03060"
02-03-2022,"Warehouse Part Time Overnight",Lowe's,lowes.com,Retail,,,,Nashua,NH,"03060"
01-03-2022,"Inventory Associate","Victoria secret nashua",,,"$13 - $15 an hour",,,Nashua,NH,""
02-03-2022,"Dining Room Server","The Courville at Nashua-Aynsley",,,,,,Nashua,NH,""
03-03-2022,"Call Center Representative","Active/Balanced Healthcare Receivables",,,,,,Nashua,NH,"03060"
02-03-2022,"Crew Person","Dunkin Donuts | NGP Management",ngpmanagement.com,"Food & Beverages",,,,Nashua,NH,"03060"
01-03-2022,"Overnight Front Desk Associate- Part Time","Planet Fitness Club Careers",,,,,,Nashua,NH,"03063"
02-03-2022,"Crew Person","Dunkin Donuts | NGP Management",ngpmanagement.com,"Food & Beverages",,,,Nashua,NH,"03064"
01-03-2022,"Crew Person","Dunkin Donuts | NGP Management",ngpmanagement.com,"Food & Beverages",,,,Nashua,NH,"03064"
02-03-2022,"Crew Person","Dunkin Donuts | NGP Management",ngpmanagement.com,"Food & Beverages",,,,Nashua,NH,"03060"
02-03-2022,"Crew Person","Dunkin Donuts | NGP Management",ngpmanagement.com,"Food & Beverages",,,,Nashua,NH,"03060"
01-03-2022,"Commercial Cleaning Technician","Office Pride",,,,,,Nashua,NH,"03062"
03-03-2022,"Part Time Overnight Sales Associate Area 1 - Retail - 1123-...","Nouria Energy",nouriaenergy.com,Retail,,,,Nashua,NH,"03064"
03-03-2022,"Restaurant Carside Specialist",Applebee's,,,"Up to $3,000 a month",,,Nashua,NH,"03063"
03-03-2022,"Restaurant Server",Applebee's,,,"Up to $5,000 a month",,,Nashua,NH,"03063"
01-03-2022,"Overnight Sales Associate","Nouria Energy",nouriaenergy.com,Retail,,,,Nashua,NH,"03060"
02-03-2022,"Front Desk Receptionist","Infiniti of Nashua",infinitiofnashua.com,Automotive,"$16 - $19 an hour",,,Nashua,NH,"03060"
02-03-2022,"Door Staff / Security","Casey Magee's Irish Pub & Music Hall",caseymagees.com,,"Up to $18 an hour",,,Nashua,NH,"03060"
03-03-2022,"Part-Time Assistant Manager - Famous Footwear","Famous Footwear",famousfootwear.com,Retail,,,,Nashua,NH,"03060"
03-03-2022,"AM Server","Courtyard by Marriott",,,"From $15 an hour",,,Nashua,NH,"03063"
02-03-2022,"Assistant Store Manager","Dunkin Donuts | NGP Management",ngpmanagement.com,"Food & Beverages",,,,Nashua,NH,"03060"
03-03-2022,"Canvassing Sales Rep","Milford Superior Roofing and Siding",,,"$15 - $25 an hour",,,Nashua,NH,""
01-03-2022,"Dietary Aide","The Courville at Nashua",,,,,,Nashua,NH,"03060"
02-03-2022,"Bunny Character","Cherry Hill Programs",cherryhillprograms.com,Photography,"$12 - $13 an hour",,,Nashua,NH,"03060"
01-03-2022,"Cleaning Team Member Nashua Day Hours","Office Pride",,,,,,Nashua,NH,"03062"
02-03-2022,"Assistant Store Manager","Dunkin Donuts | NGP Management",ngpmanagement.com,"Food & Beverages",,,,Nashua,NH,"03060"
02-03-2022,"Assistant Store Manager","Dunkin Donuts | NGP Management",ngpmanagement.com,"Food & Beverages",,,,Nashua,NH,"03060"
01-03-2022,"Retail Sales Associate","Cumberland Farms, Inc.",,,,,,Nashua,NH,"03063"
01-03-2022,"Alterations Customer Service Representative","David's Bridal",davidsbridal.com,Retail,,,,Nashua,NH,"03060"
01-03-2022,"LNAs & Caregivers - Create Your Own Schedule!","Home Instead",homeinstead.com.au,"Hospital & Health Care","$16 - $19 an hour",,,Nashua,NH,""
02-03-2022,"Cafe Baker","Seasons Corner Market | East Side Enterprises",eastsidecollisioncenter.net,"Individual & Family Services","$17 an hour",,,Nashua,NH,"03063"
01-03-2022,"Retail Sales Associate","Volta Oil Family Brands: Rapid Refill",voltaoil.com,"Oil & Energy","From $15.50 an hour",,,Nashua,NH,"03060"
02-03-2022,"Assistant Store Manager","Dunkin Donuts | NGP Management",ngpmanagement.com,"Food & Beverages",,,,Nashua,NH,"03064"
01-03-2022,"Assistant Store Manager","Dunkin Donuts | NGP Management",ngpmanagement.com,"Food & Beverages",,,,Nashua,NH,"03064"
03-03-2022,"Retail Sales Associate",Macy's,macys.com,Retail,"$13.00 - $13.25 an hour",,,Nashua,NH,"03060"
01-03-2022,"Early Evening Supervisor - Manchester NH, Nashua NH","Office Pride",,,,,,Nashua,NH,"03062"
01-03-2022,"Area Manager Manchester, Merrimack, Nashua NH","Office Pride",,,,,,Nashua,NH,"03062"
02-03-2022,"Photographer - Bunny Photos","Cherry Hill Programs",cherryhillprograms.com,Photography,"$10 - $11 an hour",,,Nashua,NH,"03060"
02-03-2022,"Professional Driver","AmRide LLC",amride.com,"Leisure, Travel & Tourism","$20 - $25 an hour",,,Nashua,NH,""
03-03-2022,"Personal Care Aide Need","Greenbriar Rehab & Healthcare",greenbriarhc.com,,,,,Nashua,NH,"03062"
01-03-2022,"Food Service Leader","Cumberland Farms, Inc.",,,,,,Nashua,NH,"03063"
03-03-2022,"Dietary Aide: 5:30am- 2:30pm Shift","Greenbriar Rehab & Healthcare",greenbriarhc.com,,,,,Nashua,NH,"03062"
01-03-2022,"Cleaner / Floater","Office Pride",,,,,,Nashua,NH,"03062"
03-03-2022,"Part Time Sales Associate 6047","Party City Corporation",,,"$12 - $14 an hour",,,Nashua,NH,"03060"
02-03-2022,"Sales Associate - Bunny Photos","Cherry Hill Programs",cherryhillprograms.com,Photography,"$10 - $11 an hour",,,Nashua,NH,"03060"
01-03-2022,"Part Time Sales Associate","Build-A-Bear Workshop",texasballoonandnovelty.com,Retail,"From $11 an hour",,,Nashua,NH,"03060"
01-03-2022,"Alterations Specialist","David's Bridal",davidsbridal.com,Retail,,,,Nashua,NH,"03060"
01-03-2022,"$18-$20/hr Caregivers needed!","Allied Caregivers",alliedcaregivers.com,,"$18 - $20 an hour",,,Nashua,NH,""
03-03-2022,"Restaurant Host",Applebee's,,,"Up to $2,200 a month",,,Nashua,NH,"03063"
02-03-2022,"Delivery Driver","Domino's Pizza | Boston Pie Inc",bpijobs.com,,"Up to $15 an hour",,,Nashua,NH,"03063"
03-03-2022,"Busser/Food Runner","Michael Timothy's Dining Group",mtdininggroup.com,Restaurants,"$7.25 an hour",,,Nashua,NH,"03060"
02-03-2022,"Shift Leader","Blaze Pizza",blazepizza.com,Restaurants,"$14 an hour",,,Nashua,NH,"03060"
02-03-2022,"Delivery Driver","Domino's Pizza | Boston Pie Inc",bpijobs.com,,"Up to $15 an hour",,,Nashua,NH,"03062"
03-03-2022,"Direct Support Professional, DSP","Gateways Community Services",gatewayscs.org,"Individual & Family Services","$15 an hour",,,Nashua,NH,""
02-03-2022,"Caregiver or LNA needed for Client in Facility in Nashua, NH","Right at Home Southern NH",,,"$13 - $17 an hour",,,Nashua,NH,""
03-03-2022,"DSP - Direct Support Professional","Gateways Community Services",gatewayscs.org,"Individual & Family Services","$15 an hour",,,Nashua,NH,""
03-03-2022,"In-Home Overnight Caregiver Needed for client in Nashua, NH","Right at Home Southern NH",,,"$13 - $17 an hour",,,Nashua,NH,""
01-03-2022,"Residential Direct Support Associate-Part Time Evenings","Easterseals NH",eastersealsnh.org,"Nonprofit Organization Management","$15 an hour",,,Nashua,NH,"03063"
01-03-2022,"Registered Nurse (RN) ***Competitive Benefits*** Premier Reh...","DRIFT Services",drift.com,Internet,,,,Nashua,NH,"03062"
02-03-2022,"Cafe Baker","Seasons Corner Market | East Side Enterprises",eastsidecollisioncenter.net,"Individual & Family Services","$17 an hour",,,Nashua,NH,"03063"
02-03-2022,"Cafe Baker","Seasons Corner Market | East Side Enterprises",eastsidecollisioncenter.net,"Individual & Family Services","$17 an hour",,,Nashua,NH,"03063"
02-03-2022,"Cafe Baker","Seasons Corner Market | East Side Enterprises",eastsidecollisioncenter.net,"Individual & Family Services","$17 an hour",,,Nashua,NH,"03063"
02-03-2022,"Cafe Baker","Seasons Corner Market | East Side Enterprises",eastsidecollisioncenter.net,"Individual & Family Services","$17 an hour",,,Nashua,NH,"03063"
02-03-2022,"Cafe Baker","Seasons Corner Market | East Side Enterprises",eastsidecollisioncenter.net,"Individual & Family Services","$17 an hour",,,Nashua,NH,"03063"
01-03-2022,"Commercial Cleaner Evening Hours Concord NH","Office Pride",,,,,,Nashua,NH,"03062"
01-03-2022,"$14.50/hr Retail Sales Associate - IMMEDIATE INTERVIEWS - Hi...",buybuyBABY,buybuybaby.com,Retail,"$14.50 an hour",,,Nashua,NH,""
02-03-2022,"Assistant Local Manager","Cherry Hill Programs",cherryhillprograms.com,Photography,"Up to $13 an hour",,,Nashua,NH,"03060"
01-03-2022,"Alterations Specialist","David's Bridal",davidsbridal.com,Retail,,,,Nashua,NH,"03060"
02-03-2022,"Delivery Driver","Domino's Pizza | Boston Pie Inc",bpijobs.com,,"Up to $15 an hour",,,Nashua,NH,"03063"
02-03-2022,"Delivery Driver","Domino's Pizza | Boston Pie Inc",bpijobs.com,,"Up to $15 an hour",,,Nashua,NH,"03062"
01-03-2022,"Campaign Organizer - Entry Level","CADC LLC",cadc-llc.com,,,,,Nashua,NH,""
02-03-2022,"Bunny Character","Cherry Hill Programs",cherryhillprograms.com,Photography,"$12 - $13 an hour",,,Nashua,NH,"03060"
02-03-2022,"Photographer - Bunny Photos","Cherry Hill Programs",cherryhillprograms.com,Photography,"$10 - $11 an hour",,,Nashua,NH,"03060"
02-03-2022,"Local Manager - Bunny Photos","Cherry Hill Programs",cherryhillprograms.com,Photography,,,,Nashua,NH,"03060"
02-03-2022,"Sales Associate - Bunny Photos","Cherry Hill Programs",cherryhillprograms.com,Photography,"$10 - $11 an hour",,,Nashua,NH,"03060"
02-03-2022,"Assistant Local Manager","Cherry Hill Programs",cherryhillprograms.com,Photography,"Up to $13 an hour",,,Nashua,NH,"03060"
02-03-2022,"Professional Driver","AmRide LLC",amride.com,"Leisure, Travel & Tourism","$20 - $25 an hour",,,Nashua,NH,""
02-03-2022,"Travel Rehabilitation RN Nashua, NH","Rock Medical Group",rockmedical-group.com,"Staffing & Recruiting","$3,745 a week",,,Nashua,NH,"03060"
