DATE,"Job Title",Company,Website,Industry,Salary,Remote,AREA,City,State,"Zip Code"
2/12/2022,"Regional Specialist, Community Operations","Amazon.com Services LLC",amazon.com,Internet,,,,Philadelphia,PA,""
2/11/2022,"Records Administrator I/II Exam Support Unit","Federal Reserve Bank of Philadelphia",philadelphiafed.org,"Financial Services",,,"Old City area",Philadelphia,PA,"19106"
2/12/2022,"Enrollment Advisor- Columbia AMP",Noodle,noodle.com,"Education Management",,Remote,,"Remote in Philadelphia",PA,""
2/13/2022,"Office Administrative Associate B","Community College of Philadelphia",ccp.edu,"Higher Education","$17.48 - $20.60 an hour",,"Logan Square area",Philadelphia,PA,"19130"
2/13/2022,"Office Administrative Associate","Community College of Philadelphia",ccp.edu,"Higher Education","$17.48 - $20.60 an hour",,"Logan Square area",Philadelphia,PA,"19130"
2/14/2022,"Spanish Medical Interpreter","Children's Hospital of Philadelphia",chop.edu,"Hospital & Health Care",,,"Belmont area",Philadelphia,PA,"19104"
2/12/2022,"Coordinator of Operations, School of Business","La Salle University",lasalle.edu,"Higher Education",,,"Logan area",Philadelphia,PA,"19141"
2/11/2022,"Administrative Coordinator, High School Programs, Wharton Gl...","University of Pennsylvania",kupermanllc.com,"Venture Capital & Private Equity",,,"University City area",Philadelphia,PA,"19104"
2/14/2022,"Program Coordinator; Office of Diversity and Inclusion","Children's Hospital of Philadelphia",chop.edu,"Hospital & Health Care",,,"Point Breeze area",Philadelphia,PA,"19146"
2/11/2022,"Staff Assistant","Philadelphia Gas Works",pgworks.com,Utilities,,,"Ludlow area",Philadelphia,PA,"19122"
2/12/2022,"Regional Program Manager, Community Operations","Amazon.com Services LLC",amazon.com,Internet,,,,Philadelphia,PA,""
2/11/2022,"Office Manager","American Heart Association",heart.org,"Health, Wellness & Fitness",,,"Logan Square area",Philadelphia,PA,"19103"
2/13/2022,"Metadata Management Librarian","Temple University",bci.ca,"Investment Management",,,,Philadelphia,PA,""
2/12/2022,"Office Manager","American Heart Association",heart.org,"Health, Wellness & Fitness",,,"Hartranft area",Philadelphia,PA,"19133"
2/12/2022,"Application Support Analyst","Tendo Systems",tendosystems.com,"Computer Software",,,,Philadelphia,PA,""
2/12/2022,"Technical Project Coordinator IV","TeleWorld Solutions Inc",teleworldsolutions.com,Telecommunications,,Remote,,"Remote in Philadelphia",PA,""
2/13/2022,"CME Conference Planner","Children's Hospital of Philadelphia",chop.edu,"Hospital & Health Care",,,"Point Breeze area",Philadelphia,PA,"19146"
2/12/2022,"Family Service Liaison","Children's Hospital of Philadelphia",chop.edu,"Hospital & Health Care",,,"Graduate Hospital area",Philadelphia,PA,"19146"
2/14/2022,"Child Life Clinical Supervisor","Children's Hospital of Philadelphia",chop.edu,"Hospital & Health Care",,,"Belmont area",Philadelphia,PA,"19104"
2/12/2022,"Financial Administrative Coordinator","University of Pennsylvania",kupermanllc.com,"Venture Capital & Private Equity",,,"University City area",Philadelphia,PA,"19104"
2/12/2022,"Perioperative Administrative Coordinator","University of Pennsylvania Health System",pennmedicine.org,"Hospital & Health Care",,,"University City area",Philadelphia,PA,""
2/12/2022,"Pharmacy IS Analyst","Children's Hospital of Philadelphia",chop.edu,"Hospital & Health Care",,,"Graduate Hospital area",Philadelphia,PA,"19146"
2/13/2022,"Assistant General Manager","Schulson Collective HQ - Philadelphia",michaelschulson.com,Hospitality,,,,Philadelphia,PA,""
2/12/2022,"Manager, Communications","Cozen O'Conner",cozen.com,"Law Practice",,,"Rittenhouse area",Philadelphia,PA,"19103"
2/12/2022,"Digital Copywriter REMOTE","Pyramid Healthcare Inc",pyramidhealthcarepa.com,"Hospital & Health Care",,Remote,,"Remote in Philadelphia",PA,""
2/11/2022,"Academy Leader","GLOBAL LEADERSHIP ACADEMY",,,,,,Philadelphia,PA,"19143"
2/12/2022,"Policy Analyst - PolicyLab","Children's Hospital of Philadelphia",chop.edu,"Hospital & Health Care",,,"Graduate Hospital area",Philadelphia,PA,"19146"
2/12/2022,"Patient Coordinator","Ivy Rehab",ivyrehab.com,"Health, Wellness & Fitness",,,"Old City area",Philadelphia,PA,"19106"
2/12/2022,"IT Manager","Loews Hotels & Co.",loewshotels.com,Hospitality,,,"Washington Square area",Philadelphia,PA,"19107"
2/12/2022,"Associate Scientist","Piper Companies",pipercompanies.com,"Staffing & Recruiting",,,,Philadelphia,PA,""
2/12/2022,"Associate Claims Consultant","The Graham Company",grahamco.com,Insurance,,,"City Center West area",Philadelphia,PA,"19102"
2/13/2022,"Medical Education Executive Secretary","Children's Hospital of Philadelphia",chop.edu,"Hospital & Health Care",,,"Belmont area",Philadelphia,PA,"19104"
2/12/2022,"Instructional Designer, L&D",Comcast,comcast.com,Telecommunications,,,,Philadelphia,PA,"19103"
2/13/2022,"GMP Manufacturing Associate","Children's Hospital of Philadelphia",chop.edu,"Hospital & Health Care",,,"Graduate Hospital area",Philadelphia,PA,"19146"
2/12/2022,"Assistant Lab Manager","Drexel University",drexel.edu,E-Learning,,,"University City area",Philadelphia,PA,"19104"
2/12/2022,"Einstein Philadelphia - Clerk IV","Jefferson - North Philadelphia, PA",,,,,"Olney area",Philadelphia,PA,"19120"
2/12/2022,"Patient Services Associate","University of Pennsylvania Health System",pennmedicine.org,"Hospital & Health Care",,,"University City area",Philadelphia,PA,""
2/12/2022,"Graphic Designer","Genuine Cable Group",genuinecable.com,"Electrical/Electronic Manufacturing",,,"Torresdale area",Philadelphia,PA,"19154"
2/12/2022,"Digital Content Writer","Thermo Fisher Scientific",rwenpower.com,,,Remote,,"Remote in Philadelphia",PA,""
2/12/2022,"Regional Specialist, Community Operations","Amazon.com Services LLC",amazon.com,Internet,,,,Philadelphia,PA,""
2/13/2022,"Academic Coordinator - Division of Urology - Children's Surg...","Children's Hospital of Philadelphia",chop.edu,"Hospital & Health Care",,,"Belmont area",Philadelphia,PA,"19104"
2/12/2022,"Licensing Regulatory Analyst","Janney Montgomery Scott LLC",janney.com,"Financial Services",,Remote,,"Hybrid remote in Philadelphia",PA,""
2/12/2022,"Data Warehousing/ETL Developer",Deloitte,deloitte.com,"Management Consulting",,,"Rittenhouse area",Philadelphia,PA,"19103"
2/12/2022,"Supv, Customer Experience",Comcast,comcast.com,Telecommunications,,,,Philadelphia,PA,"19103"
2/12/2022,"PHLpreK Manager of Strategy, Policy, and Planning","City of Philadelphia",phila.gov,"Government Administration","$65,000 - $75,000 a year",,"Logan Square area",Philadelphia,PA,"19102"
2/12/2022,"InstaMed - Implementation Specialist - Provider - Associate","JPMorgan Chase Bank, N.A.",chase.com,"Financial Services",,,,Philadelphia,PA,""
2/12/2022,PAINTER,"University of Pennsylvania",kupermanllc.com,"Venture Capital & Private Equity",,,"University City area",Philadelphia,PA,"19104"
2/12/2022,"Corporate Underwriter- Philadelphia","Bank of America",appianrx.com,"Hospital & Health Care",,,,Philadelphia,PA,""
2/12/2022,"Talent Acquisition Partner","Jefferson - Center City, Philadelphia, PA",,,,,"City Center East area",Philadelphia,PA,"19107"
2/14/2022,"Epic Grand Central Systems Analyst III","Children's Hospital of Philadelphia",chop.edu,"Hospital & Health Care",,Remote,,"Hybrid remote in Philadelphia",PA,""
2/12/2022,"Department Administrator, Department of History and Departme...","Drexel University",drexel.edu,E-Learning,,,"University City area",Philadelphia,PA,"19104"
2/12/2022,"Director of Restaurants","Schulson Collective HQ - Philadelphia",michaelschulson.com,Hospitality,,,,Philadelphia,PA,""
2/13/2022,"IRB Analyst II","Children's Hospital of Philadelphia",chop.edu,"Hospital & Health Care",,Remote,,"Temporarily Remote in Philadelphia",PA,""
2/12/2022,"Levy Building Administrative Coordinator - Penn Dental Medic...","University of Pennsylvania",kupermanllc.com,"Venture Capital & Private Equity",,,"University City area",Philadelphia,PA,"19104"
2/12/2022,"Office Supervisor - Neurosurgery","Jefferson - Center City, Philadelphia, PA",,,,,"City Center East area",Philadelphia,PA,"19107"
2/12/2022,"Financial Analyst","University of Pennsylvania Health System",pennmedicine.org,"Hospital & Health Care",,,"University City area",Philadelphia,PA,"19104"
2/12/2022,"BDO - Community Banking Manager","S&T Bank",stbank.com,"Financial Services",,,"East Falls area",Philadelphia,PA,"19129"
2/12/2022,"Office Manager","Roadrunner Freight",rrts.com,Transportation/Trucking/Railroad,,,,Philadelphia,PA,""
2/12/2022,"Family & Comm Partnership Mgr","Children's Hospital of Philadelphia",chop.edu,"Hospital & Health Care",,,"Graduate Hospital area",Philadelphia,PA,"19146"
2/12/2022,"Coordinator, Environmental Field Audits","The School District Of Philadelphia",philasd.org,"Education Management",,,,Philadelphia,PA,""
2/11/2022,"Staff Assistant C (Global Health Initiatives)","University of Pennsylvania",kupermanllc.com,"Venture Capital & Private Equity",,,"University City area",Philadelphia,PA,"19104"
2/12/2022,"Manager of Strategic Projects","Drexel University",drexel.edu,E-Learning,,,"University City area",Philadelphia,PA,"19104"
2/12/2022,"Public Relations Account Executive (B2B Tech + Healthcare)","Highwire Public Relations",highwirepr.com,"Public Relations & Communications",,Remote,,"Hybrid remote in Philadelphia",PA,""
2/12/2022,"Automotive Business Consultant","Reynolds and Reynolds",reyrey.com,"Computer Software",,,"Somerton area",Philadelphia,PA,"19019"
2/11/2022,"Assistant Director of Graphic Communications","University of Pennsylvania",kupermanllc.com,"Venture Capital & Private Equity",,,"University City area",Philadelphia,PA,"19104"
2/12/2022,"Manager, Maintenance","Children's Hospital of Philadelphia",chop.edu,"Hospital & Health Care",,,"Belmont area",Philadelphia,PA,"19104"
2/14/2022,"Manager Cardiac EKG Lab","Children's Hospital of Philadelphia",chop.edu,"Hospital & Health Care",,,"Graduate Hospital area",Philadelphia,PA,"19146"
2/12/2022,"Account Manager - Tri-anim Health Services","Sarnova HC, LLC",sarnova.com,"Hospital & Health Care",,Remote,,"Remote in Philadelphia",PA,""
2/12/2022,"Logistics Supervisor","Five Below",fivebelow.com,Retail,,,"Old City area",Philadelphia,PA,"19106"
2/12/2022,"Clinical Documentation Spec","Jefferson - Center City, Philadelphia, PA",,,,,"City Center East area",Philadelphia,PA,"19107"
2/12/2022,"Product Marketing Manager- Remote",Medable,medable.com,Internet,,Remote,,"Remote in Philadelphia",PA,""
2/12/2022,"Marketing Communications Manager",Elsevier,elsevier.com,"Information Technology & Services",,,"Logan Square area",Philadelphia,PA,"19103"
2/13/2022,"Director of Finance","Wyndham Hotels & Resorts",wyndhamhotels.com,Hospitality,,,"Old City area",Philadelphia,PA,"19106"
2/11/2022,"Network Partner Engagement Specialist",Deloitte,deloitte.com,"Management Consulting",,,"Rittenhouse area",Philadelphia,PA,"19103"
2/12/2022,"Program/Project Manager - 4165028",Accenture,cazoodle.com,"Computer Software","$30.11 - $69.18 an hour",,"Logan Square area",Philadelphia,PA,"19103"
2/12/2022,"InstaMed- Associate Product Manager, Associate","JPMorgan Chase Bank, N.A.",chase.com,"Financial Services",,,,Philadelphia,PA,""
2/12/2022,"Research Officers","Drexel University",drexel.edu,E-Learning,,Remote,,"Remote in Philadelphia",PA,""
2/12/2022,"Installation Specialist","Nihon Kohden",nihonkohden.com,"Medical Devices",,,,Philadelphia,PA,"19143"
2/14/2022,"Epic Systems Analyst III","Children's Hospital of Philadelphia",chop.edu,"Hospital & Health Care",,Remote,,"Hybrid remote in Philadelphia",PA,""
2/12/2022,"Grants Manager, Linguistic Data Consortium (LDC)","University of Pennsylvania",kupermanllc.com,"Venture Capital & Private Equity",,,"University City area",Philadelphia,PA,"19104"
2/12/2022,"Unit Safety and Quality Specialist Special Delivery Unit","Children's Hospital of Philadelphia",chop.edu,"Hospital & Health Care",,,"Graduate Hospital area",Philadelphia,PA,"19146"
2/14/2022,"Nursing Professional Developmental Specialist - Transport","Children's Hospital of Philadelphia",chop.edu,"Hospital & Health Care",,,"Graduate Hospital area",Philadelphia,PA,"19146"
2/13/2022,"APP Professional Development Specialist","Children's Hospital of Philadelphia",chop.edu,"Hospital & Health Care",,,"Belmont area",Philadelphia,PA,"19104"
2/11/2022,"InstaMed - Client Services Manager","JPMorgan Chase Bank, N.A.",chase.com,"Financial Services",,,,Philadelphia,PA,""
2/12/2022,"HR GENERALIST","Temple University Health System",templehealth.org,"Hospital & Health Care",,,,Philadelphia,PA,""
2/12/2022,"Administrative Coordinator - Urology","Jefferson - Center City, Philadelphia, PA",,,,,"City Center East area",Philadelphia,PA,"19107"
2/13/2022,"Research Assistant I-Division of Pulmonary and Sleep Medicin...","Children's Hospital of Philadelphia",chop.edu,"Hospital & Health Care",,,"Graduate Hospital area",Philadelphia,PA,"19146"
2/12/2022,"Accounting Coordinator","The Franklin Institute",fi.edu,"Museums & Institutions",,,"Logan Square area",Philadelphia,PA,"19103"
2/14/2022,"Optometrist - Department of Surgery","Children's Hospital of Philadelphia",chop.edu,"Hospital & Health Care",,,"Belmont area",Philadelphia,PA,"19104"
2/12/2022,"Therapeutic Specialist, HIV ? Philadelphia","Gilead Sciences",gilead.com,Biotechnology,,,,Philadelphia,PA,""
2/12/2022,"Finance Accounting Associate","Cozen O'Conner",cozen.com,"Law Practice",,,"Rittenhouse area",Philadelphia,PA,"19103"
2/13/2022,"ServiceNow Developer Consultant - Location Open",Deloitte,deloitte.com,"Management Consulting",,,"Rittenhouse area",Philadelphia,PA,"19103"
2/14/2022,"Director, Revenue Management","Wyndham Hotels & Resorts",wyndhamhotels.com,Hospitality,,,"Old City area",Philadelphia,PA,"19106"
2/13/2022,"Project Manager 3",Comcast,comcast.com,Telecommunications,,,,Philadelphia,PA,"19103"
2/13/2022,"SAP SuccessFactors Onboarding Consultant",Deloitte,deloitte.com,"Management Consulting",,,"Rittenhouse area",Philadelphia,PA,"19103"
2/12/2022,"Logistics Business Development Manager","Yellow Logistics",,,,,,Philadelphia,PA,""
2/12/2022,"Nurse Case Manager","Neshoba General",neshobageneral.com,"Medical Practice",,,,Philadelphia,PA,""
2/12/2022,"Assistant Director, Creative Communications, School and Cent...","University of Pennsylvania",kupermanllc.com,"Venture Capital & Private Equity",,,"University City area",Philadelphia,PA,"19104"
2/12/2022,"Accounting Coordinator, The Franklin Institute","PA Museums",pamuseums.org,,,,,Philadelphia,PA,""
2/12/2022,"Service Technician","Hobart Service",hobartservice.com,"Business Supplies & Equipment",,,"Torresdale area",Philadelphia,PA,"19136"
2/11/2022,"Manager, Space Data (Space Planning & Operations)","University of Pennsylvania",kupermanllc.com,"Venture Capital & Private Equity",,,"University City area",Philadelphia,PA,"19104"
2/11/2022,"Lead Talent Business Analyst",Deloitte,deloitte.com,"Management Consulting",,,"Rittenhouse area",Philadelphia,PA,"19103"
2/13/2022,"Investment Associate, Philadelphia, PA (J.P. Morgan Advisors...","JPMorgan Chase Bank, N.A.",chase.com,"Financial Services",,,,Philadelphia,PA,""
2/12/2022,"Construction manager - solar","Mott MacDonald",mottmac.com,"Civil Engineering",,,,Philadelphia,PA,""
2/13/2022,"Ld Clinical Resource Coord","University of Pennsylvania Health System",pennmedicine.org,"Hospital & Health Care",,,"University City area",Philadelphia,PA,"19104"
2/12/2022,"Home Decor Sales","3 Day Blinds",3dayblinds.com,Retail,,,,Philadelphia,PA,""
2/12/2022,"Consumer Insights Manager","Children's Hospital of Philadelphia",chop.edu,"Hospital & Health Care",,,"City Center East area",Philadelphia,PA,"19107"
2/12/2022,"Patient Services Associate","University of Pennsylvania Health System",pennmedicine.org,"Hospital & Health Care",,,"Rittenhouse area",Philadelphia,PA,""
2/12/2022,"Patient Services Associate","University of Pennsylvania Health System",pennmedicine.org,"Hospital & Health Care",,,"Rittenhouse area",Philadelphia,PA,""
2/12/2022,"ASSOCIATE COUNSEL","Temple University Health System",templehealth.org,"Hospital & Health Care",,,,Philadelphia,PA,""
2/12/2022,"Billing/Collection Specialist - Full time - Business Office","Belmont Behavioral Hospital",belmontbehavioral.com,"Mental Health Care",,,"Wynnefield area",Philadelphia,PA,"19131"
2/12/2022,"Node.js Backend Developer",Cesium,,,,Remote,,"Temporarily Remote in Philadelphia",PA,""
2/12/2022,"Full Stack Developer",Deloitte,deloitte.com,"Management Consulting",,,"Rittenhouse area",Philadelphia,PA,"19103"
2/12/2022,"Threat Researcher - Malware - Opportunity for Working Remote...",VMware,thebrunswicknews.com,Newspapers,,Remote,,"Remote in Philadelphia",PA,""
2/13/2022,"Cloud Analytics Manager",Deloitte,deloitte.com,"Management Consulting",,,"Rittenhouse area",Philadelphia,PA,"19103"
2/12/2022,"Power, Utilities & Renewables Salesforce Manager",Deloitte,deloitte.com,"Management Consulting",,,"Rittenhouse area",Philadelphia,PA,"19103"
2/13/2022,"Workday HCM Consultant",Deloitte,deloitte.com,"Management Consulting",,,"Rittenhouse area",Philadelphia,PA,"19103"
2/11/2022,"Business Architecture Manager",Deloitte,deloitte.com,"Management Consulting",,,"Rittenhouse area",Philadelphia,PA,"19103"
2/13/2022,"Technical & Cyber Resilience Consultant",Deloitte,deloitte.com,"Management Consulting",,,"Rittenhouse area",Philadelphia,PA,"19103"
2/12/2022,"Sales Enablement Manager - Risk & Financial Advisory",Deloitte,deloitte.com,"Management Consulting",,,"Rittenhouse area",Philadelphia,PA,"19103"
2/12/2022,"Solutions Architect - Tanzu Observability by Wavefront - Opp...",VMware,thebrunswicknews.com,Newspapers,,Remote,,"Remote in Philadelphia",PA,""
2/12/2022,"Lead Installation Technician","Hobart Service",hobartservice.com,"Business Supplies & Equipment",,,"Torresdale area",Philadelphia,PA,""
2/12/2022,"CDTS Manager",Accenture,cazoodle.com,"Computer Software",,,"Logan Square area",Philadelphia,PA,"19103"
2/11/2022,"Agile Project Management Associate (Consultant) - National_O...",Deloitte,deloitte.com,"Management Consulting",,,"Rittenhouse area",Philadelphia,PA,"19103"
2/11/2022,"House Supervisor 8 Hr","Prime Healthcare",primehealthcare.com,"Hospital & Health Care",,,"Roxborough area",Philadelphia,PA,"19128"
2/13/2022,"Trust Experienced Recruiting Talent Exchange Manager","PRICE WATERHOUSE COOPERS",pwc.com,Accounting,,,"Logan Square area",Philadelphia,PA,"19103"
2/12/2022,"Global Customer Advocacy Manager ? Strategic Integration and...",VMware,thebrunswicknews.com,Newspapers,,Remote,,"Remote in Philadelphia",PA,""
2/12/2022,"Hyperscaler Cloud - Consultant",Deloitte,deloitte.com,"Management Consulting",,,"Rittenhouse area",Philadelphia,PA,"19103"
2/11/2022,"RN Emergency Department Case Manager - Full Time (Nazareth H...","Trinity Health Mid-Atlantic",trinityhealthma.org,"Hospital & Health Care",,,"Lexington Park area",Philadelphia,PA,"19152"
2/13/2022,"Audit & Assurance - Emerging Growth Companies - Client Coord...",Deloitte,deloitte.com,"Management Consulting",,,"Rittenhouse area",Philadelphia,PA,"19103"
2/11/2022,"Relationship Manager/ Banker - Vice President, Technology &...","JPMorgan Chase Bank, N.A.",chase.com,"Financial Services",,,,Philadelphia,PA,""
2/12/2022,"Advisory & Insights Lead?North America Market-Wide",Accenture,cazoodle.com,"Computer Software",,,"Logan Square area",Philadelphia,PA,"19103"
2/12/2022,"Maternal Mental Health Clinician and Consultant","Public Health Management Corporation",phmc.org,"Nonprofit Organization Management",,,"Washington Square area",Philadelphia,PA,"19107"
2/12/2022,"Team Lead - Customer Success Manager - Mid-Market (Ad Intel)",Numerator,numerator.com,"Market Research",,Remote,,"Remote in Philadelphia",PA,""
2/12/2022,"Service Technician","Hobart Service",hobartservice.com,"Business Supplies & Equipment",,,"Torresdale area",Philadelphia,PA,""
2/12/2022,"F&EP - Finance Strategy & Transformation -Manager - Healthca...",Deloitte,deloitte.com,"Management Consulting",,,"Rittenhouse area",Philadelphia,PA,"19103"
2/12/2022,"US Data Scientist",Deloitte,deloitte.com,"Management Consulting",,,"Rittenhouse area",Philadelphia,PA,"19103"
2/11/2022,"Information System Security Manager (ISSM)","EHS Technologies",ehstech.net,"Information Technology & Services",,,"Marconi Plaza-Packer Park area",Philadelphia,PA,"19112"
2/11/2022,"RN Nursing Supervisor - Full Time Days (Nazareth Hospital)","Trinity Health Mid-Atlantic",trinityhealthma.org,"Hospital & Health Care",,,"Lexington Park area",Philadelphia,PA,"19152"
2/12/2022,"macOS Product Manager - Opportunity for Working Remotely Phi...",VMware,thebrunswicknews.com,Newspapers,,Remote,,"Remote in Philadelphia",PA,""
2/12/2022,"SFMC Business Systems Analyst (Remote)",Epsilon,epsilonline.com,"Information Technology & Services",,Remote,,"Remote in Philadelphia",PA,""
2/14/2022,"Transport Clinical Nurse Specialist Fellow","Children's Hospital of Philadelphia",chop.edu,"Hospital & Health Care",,,"Belmont area",Philadelphia,PA,"19104"
2/11/2022,"AMI Software Intelligent Mobile Testing Consultant",Deloitte,deloitte.com,"Management Consulting",,,"Rittenhouse area",Philadelphia,PA,"19103"
2/11/2022,"Social Worker - MSW - Full time","Trinity Health Mid-Atlantic",trinityhealthma.org,"Hospital & Health Care",,,"Lexington Park area",Philadelphia,PA,"19152"
2/12/2022,"FINANCIAL COUNSELOR","Temple University Health System",templehealth.org,"Hospital & Health Care",,,,Philadelphia,PA,""
2/12/2022,"Clinical Director","Public Health Management Corporation",phmc.org,"Nonprofit Organization Management",,,"Chestnut Hill area",Philadelphia,PA,"19119"
2/11/2022,"Coordinator B-Immunology Graduate Group Coordinator (Biomedi...","University of Pennsylvania",kupermanllc.com,"Venture Capital & Private Equity",,,"University City area",Philadelphia,PA,"19104"
2/12/2022,"Registered Nurse III - Nephrology","Children's Hospital of Philadelphia",chop.edu,"Hospital & Health Care",,,"Belmont area",Philadelphia,PA,"19104"
2/12/2022,LPN,"Resources For Human Development, Inc.",,,"$36 - $38 an hour",,"Chestnut Hill area",Philadelphia,PA,"19119"
2/11/2022,"Clinical Research Operations Manager (Central) (Cancer Cente...","University of Pennsylvania",kupermanllc.com,"Venture Capital & Private Equity",,,"University City area",Philadelphia,PA,"19104"
2/12/2022,"Parts Manager ? Service Manager ? Service Advisor","Reynolds and Reynolds",reyrey.com,"Computer Software",,,"Somerton area",Philadelphia,PA,"19019"
2/14/2022,"APP Clinical Manager - Behavioral Health Integrated Program...","Children's Hospital of Philadelphia",chop.edu,"Hospital & Health Care",,,"Graduate Hospital area",Philadelphia,PA,"19146"
2/11/2022,"Research Specialist D (Radiology)","University of Pennsylvania",kupermanllc.com,"Venture Capital & Private Equity",,,"University City area",Philadelphia,PA,"19104"
2/12/2022,"Truck/Trailer Body Repair Technician",NationaLease,nationalease.com,Transportation/Trucking/Railroad,"$17.50 - $30.00 an hour",,"Eastwick area",Philadelphia,PA,"19153"
2/12/2022,"Kitchen Supervisor","The Salvation Army Eastern Territory",,,"$20 an hour",,"West Poplar area",Philadelphia,PA,"19123"
2/12/2022,"Associate Scientist/Scientist (iPSC Biology)","Piper Companies",pipercompanies.com,"Staffing & Recruiting",,,,Philadelphia,PA,""
2/12/2022,"Clin Research Coordinator II - Neurology","Children's Hospital of Philadelphia",chop.edu,"Hospital & Health Care",,,"Belmont area",Philadelphia,PA,"19104"
2/11/2022,"Manufacturing Associate 3, Upstream, GMP (Gene Therapy Progr...","University of Pennsylvania",kupermanllc.com,"Venture Capital & Private Equity",,,"University City area",Philadelphia,PA,"19104"
2/13/2022,"Project Manager 3",Comcast,comcast.com,Telecommunications,,,,Philadelphia,PA,"19103"
2/11/2022,"Grants Manager A (Center for Research on Reproduction & Wome...","University of Pennsylvania",kupermanllc.com,"Venture Capital & Private Equity",,,"University City area",Philadelphia,PA,"19104"
2/12/2022,"HR GENERALIST","Temple University Health System",templehealth.org,"Hospital & Health Care",,,,Philadelphia,PA,""
2/12/2022,"HR GENERALIST","Temple University Health System",templehealth.org,"Hospital & Health Care",,,,Philadelphia,PA,""
2/12/2022,"Supv Materials Mgt","University of Pennsylvania Health System",pennmedicine.org,"Hospital & Health Care",,,"University City area",Philadelphia,PA,""
2/13/2022,"Investment Associate, Philadelphia, PA (J.P. Morgan Advisors...","JPMorgan Chase Bank, N.A.",chase.com,"Financial Services",,,,Philadelphia,PA,""
2/12/2022,"Manager, Future of Work - Strategy | Businesses, Global and...",Deloitte,deloitte.com,"Management Consulting",,,"Rittenhouse area",Philadelphia,PA,"19103"
2/12/2022,"Manager, US Innovation Strategy | Businesses, Global and Str...",Deloitte,deloitte.com,"Management Consulting",,,"Rittenhouse area",Philadelphia,PA,"19103"
2/12/2022,"macOS Product Manager - Opportunity for Working Remotely Phi...",VMware,thebrunswicknews.com,Newspapers,,Remote,,"Remote in Philadelphia",PA,""
2/12/2022,"Automotive Sales Manager ? F&I Manager ? Internet Sales Mana...","Reynolds and Reynolds",reyrey.com,"Computer Software",,,"Somerton area",Philadelphia,PA,"19019"
2/12/2022,"Distribution Center Supervisor",Marshalls,stringtown.net,,"$60,000 - $75,000 a year",,"Northeast Airport area",Philadelphia,PA,""
2/12/2022,"Manager of Volunteer & Community Engagement","Cradles To Crayons Inc",cradlestocrayons.org,"Individual & Family Services",,,"Somerton area",Philadelphia,PA,"19116"
2/12/2022,"Preschool Program Specialist","BERKS COUNTY INTERMEDIATE UNIT",berksiu.org,"Education Management",,,,Philadelphia,PA,""
2/12/2022,"Administrative Officer (Office of General Counsel)","The Philadelphia Housing Authority",,,,,"North Central area",Philadelphia,PA,"19121"
2/12/2022,"Director of Individual Giving and Membership","National Constitution",,,,,"Old City area",Philadelphia,PA,"19106"
2/12/2022,"Field Technician","Premium Retail Services, Inc.",premiumretail.com,Retail,,,,Philadelphia,PA,"19148"
2/12/2022,"Governance Coordinator",ECFMG,ecfmg.org,"Education Management","$53,500 - $74,900 a year",,"Belmont area",Philadelphia,PA,"19104"
2/12/2022,"Wellness Educator (FT)","Valley Youth House",valleyyouthhouse.org,"Individual & Family Services","$20 - $21 an hour",,"Rittenhouse area",Philadelphia,PA,"19102"
2/13/2022,"Sales Rep / Graphic coordinator","Airborne Visuals, Inc.",,,"$42,000 a year",,"Washington Square area",Philadelphia,PA,"19107"
2/12/2022,"Hospitality Operations Specialist",Convene,convene.com,Hospitality,,,,Philadelphia,PA,""
2/14/2022,"Culinary Partner Support Representative",Cozymeal,cozymeal.com,Internet,,Remote,,"Remote in Philadelphia",PA,""
2/12/2022,"Case Coordinator (Legal Assistant/Paralegal - U.S. Business...","Green & Spiegel US LLC",gands.com,"Legal Services",,,"City Center West area",Philadelphia,PA,"19102"
2/12/2022,"Education Coordinator III","Thomas Jefferson University and Hospitals",,,,,,Philadelphia,PA,""
2/14/2022,"Safety Manager Food Processing",FireStarters,,,"$80,000 - $100,000 a year",,,Philadelphia,PA,"19047"
2/12/2022,"Customer Service Representative","NetCost Market",netcostmarket.com,Supermarkets,"$16 - $18 an hour",,"Somerton area",Philadelphia,PA,"19116"
2/11/2022,"Program Specialist","Active Day",activehomecare.com,Pharmaceuticals,,,"Pennypack area",Philadelphia,PA,"19114"
2/12/2022,"Office Coordinator",GregoryFCA,gregoryfca.com,"Public Relations & Communications",,,,Philadelphia,PA,""
2/14/2022,"Class A Property Manager","GY Properties",gy-properties.com,"Real Estate","$60,000 - $68,000 a year",,"Northern Liberties area",Philadelphia,PA,"19123"
2/12/2022,"IT Support Specialist","Belmont Charter Network",belmontcharternetwork.org,"Education Management",,,"East Parkside area",Philadelphia,PA,"19104"
2/12/2022,"Supply Chain Manager",ConnectDER,connectder.com,"Renewables & Environment","$105,000 - $115,000 a year",,"Graduate Hospital area",Philadelphia,PA,"19146"
2/12/2022,"Manager, Photography Operations",Shutterfly,shutterflyinc.com,Internet,,,"City Center East area",Philadelphia,PA,"19255"
2/12/2022,"Desktop Support Technician","Burris Logistics",burrislogistics.com,"Logistics & Supply Chain",,,,Philadelphia,PA,""
2/12/2022,"Lead Barista","Compass Group TA - Corporate",byrd@compass-usa.com,Retail,"$58,000 - $63,000 a year",,,Philadelphia,PA,"19103"
2/12/2022,"Regional Float - Philadelphia, PA","Cash Depot",cdlatm.com,"Financial Services","$22 an hour",,"Cedarbrook area",Philadelphia,PA,"19150"
2/12/2022,"Salesforce Administrator","Everlight Solar",everlightsolar.com,"Renewables & Environment","$45,000 - $50,000 a year",Remote,,"Remote in Philadelphia",PA,""
2/13/2022,"Business Development Manager","Senior Helpers",seniorhelpers.com,"Individual & Family Services","$54,999 - $64,999 a year",,,Philadelphia,PA,""
2/12/2022,"Client Care Manager","TopStaff Resources, LLC",topstaffresources.com,"Staffing & Recruiting","$44,000 - $45,000 a year",,"Pennypack area",Philadelphia,PA,"19114"
2/13/2022,"Desktop Support Technician","West 4th Strategy",west4thstrategy.com,"Information Technology & Services",,,,Philadelphia,PA,"19103"
2/12/2022,"Adoptions and Permanency Worker","Northern Children's Services",northernhome.org,"Nonprofit Organization Management",,,,Philadelphia,PA,""
2/12/2022,"Adoptions Permanency Worker Consultant(1099)","Northern Children's Services",northernhome.org,"Nonprofit Organization Management",,,,Philadelphia,PA,""
2/12/2022,"Program Manager Specialist","Project HOME",projecthome.org,"Civic & Social Organization",,,,Philadelphia,PA,""
2/12/2022,"Legal Secretary/Paralegal","The Beasley Firm, LLC",,,,,"Washington Square area",Philadelphia,PA,"19107"
2/12/2022,"Technical Recruiter (100% Remote Recruiting Agency)","Recruiting From Scratch",recruitingfromscratch.com,"Staffing & Recruiting","From $150,000 a year",Remote,,"Remote in Philadelphia",PA,""
2/12/2022,"HR Administrative Assistant","Cross Rivers, LLC",,,"$13 - $16 an hour",,"Logan Square area",Philadelphia,PA,"19102"
2/12/2022,"Field Service Manager","Compressed Air Services, Inc.",,,"$50,000 a year",,,Philadelphia,PA,""
2/13/2022,"Facility Technician (FT)",Sysco,sysco.com,"Food & Beverages","$28 an hour",,,Philadelphia,PA,""
2/12/2022,"Marketing Project Manager","The Philadelphia Housing Authority",,,,,"North Central area",Philadelphia,PA,"19121"
2/11/2022,"Cage Manager","Live! Casino and Hotel Philadelphia",livecasinohotel.com,"Gambling & Casinos",,,"Stadium District area",Philadelphia,PA,"19148"
2/12/2022,"Clinical Quality & Compliance Specialist",Adaptimmune,adaptimmune.com,Biotechnology,,,"Navy Yard area",Philadelphia,PA,"19112"
2/13/2022,"On-Call Medical Support Assistant","Jamison Professional Services Inc",jps-online.com,"Staffing & Recruiting","$18.85 an hour",,,Philadelphia,PA,""
2/12/2022,"Branch Sales Manager","My Alarm Center",myalarmcenter.com,"Security & Investigations","$55,000 - $120,000 a year",,,Philadelphia,PA,""
2/12/2022,"Administrative Assistant","Resources For Human Development, Inc.",,,"From $15 an hour",,"Tioga area",Philadelphia,PA,"19144"
2/13/2022,"Sales Manager (Power Systems) - South New Jersey & Delaware","Penn Power Group, LLC",pennpowergroup.com,Transportation/Trucking/Railroad,,,"Mayfield area",Philadelphia,PA,"19136"
2/12/2022,"SCHOOL FOOD SERVICE MANAGER","Lintons Food Service Management",lintonsfoodservice.com,"Food & Beverages",,,"Juniata Park-Feltonville area",Philadelphia,PA,"19124"
2/14/2022,"Bartender and Waitress","YAKITORI BOY",yakitoriboy.com,Restaurants,,,"Chinatown area",Philadelphia,PA,"19107"
2/12/2022,"Special Education Instructional Coordinator","Community Council Health Systems",cchss.org,"Mental Health Care","$45,000 - $52,000 a year",,"Feltonville area",Philadelphia,PA,"19140"
2/12/2022,"Digital Media Supervisor",Plowshare,plowsharegroup.com,"Marketing & Advertising",,,"Center City area",Philadelphia,PA,"19107"
2/12/2022,"Maintenance Technician / Handyman",Sosuite,staysosuite.com,Hospitality,"$22 - $30 an hour",,,Philadelphia,PA,""
2/12/2022,"Housing Coordinator",RHD,rhd.org,"Nonprofit Organization Management","$19.24 - $21.64 an hour",,,Philadelphia,PA,""
2/12/2022,"Logistics Business Development Manager","Yellow Logistics",,,,,,Philadelphia,PA,""
2/12/2022,"Solutions Consultant",InOutsource,inoutsource.com,"Information Technology & Services",,,"Rittenhouse area",Philadelphia,PA,"19102"
2/12/2022,"Accounts Payable Clerk","West 4th Strategy",west4thstrategy.com,"Information Technology & Services",,Remote,,"Temporarily Remote in Philadelphia",PA,""
2/12/2022,"Commercial Loan Officer","Venerate Digital Media",veneratedigital.com,"Marketing & Advertising",,,"Girard Estates area",Philadelphia,PA,"19145"
2/12/2022,"Benefits Coordinator","Fairmount Long Term Care Inc",fltcpnh.org,"Hospital & Health Care",,,"Fairmount area",Philadelphia,PA,"19130"
2/12/2022,"Accounting Clerk III","Space Metrics Inc.",spacemetricsinc.com,"Management Consulting","$17 - $28 an hour",,,Philadelphia,PA,""
2/14/2022,"Acquisitions Analyst","GY Properties",gy-properties.com,"Real Estate","$60,000 - $65,000 a year",,"Northern Liberties area",Philadelphia,PA,"19123"
2/13/2022,"Medical Support Assistant (FT)","Jamison Professional Services Inc",jps-online.com,"Staffing & Recruiting","$18.85 an hour",,,Philadelphia,PA,""
2/12/2022,"Talent Acquisition Partner/Nurse Recruiter - Nazareth Hospit...","Trinity Health Mid-Atlantic",trinityhealthma.org,"Hospital & Health Care","From $62,500 a year",,"Lexington Park area",Philadelphia,PA,"19152"
2/11/2022,"Workforce Development Trainer","Business Interface LLC",,,"$40,000 - $42,000 a year",,,Philadelphia,PA,""
2/12/2022,"Specialist II, Quality Assurance Document Control","Iovance Biotherapeutics Inc",iovance.com,Biotechnology,,,"Marconi Plaza-Packer Park area",Philadelphia,PA,"19112"
2/12/2022,"Regional Key Account Manager","Barcel Usa Llc",,,,,,Philadelphia,PA,""
2/14/2022,"Estimator/Project Manager","Woodland Building Supply",,,"From $55,000 a year",,,Philadelphia,PA,""
2/13/2022,"RN Nurse Supervisor","Roosevelt Rehabilitation and Healthcare Center",rooseveltrehab.com,,,,"Rhawnhurst area",Philadelphia,PA,"19152"
2/12/2022,"Sales Executive - Philadelphia","Baldor Specialty Foods",baldorfood.com,"Food & Beverages",,,"Tacony area",Philadelphia,PA,""
2/12/2022,"Fiber Designer IV - Transport Facilitator","TELEWORLD SOLUTIONS INC",teleworldsolutions.com,Telecommunications,,,"Logan Square area",Philadelphia,PA,"19103"
2/12/2022,"Lead Service Technician","Power Storage Solutions",pwrstoragesolutions.com,Telecommunications,,,,Philadelphia,PA,""
2/12/2022,"Group Benefits Solutions Underwriting Advisor","New York Life Insurance Insurance Company",,,,,"Rittenhouse area",Philadelphia,PA,"19106"
2/14/2022,"Cable TV Field Engineering Project Supervisor","CCI Systems, Inc.",ccisystems.com,"Information Technology & Services",,Remote,,"Hybrid remote in Philadelphia",PA,""
2/12/2022,"Fire Suppression & Extinguisher Manager","Universal Fire Protection",,,,,"Holmesburg area",Philadelphia,PA,"19136"
2/13/2022,"Transmission Technician","Penn Power Group, LLC",pennpowergroup.com,Transportation/Trucking/Railroad,,,"Mayfield area",Philadelphia,PA,"19136"
2/12/2022,"Account Executive, Public Relations",GregoryFCA,gregoryfca.com,"Public Relations & Communications",,,,Philadelphia,PA,""
2/12/2022,"Fintech Sales Executive",BankLabs,banklabs.com,Banking,"$70,000 - $90,000 a year",,,Philadelphia,PA,""
2/13/2022,"Insurance Agent / Commercial CSR","Brosky Insurance Agency, Inc.",,,,,,Philadelphia,PA,""
2/14/2022,"Cable TV Design Project Manager - Remote/Days","CCI Systems, Inc.",ccisystems.com,"Information Technology & Services",,Remote,,"Remote in Philadelphia",PA,""
2/13/2022,"Maintenance Technician","EcoBright Solutions",,,,,,Philadelphia,PA,""
2/13/2022,"RN Supervisor","Cilveden Nursing and Rehabilitation Center",,,,,"Germantown West Central area",Philadelphia,PA,"19119"
2/12/2022,"Director of Nursing (DON)","(MPAC) Monumental Post Acute Care at Woodside Park",,,,,"Wynnefield area",Philadelphia,PA,"19131"
2/12/2022,"Associate - Valuation Advisory (Portfolio Valuation Practice...",Stout,stoutapp.com,"Information Technology & Services",,,,Philadelphia,PA,""
2/13/2022,"General Manager",Wingstop,,,,,"Morrell Park area",Philadelphia,PA,"19114"
2/12/2022,"Independent Outside Sales Representative - Philadelphia","Neauvia North America",neauvia.com,Pharmaceuticals,,,,Philadelphia,PA,""
2/12/2022,"Registered Nurse (RN), MS/Tele, Nights, $100/hour","Custom Healthcare Solutions",,,"$100 an hour",,"Point Breeze area",Philadelphia,PA,"19146"
2/12/2022,Cashier,Popeyes,znhfoodsinc.com,,,,"Roxborough Park area",Philadelphia,PA,"19128"
2/12/2022,"Technical Recruiter",Thomas,thomas.co.za,,,,"City Center West area",Philadelphia,PA,"19102"
2/12/2022,"Accounting Coordinator","The Franklin Institute",fi.edu,"Museums & Institutions","From $40,000 a year",,"Logan Square area",Philadelphia,PA,"19103"
2/12/2022,"Virtual - Billing Analyst",FullBloom,fullbloom.org,"Education Management",,,,Philadelphia,PA,""
2/12/2022,"Budget Analyst","The Philadelphia Housing Authority",,,,,"North Central area",Philadelphia,PA,"19121"
2/12/2022,"Human Resources Director","Northern Children's Services",northernhome.org,"Nonprofit Organization Management",,,,Philadelphia,PA,""
2/12/2022,"Construction Superintendent","D&B Construction",dbconstructiongrp.com,Construction,,,,Philadelphia,PA,""
2/14/2022,"Account Manager","Cristo Rey Philadelphia High School",cristoreyphiladelphia.org,"Primary/Secondary Education",,,"Tioga area",Philadelphia,PA,"19132"
2/12/2022,"Workforce Analyst","AvantGarde, LLC",avantgarde4usa.com,"Management Consulting",,,"Marconi Plaza-Packer Park area",Philadelphia,PA,"19112"
2/12/2022,"Marketing Manager","Rittenhouse Hotel",rittenhousehotel.com,Hospitality,,,"Rittenhouse area",Philadelphia,PA,"19103"
2/12/2022,"Director of Human Resources","Care Pavilion Nursing and Rehabilitation Center",,,"From $70,000 a year",,"Cobbs Creek area",Philadelphia,PA,"19139"
2/12/2022,"Technical Project Coordinator IV - Site Development Coordina...","TELEWORLD SOLUTIONS INC",teleworldsolutions.com,Telecommunications,,,"Logan Square area",Philadelphia,PA,"19103"
2/12/2022,"Field Service/Installation Technician","Power Storage Solutions",pwrstoragesolutions.com,Telecommunications,,,,Philadelphia,PA,""
2/12/2022,"Early Childhood Educator/Teacher","The Goddard School of Philadelphia (22nd and Pine)",,,"$15 - $18 an hour",,,Philadelphia,PA,""
2/12/2022,"Lead Installation Technician","Hobart Service",hobartservice.com,"Business Supplies & Equipment",,,"Torresdale area",Philadelphia,PA,"19136"
2/12/2022,"General Manager",Wingstop,,,,,"Richmond area",Philadelphia,PA,"19137"
2/12/2022,"Asst. Dir. of Nursing","Fairmount Long Term Care Inc",fltcpnh.org,"Hospital & Health Care",,,"Fairmount area",Philadelphia,PA,"19130"
2/12/2022,"Category Manager","Julius Silvert",juliussilvert.com,Wholesale,,,"Hunting Park area",Philadelphia,PA,"19124"
2/12/2022,"Tower Foreman - Telecommunications","TELEWORLD SOLUTIONS INC",teleworldsolutions.com,Telecommunications,"$30 - $34 an hour",,,Philadelphia,PA,""
2/12/2022,"High-end Barber in need","Philly Barbershop",,,"$1,200 - $2,300 a week",,"Old Kensington area",Philadelphia,PA,"19123"
2/12/2022,"Project Manager","DataLink Fund Solutions",datalinksoftware.com,"Information Technology & Services",,,"Eastwick area",Philadelphia,PA,"19153"
2/12/2022,Supervisor,"Lintons Food Service Management",lintonsfoodservice.com,"Food & Beverages",,,"Belmont area",Philadelphia,PA,"19104"
2/12/2022,"Asset Management Analyst","HHM (Phila)",,,,,"Society Hill area",Philadelphia,PA,"19106"
2/12/2022,"Clinical Compliance Lead",Adaptimmune,adaptimmune.com,Biotechnology,,,"Navy Yard area",Philadelphia,PA,"19112"
2/11/2022,"Lead Installation Technician","Stealth Monitoring",stealthmonitoring.com,"Security & Investigations",,,,Philadelphia,PA,"19103"
2/11/2022,"Access Control Technician","Diverse Solutions Group Inc",diversesolutionsgroup.com,"Security & Investigations","$32 - $35 an hour",,"Belmont area",Philadelphia,PA,"19104"
2/12/2022,"Clinical Quality Lead",Adaptimmune,adaptimmune.com,Biotechnology,,,"Navy Yard area",Philadelphia,PA,"19112"
2/12/2022,"RN Unit Manager","Willow Terrace Nursing and Rehabilitation Center",willow-terrace.com,"Hospital & Health Care",,,"Germantown Penn Knox area",Philadelphia,PA,"19144"
2/12/2022,"Regional Vice President, Sales","MediQuant LLC",mediquant.com,"Information Technology & Services",,Remote,,"Remote in Philadelphia",PA,""
2/11/2022,"Speech Language Pathologist","Jenner's Pond",,,,,,Philadelphia,PA,""
2/11/2022,"Mobile Diesel Technician (FT)","Interstate Truck Center",interstatetruckcenter.net,Automotive,"Up to $45 an hour",,,Philadelphia,PA,""
2/13/2022,"Lead Fleet Tech lll (FT)",Sysco,sysco.com,"Food & Beverages","$28 an hour",,,Philadelphia,PA,""
2/13/2022,"In Room Dining Chef","Dolce Philadelphia",dolceandcaffe.com,,,,"City Center West area",Philadelphia,PA,"19110"
2/12/2022,"Workers Compensation Underwriting Supervisor (Breckpoint)","Acrisure LLC",acrisure.com,"Financial Services",,,,Philadelphia,PA,""
2/14/2022,"Director of Nursing (Skilled Nursing Facility)","Keystone Healthcare",keystonehealthcare.com,"Hospital & Health Care",,,,Philadelphia,PA,""
2/12/2022,"Executive Kitchen Steward","Dolce Philadelphia",dolceandcaffe.com,,,,"City Center West area",Philadelphia,PA,"19110"
2/12/2022,"Analytics Lead","Metro Supply Chain America",,,,Remote,,"Remote in Philadelphia",PA,""
2/12/2022,"Facilities Maintenance Technician","TierView Property Management",,,"$18 - $23 an hour",,,Philadelphia,PA,""
2/12/2022,"Accounting Clerk","West 4th Strategy",west4thstrategy.com,"Information Technology & Services",,Remote,,"Temporarily Remote in Philadelphia",PA,""
2/12/2022,"Medical Assistant (Bilingual Spanish Required)","Oak Street Health",oakstreethealth.com,"Hospital & Health Care","$18.50 an hour",,"Richmond area",Philadelphia,PA,"19134"
2/12/2022,"VP, Account Director","Digitas Health",digitashealth.com,"Marketing & Advertising",,,"Center City area",Philadelphia,PA,"19107"
2/12/2022,"Residential Loan Officer","Venerate Digital Media",veneratedigital.com,"Marketing & Advertising",,,"Girard Estates area",Philadelphia,PA,"19145"
2/11/2022,"Maintenance Supervisor","OT Management",,,"$20 - $28 an hour",,,Philadelphia,PA,""
2/12/2022,"Credit Supervisor (Commercial Loans)","American Heritage Credit Union",americanheritagecu.org,"Financial Services",,,"Bustleton area",Philadelphia,PA,"19115"
2/12/2022,"Certified Peer Specialist","New Vitae Wellness & Recovery",,,,,"Cobbs Creek area",Philadelphia,PA,"19139"
2/13/2022,"Help Desk Technician","West 4th Strategy",west4thstrategy.com,"Information Technology & Services",,,,Philadelphia,PA,"19103"
2/13/2022,"Material Handling Equipment Technician l (FT)",Sysco,sysco.com,"Food & Beverages","$28 an hour",,,Philadelphia,PA,""
2/12/2022,"Ui5/Fiori Developer","Day & Zimmermann - Corporate TA",dayzim.com,Construction,,,"Logan Square area",Philadelphia,PA,"19130"
2/12/2022,"AP Technician","West 4th Strategy",west4thstrategy.com,"Information Technology & Services",,Remote,,"Temporarily Remote in Philadelphia",PA,""
2/12/2022,"Manager, Platform Operations","Tinuiti ",tinuiti.com,"Marketing & Advertising",,,,Philadelphia,PA,""
2/14/2022,"Pre-Hospital Registered Nurse (PHRN) - Philadelphia","Global Medical Response",globalmedicalresponse.com,"Hospital & Health Care",,,"Industrial area",Philadelphia,PA,"19153"
2/13/2022,"Network Technician","West 4th Strategy",west4thstrategy.com,"Information Technology & Services",,,,Philadelphia,PA,"19103"
2/13/2022,"Video Teleconferencing (VTC) Technician","West 4th Strategy",west4thstrategy.com,"Information Technology & Services",,,,Philadelphia,PA,"19103"
2/12/2022,"VP, Account Director","Digitas Health",digitashealth.com,"Marketing & Advertising",,,"Center City area",Philadelphia,PA,"19107"
2/13/2022,"Community Wellness Educator","Children's Hospital of Philadelphia",chop.edu,"Hospital & Health Care",,,"Graduate Hospital area",Philadelphia,PA,"19146"
2/11/2022,"Office Manager","American Heart Association",heart.org,"Health, Wellness & Fitness",,,"Logan Square area",Philadelphia,PA,"19103"
2/12/2022,"Office Manager","American Heart Association",heart.org,"Health, Wellness & Fitness",,,"Hartranft area",Philadelphia,PA,"19133"
2/13/2022,"Blood Bank Med Lab Scientist I","University of Pennsylvania Health System",pennmedicine.org,"Hospital & Health Care",,,"University City area",Philadelphia,PA,"19104"
2/12/2022,"Assistant Equipment Manager - Temporary","University of Pennsylvania",kupermanllc.com,"Venture Capital & Private Equity",,,"University City area",Philadelphia,PA,"19104"
2/12/2022,"Academic Support Specialist/Writing Tutor, Part-Time","La Salle University",lasalle.edu,"Higher Education",,,"Logan area",Philadelphia,PA,"19141"
2/12/2022,"VIP Supervisor","Legends Hospitality - The Mann Center...",,,,,"Wynnefield area",Philadelphia,PA,"19131"
2/12/2022,"Ophthalmic Scribe","University of Pennsylvania Health System",pennmedicine.org,"Hospital & Health Care",,,"University City area",Philadelphia,PA,"19104"
2/12/2022,LPN,"Resources For Human Development, Inc.",,,"$36 - $38 an hour",,"Chestnut Hill area",Philadelphia,PA,"19119"
2/12/2022,"Operations Administrator","Greater Philadelphia YMCA",philaymca.org,"Nonprofit Organization Management","$15 an hour",,"North Central area",Philadelphia,PA,"19121"
2/12/2022,"HR Administrative Assistant","Cross Rivers, LLC",,,"$13 - $16 an hour",,"Logan Square area",Philadelphia,PA,"19102"
2/11/2022,"Interim Sessions Coordinator - Term-Limited 6 months","Philadelphia Yearly Meeting",pym.org,"Religious Institutions","$25 - $30 an hour",,"City Center West area",Philadelphia,PA,"19102"
2/12/2022,"Operations Administrator - Roxborough YMCA","Greater Philadelphia YMCA",philaymca.org,"Nonprofit Organization Management",,,"Roxborough area",Philadelphia,PA,"19128"
2/14/2022,"Bartender and Waitress","YAKITORI BOY",yakitoriboy.com,Restaurants,,,"Chinatown area",Philadelphia,PA,"19107"
2/12/2022,"Part-Time Store Supervisor - Walnut Street","Brooks Brothers",brooksbrothers.com,Retail,,,"Rittenhouse area",Philadelphia,PA,"19102"
2/12/2022,"Experienced Medical Injector","Body + Beauty Lab Powered by Jefferson Hospital",,,,,,Philadelphia,PA,""
2/12/2022,"Gymnastics Specialty Instructor Team Member - Columbia North...","Greater Philadelphia YMCA",philaymca.org,"Nonprofit Organization Management",,,"North Central area",Philadelphia,PA,"19121"
2/12/2022,"Gymnastics Specialty Instructor Team Member - Christian Stre...","Greater Philadelphia YMCA",philaymca.org,"Nonprofit Organization Management",,,"Point Breeze area",Philadelphia,PA,"19146"
2/14/2022,"Estimator/Project Manager","Woodland Building Supply",,,"From $55,000 a year",,,Philadelphia,PA,""
2/13/2022,"Maintenance Technician","EcoBright Solutions",,,,,,Philadelphia,PA,""
2/13/2022,"General Manager",Wingstop,,,,,"Morrell Park area",Philadelphia,PA,"19114"
2/12/2022,Cashier,Popeyes,znhfoodsinc.com,,,,"Roxborough Park area",Philadelphia,PA,"19128"
2/12/2022,"School Based Speech Pathologist","Catapult Learning",catapultlearning.com,"Education Management",,,,Philadelphia,PA,""
2/12/2022,"General Manager",Wingstop,,,,,"Richmond area",Philadelphia,PA,"19137"
2/12/2022,Barber,"Rittenhouse Hotel",rittenhousehotel.com,Hospitality,,,"Rittenhouse area",Philadelphia,PA,"19103"
2/11/2022,"Speech Language Pathologist","Jenner's Pond",,,,,,Philadelphia,PA,""
2/12/2022,"PRN RN Supervisor","Centennial Healthcare & Rehabilitation Center",centennialhcc.com,"Hospital & Health Care",,,"Mill Creek area",Philadelphia,PA,"19104"
2/13/2022,"Physical Therapy Assistants, PRN","Maplewood Nursing and Rehab Center",visitmaplewood.com,"Hospital & Health Care",,,"Germantown Penn Knox area",Philadelphia,PA,"19144"
2/12/2022,"Paralegal - Contract Specialist - Avendra",Aramark,arora.com,,,,,Philadelphia,PA,""
2/14/2022,"Sign Language interpreter and/or CART Services","Consult Connection",,,"$15 - $80 an hour",Remote,,"Temporarily Remote in Philadelphia",PA,""
2/12/2022,"Accounting Clerk III","Space Metrics Inc.",spacemetricsinc.com,"Management Consulting","$17 - $28 an hour",,,Philadelphia,PA,""
2/13/2022,"Real Estate Livestream Contract Instructor - REMOTE",Colibri,colibri.com,,,Remote,,"Remote in Philadelphia",PA,""
2/12/2022,"Registered Nurse (RN), MS/Tele, Nights, $100/hour","Custom Healthcare Solutions",,,"$100 an hour",,"Point Breeze area",Philadelphia,PA,"19146"
2/12/2022,"Construction manager - solar","Mott MacDonald",mottmac.com,"Civil Engineering",,,,Philadelphia,PA,""
2/12/2022,"Personnel Administrator (Hybrid)","The University of Pittsburgh",pitt.edu,"Higher Education","$26,988 - $43,212 a year",,,Pittsburgh,PA,""
2/12/2022,"Desktop Support Officer","Dollar Bank",dollar.bank,Banking,,,"Strip District area",Pittsburgh,PA,"15222"
2/12/2022,"Performing Arts Program Assistant","Urban Impact",,,,,,Pittsburgh,PA,"15233"
2/12/2022,"Level II IT Support Technician","All Lines Technology",all-lines-tech.com,"Information Technology & Services",,,"Shadyside area",Pittsburgh,PA,"15232"
2/12/2022,"Business Analyst",UPMC,upmc.com,"Hospital & Health Care",,Remote,,"Hybrid remote in Pittsburgh",PA,""
2/12/2022,"Administrative Director","The University of Pittsburgh",pitt.edu,"Higher Education",,,,Pittsburgh,PA,""
2/12/2022,"Office Manager",UPMC,upmc.com,"Hospital & Health Care",,,,Pittsburgh,PA,"15215"
2/12/2022,"Patient Relations Coord",UPMC,upmc.com,"Hospital & Health Care",,,"North Oakland area",Pittsburgh,PA,"15213"
2/12/2022,Paralegal,"Cordell Law",,,,,"Central Business District area",Pittsburgh,PA,"15219"
2/12/2022,"Proposal Coordinator",Leidos,opera.org.au,"Performing Arts",,Remote,,"Remote in Pittsburgh",PA,""
2/12/2022,"Options Coordinator ? Alumni Relations","Urban Impact",,,,,,Pittsburgh,PA,"15233"
2/12/2022,"Extremity Sales Representative (Pittsburgh, PA)","Smith & Nephew",smith-nephew.com,"Medical Devices",,,"Polish Hill area",Pittsburgh,PA,"15222"
2/12/2022,"Business Analyst II",UPMC,upmc.com,"Hospital & Health Care",,Remote,,"Hybrid remote in Pittsburgh",PA,""
2/12/2022,"Marketing Operations Specialist",UPMC,upmc.com,"Hospital & Health Care",,,"Bluff area",Pittsburgh,PA,"15219"
2/12/2022,"Team Lead, Supply Chain Operations",UPMC,upmc.com,"Hospital & Health Care",,,,Pittsburgh,PA,"15215"
2/12/2022,"Project Manager","The University of Pittsburgh",pitt.edu,"Higher Education",,,,Pittsburgh,PA,""
2/12/2022,"Proposal Coordinator",Leidos,opera.org.au,"Performing Arts",,Remote,,"Remote in Pittsburgh",PA,""
2/11/2022,"Network Architect (Reg FT)","Community College of Allegheny County",communityjobclub.org,"Professional Training & Coaching",,,"Allegheny West area",Pittsburgh,PA,"15233"
2/12/2022,"Graphic Designer (Home-based)","Planate Management Group",planate.com,Construction,,Remote,,"Remote in Pittsburgh",PA,""
2/12/2022,"Admin Assistant - Intermediate",UPMC,upmc.com,"Hospital & Health Care",,,"North Oakland area",Pittsburgh,PA,"15213"
2/12/2022,"Product Designer",UPMC,upmc.com,"Hospital & Health Care",,,"Larimer area",Pittsburgh,PA,"15206"
2/12/2022,"Manager, Supply Chain Operations",UPMC,upmc.com,"Hospital & Health Care",,,"Central Lawrenceville area",Pittsburgh,PA,"15224"
2/12/2022,"Animal Technician - Novasenta, A UPMC Enterprises Portfolio...",UPMC,upmc.com,"Hospital & Health Care",,,"Bluff area",Pittsburgh,PA,"15219"
2/12/2022,Paralegal,Innotescus,,,,,,Pittsburgh,PA,""
2/12/2022,"Systems Analyst - Intermediate",UPMC,upmc.com,"Hospital & Health Care",,Remote,,"Hybrid remote in Pittsburgh",PA,""
2/12/2022,"Research Coordinator","The University of Pittsburgh",pitt.edu,"Higher Education",,,,Pittsburgh,PA,""
2/12/2022,"Administrative Coordinator - Patient Relations & Regulatory",UPMC,upmc.com,"Hospital & Health Care",,,"Bluff area",Pittsburgh,PA,"15219"
2/12/2022,"Practice Leader, Process Optimization and Digitalization",Siemens,siemens.com,"Industrial Automation",,,,Pittsburgh,PA,""
2/12/2022,"Corporate Event Manager",Siemens,siemens.com,"Industrial Automation",,Remote,,"Hybrid remote in Pittsburgh",PA,""
2/12/2022,"Project Manager, Allegheny, PA Produce RX Program","American Heart Association",heart.org,"Health, Wellness & Fitness",,Remote,,"Remote in Pittsburgh",PA,""
2/12/2022,"General Manager","Cushman & Wakefield",cushwake-ni.com,"Commercial Real Estate",,,,Pittsburgh,PA,"15237"
2/12/2022,"Supervisor, Respiratory Therapy",UPMC,upmc.com,"Hospital & Health Care",,,"Central Lawrenceville area",Pittsburgh,PA,"15224"
2/12/2022,"Project Manager, Allegheny, PA Produce RX Program","American Heart Association",heart.org,"Health, Wellness & Fitness",,,"Central Business District area",Pittsburgh,PA,"15222"
2/12/2022,"Corporate Improvement Specialist",UPMC,upmc.com,"Hospital & Health Care",,,"North Oakland area",Pittsburgh,PA,"15213"
2/11/2022,"Network Partner Engagement Specialist",Deloitte,deloitte.com,"Management Consulting",,,"Central Business District area",Pittsburgh,PA,"15222"
2/12/2022,"Field Service Technician (Pittsburgh, PA)","Checkpoint Systems",checkpointsystems.com,Retail,,,,Pittsburgh,PA,""
2/12/2022,"Day Program Secretary","Chartiers Center",chartierscenter.org,"Mental Health Care","$15 an hour",,,Pittsburgh,PA,"15216"
2/12/2022,"Producer Coordinator","Gateway Health Plan",gatewayhealthplan.com,"Hospital & Health Care",,,,Pittsburgh,PA,""
2/12/2022,"Data Warehousing/ETL Developer",Deloitte,deloitte.com,"Management Consulting",,,"Central Business District area",Pittsburgh,PA,"15222"
2/11/2022,"Respiratory Therapy Instructor (Reg FT 10 month, with benefi...","Community College of Allegheny County",communityjobclub.org,"Professional Training & Coaching",,,"Allegheny West area",Pittsburgh,PA,"15233"
2/12/2022,"CHC Nursing Facilities Audit Investigator I",UPMC,upmc.com,"Hospital & Health Care",,,,Pittsburgh,PA,"15233"
2/12/2022,"Access Lead",UPMC,upmc.com,"Hospital & Health Care",,,"North Oakland area",Pittsburgh,PA,"15213"
2/12/2022,"DINING DIRECTOR - UNIVERSITY CLUB - Pittsburgh, PA","Chartwells Higher Education",chartwellshighered.com,"Food & Beverages",,,"North Oakland area",Pittsburgh,PA,"15213"
2/13/2022,"Supervisor, HR Operations","Thermo Fisher Scientific",rwenpower.com,,,,,Pittsburgh,PA,""
2/14/2022,"Software Developer (.NET)",JUHUSYS,,,"$101,712 a year",,,Pittsburgh,PA,"15220"
2/12/2022,"Program/Project Manager - 4165028",Accenture,cazoodle.com,"Computer Software","$30.11 - $69.18 an hour",,"Central Business District area",Pittsburgh,PA,"15222"
2/13/2022,"SAP SuccessFactors Onboarding Consultant",Deloitte,deloitte.com,"Management Consulting",,,"Central Business District area",Pittsburgh,PA,"15222"
2/12/2022,"Commercial Loan Specialist II",Citizens,citizensbank.com,Banking,,,,Pittsburgh,PA,""
2/12/2022,"Supervisor, Central Sterile Processing",UPMC,upmc.com,"Hospital & Health Care",,,"North Oakland area",Pittsburgh,PA,"15213"
2/12/2022,"Business Intelligence Analyst - Inventory Management",ARMADA,armadaskis.com,"Sporting Goods",,,,Pittsburgh,PA,"15238"
2/12/2022,"Power, Utilities & Renewables Salesforce Manager",Deloitte,deloitte.com,"Management Consulting",,,"Central Business District area",Pittsburgh,PA,"15222"
2/13/2022,"ServiceNow Developer Consultant - Location Open",Deloitte,deloitte.com,"Management Consulting",,,"Central Business District area",Pittsburgh,PA,"15222"
2/11/2022,"Agile Project Management Associate (Consultant) - National_O...",Deloitte,deloitte.com,"Management Consulting",,,"Central Business District area",Pittsburgh,PA,"15222"
2/12/2022,"Telephonic Care Manager (RN) - HCBS Command Team",UPMC,upmc.com,"Hospital & Health Care",,,"Bluff area",Pittsburgh,PA,"15219"
2/11/2022,"(Survey PA) SUE/Survey Technician","The DDS Companies",ddscompanies.com,Construction,,,,Pittsburgh,PA,""
2/13/2022,"Scientific / Medical Writer",Philips,philips.com,"Hospital & Health Care",,Remote,,"Hybrid remote in Pittsburgh",PA,""
2/12/2022,"Financial Analyst","Thermo Fisher Scientific",rwenpower.com,,,,,Pittsburgh,PA,""
2/12/2022,"Systems Analyst - Intermediate",UPMC,upmc.com,"Hospital & Health Care",,Remote,,"Hybrid remote in Pittsburgh",PA,""
2/13/2022,"Workday HCM Consultant",Deloitte,deloitte.com,"Management Consulting",,,"Central Business District area",Pittsburgh,PA,"15222"
2/14/2022,"Clinician- Transplant ICU",UPMC,upmc.com,"Hospital & Health Care",,,"North Oakland area",Pittsburgh,PA,"15213"
2/12/2022,"Residential Counselor BK3","InVision Customized Services",invisionhs.org,"Individual & Family Services",,,,Pittsburgh,PA,"15236"
2/12/2022,"Histology Lead",UPMC,upmc.com,"Hospital & Health Care",,,"North Oakland area",Pittsburgh,PA,"15213"
2/13/2022,"SAP SuccessFactors Recruiting Consultant",Deloitte,deloitte.com,"Management Consulting",,,"Central Business District area",Pittsburgh,PA,"15222"
2/12/2022,"Director, Pharmacy",UPMC,upmc.com,"Hospital & Health Care",,,"Central Lawrenceville area",Pittsburgh,PA,"15224"
2/14/2022,"Clinician -- Mother/Baby",UPMC,upmc.com,"Hospital & Health Care",,,"North Oakland area",Pittsburgh,PA,"15213"
2/12/2022,"Advisory & Insights Lead?North America Market-Wide",Accenture,cazoodle.com,"Computer Software",,,"Central Business District area",Pittsburgh,PA,"15222"
2/12/2022,"Full Stack Developer",Deloitte,deloitte.com,"Management Consulting",,,"Central Business District area",Pittsburgh,PA,"15222"
2/12/2022,"Sales Manager - Channel Partner",TMEIC,tmeic.com,"Industrial Automation",,,,Pittsburgh,PA,""
2/12/2022,"Hyperscaler Cloud - Consultant",Deloitte,deloitte.com,"Management Consulting",,,"Central Business District area",Pittsburgh,PA,"15222"
2/11/2022,"Lead Talent Business Analyst",Deloitte,deloitte.com,"Management Consulting",,,"Central Business District area",Pittsburgh,PA,"15222"
2/11/2022,"Business Architecture Manager",Deloitte,deloitte.com,"Management Consulting",,,"Central Business District area",Pittsburgh,PA,"15222"
2/12/2022,"Business Systems Analyst","Urban Redevelopment Authority of Pittsburgh",ura.org,"Real Estate",,,"Central Business District area",Pittsburgh,PA,"15219"
2/13/2022,"Lead Business Systems Analyst - DAS AMG",Deloitte,deloitte.com,"Management Consulting",,,"Central Business District area",Pittsburgh,PA,"15222"
2/13/2022,"Middle Market Corporate Banking Portfolio Manager I",Citizens,citizensbank.com,Banking,,,,Pittsburgh,PA,""
2/13/2022,"Trust Experienced Recruiting Talent Exchange Manager","PRICE WATERHOUSE COOPERS",pwc.com,Accounting,,,"Central Business District area",Pittsburgh,PA,"15219"
2/12/2022,"Mortgage Collection Representative - Pittsburgh, PA","F.N.B. Corp.",fnb-online.com,"Financial Services",,,"North Shore area",Pittsburgh,PA,"15212"
2/14/2022,"Project Manager","Goldbelt, Inc.",goldbelt.com,"Facilities Services",,,,Pittsburgh,PA,""
2/12/2022,"Physician Assistant or CRNP (ACNP), Senior or Staff, UPP Ort...",UPMC,upmc.com,"Hospital & Health Care",,,"Shadyside area",Pittsburgh,PA,"15232"
2/12/2022,"Access Control Technician - Facilities Management & Campus S...","Carnegie Mellon University",cmu.edu,"Higher Education",,,"Squirrel Hill North area",Pittsburgh,PA,"15213"
2/12/2022,"Team Lead - Customer Success Manager - Mid-Market (Ad Intel)",Numerator,numerator.com,"Market Research",,Remote,,"Remote in Pittsburgh",PA,""
2/12/2022,"DevOps QA Associate IV","Duquesne Light",duquesnelight.com,Utilities,,,"Central Business District area",Pittsburgh,PA,"15219"
2/12/2022,"Architectural Designer (Remote - East Coast)",Jacobs,jacobs.com,"Civil Engineering",,Remote,,"Remote in Pittsburgh",PA,""
2/12/2022,"Clinician Fellow",UPMC,upmc.com,"Hospital & Health Care",,,,Pittsburgh,PA,"15215"
2/11/2022,"AMI Software Intelligent Mobile Testing Consultant",Deloitte,deloitte.com,"Management Consulting",,,"Central Business District area",Pittsburgh,PA,"15222"
2/12/2022,"F&EP - Finance Strategy & Transformation -Manager - Healthca...",Deloitte,deloitte.com,"Management Consulting",,,"Central Business District area",Pittsburgh,PA,"15222"
2/12/2022,"Marketing Technology Lead",UPMC,upmc.com,"Hospital & Health Care",,,"Bluff area",Pittsburgh,PA,"15219"
2/12/2022,"Sales Enablement Manager - Risk & Financial Advisory",Deloitte,deloitte.com,"Management Consulting",,,"Central Business District area",Pittsburgh,PA,"15222"
2/12/2022,"RSS Technical Area Manager",Battelle,battelle.org,Research,,,,Pittsburgh,PA,"15236"
2/11/2022,"Quality Specialist - IBP",SAP,sap.com,"Information Technology & Services",,,,Pittsburgh,PA,"15212"
2/12/2022,"Research Associate (UPCI) - Oncology",UPMC,upmc.com,"Hospital & Health Care",,,"Shadyside area",Pittsburgh,PA,"15232"
2/12/2022,"AR/AP Billing Specialist","SoftWriters, Inc.",softwriters.com,"Computer Software",,,,Pittsburgh,PA,"15237"
2/12/2022,"Lead Clinical Dialysis Technician",UPMC,upmc.com,"Hospital & Health Care",,,"Shadyside area",Pittsburgh,PA,"15232"
2/11/2022,"Technical Writer",SAP,sap.com,"Information Technology & Services",,,,Pittsburgh,PA,"15212"
2/12/2022,"Director, Behavioral Health Services",UPMC,upmc.com,"Hospital & Health Care",,,"North Oakland area",Pittsburgh,PA,"15213"
2/14/2022,"SAP Security Consultant",SAP,sap.com,"Information Technology & Services",,,,Pittsburgh,PA,"15212"
2/12/2022,"Programmatic Nurse Specialist",UPMC,upmc.com,"Hospital & Health Care",,Remote,,"Hybrid remote in Pittsburgh",PA,""
2/12/2022,"Associate Producer Coordinator","Gateway Health Plan",gatewayhealthplan.com,"Hospital & Health Care",,,,Pittsburgh,PA,""
2/13/2022,"Clinical Manager","Fresenius Medical Care",fmc-au.com,"Medical Devices",,,,Pittsburgh,PA,"15205"
2/12/2022,"Procurement Technology Solutions Manager","Thermo Fisher Scientific",rwenpower.com,,,,,Pittsburgh,PA,""
2/12/2022,"Manager, Future of Work - Strategy | Businesses, Global and...",Deloitte,deloitte.com,"Management Consulting",,,"Central Business District area",Pittsburgh,PA,"15222"
2/11/2022,"Linux Administrator","CGI Group, Inc.",cgi.com,"Information Technology & Services",,,,Pittsburgh,PA,"15289"
2/12/2022,"Manager, US Innovation Strategy | Businesses, Global and Str...",Deloitte,deloitte.com,"Management Consulting",,,"Central Business District area",Pittsburgh,PA,"15222"
2/12/2022,"CTT Clinician II - Drug and Alcohol Specialist",UPMC,upmc.com,"Hospital & Health Care",,,"Central Lawrenceville area",Pittsburgh,PA,"15224"
2/12/2022,"Training and Program Delivery Coordinator (Remote)","LUMA Institute LLC",luma-institute.com,"Motion Pictures & Film",,Remote,,"Remote in Pittsburgh",PA,""
2/12/2022,"Technical Recruiter (100% Remote Recruiting Agency)","Recruiting From Scratch",recruitingfromscratch.com,"Staffing & Recruiting","From $150,000 a year",Remote,,"Remote in Pittsburgh",PA,""
2/12/2022,"Commercial Painter","Fulcrum HR Consulting",fulcrumhrconsult.com,"Human Resources","$16 - $30 an hour",,,Pittsburgh,PA,""
2/13/2022,"Graphic Designer","Professional Office Services, Inc.",,,"$16.50 - $19.50 an hour",,,Pittsburgh,PA,"15205"
2/13/2022,"Homeless Resource Specialist","Communities in Schools of Pittsburgh, Allegheny...",,,"$45,000 a year",,,Pittsburgh,PA,""
2/12/2022,"School Services Supervisor","The Hope Learning Center LLC",thehopelearningcenter.org,"Education Management",,,"Strip District area",Pittsburgh,PA,"15222"
2/13/2022,"Membership Project Manager","American Society of Regional Anesthesia and Pain...",,,"$50,000 - $60,000 a year",,,Pittsburgh,PA,"15276"
2/14/2022,"Culinary Partner Support Representative",Cozymeal,cozymeal.com,Internet,,Remote,,"Remote in Pittsburgh",PA,""
2/13/2022,"Assistant Director of Health and Wellness - Full-Time","Artis Senior Living of South Hills",,,,,"Squirrel Hill South area",Pittsburgh,PA,"15211"
2/12/2022,"Project Manager",Campos,,,,,"Central Business District area",Pittsburgh,PA,"15222"
2/12/2022,"Director of Admissions","SOUTH COLLEGE",south.edu,"Higher Education",,,,Pittsburgh,PA,"15237"
2/12/2022,"Projects Coordinator","American Society of Regional Anesthesia and Pain...",,,,,,Pittsburgh,PA,""
2/12/2022,"Data Entry (Medical Domain Preffered)","Zempleo Inc",zempleo.com,"Staffing & Recruiting",,,,Pittsburgh,PA,"15220"
2/12/2022,"Specialist, Client Service","BNY Mellon",bnymellon.com,"Financial Services",,,,Pittsburgh,PA,""
2/12/2022,"Regional Manager","Revert Systems",revertback.com,"Medical Devices","$100,000 - $200,000 a year",,,Pittsburgh,PA,""
2/12/2022,"Family Coordinator Specialist","Touching Families, Inc.",,,"$40,000 - $43,000 a year",,,Pittsburgh,PA,""
2/12/2022,"Producer & Observatory Coordinator","Carnegie Museums of Pittsburgh",carnegiemuseums.org,"Museums & Institutions",,,,Pittsburgh,PA,"15212"
2/12/2022,Paralegal,"ChemImage Corporation",,,,,"Point Breeze North area",Pittsburgh,PA,"15208"
2/12/2022,"Human Resources Information Systems (HRIS) - Urgent Need","V R Della IT Services Private Limited",,,"$71,000 - $72,000 a year",,"Middle Hill area",Pittsburgh,PA,"15219"
2/12/2022,Secretary,"Families United Network, Inc.",families4kids.org,"Nonprofit Organization Management","$15.50 an hour",,,Pittsburgh,PA,"15235"
2/14/2022,"Service Sales Representative / Project Manager","Grunau Company, Inc.",grunau.com,Construction,,,,Pittsburgh,PA,"15108"
2/14/2022,"Sourcing Specialist (Indirect)",Chromalox,chromalox.com,"Electrical/Electronic Manufacturing",,,,Pittsburgh,PA,"15238"
2/12/2022,"Administrative Secretary / Scheduler","Ride4Health, LLC",,,"$13 - $18 an hour",,,Pittsburgh,PA,""
2/12/2022,"Receptionist/Office Clerk","Peter J. Caruso & Sons, Inc.",,,"From $18 an hour",,"Hays area",Pittsburgh,PA,"15207"
2/12/2022,"Field Service Technician- Pittsburgh, PA","Cash Depot",cdlatm.com,"Financial Services","$20 an hour",,,Pittsburgh,PA,""
2/12/2022,Buyer,"Radiant Systems Inc",radiantsystems.com,"Software Development & Design, Software, Custom Software & Technical Consulting, ... Computer Netwo","$23 an hour",,,Pittsburgh,PA,"15238"
2/12/2022,"Marketing Coordinator","Rycon Construction",ryconinc.com,Construction,,,"Strip District area",Pittsburgh,PA,"15222"
2/12/2022,"Overnight Department Supervisor - Manager","Lowe's Home Improvement",,,"Up to $23 an hour",,,Pittsburgh,PA,""
2/12/2022,"Operations Manager","POS Professional Office Services",poscorp.com,"Hospital & Health Care","$50,000 - $55,000 a year",,,Pittsburgh,PA,""
2/11/2022,"Assistant Store Manager","Rally House",rallyhouse.com,Retail,"From $16 an hour",,,Pittsburgh,PA,"15237"
2/12/2022,"Purchasing Clerk/Buyer","Tek Group",tekgroupusa.com,"Information Technology & Services","$20 - $23 an hour",,,Pittsburgh,PA,"15238"
2/13/2022,"Director of Continuing Medical Education (CME)","American Society of Regional Anesthesia and Pain...",,,"$70,000 - $90,000 a year",,,Pittsburgh,PA,"15276"
2/12/2022,Buyer/Planner,TekwissenGroup,tekwissen.com,"Information Technology & Services","Up to $23 an hour",,,Pittsburgh,PA,""
2/12/2022,"Marketing Specialist","HRTMS, Inc.",,,"$55,000 - $65,000 a year",Remote,,"Temporarily Remote in Pittsburgh",PA,""
2/12/2022,"Project Scheduler","SMS group Inc",sms-group.com,"Mechanical Or Industrial Engineering",,,,Pittsburgh,PA,"15212"
2/12/2022,"Vendor Billing Analyst","Discovery App",tv-viisi.fi,"Marketing & Advertising",,,,Pittsburgh,PA,"15233"
2/14/2022,"Field Service Technician 2",Qualdoc,qualdoc.com,Outsourcing/Offshoring,,,,Pittsburgh,PA,"15205"
2/12/2022,"Mortgage Loan Processor - Reverse","Mutual of Omaha Mortgage",mutualmortgage.com,"Financial Services","$70,000 - $80,000 a year",,"Central Lawrenceville area",Pittsburgh,PA,"15201"
2/12/2022,"Benefit Contribution Processor","Zenith American",zenith-american.com,Insurance,,,"Strip District area",Pittsburgh,PA,"15222"
2/12/2022,"Client Success Specialist","Discovery App",tv-viisi.fi,"Marketing & Advertising",,,,Pittsburgh,PA,"15233"
2/12/2022,"Fitness Studio Sales Manager","Row House",therowhouse.com,"Health, Wellness & Fitness",,,,Pittsburgh,PA,""
2/12/2022,"Cleanroom Environmental Monitoring Technician","Krystal Biotech",krystalbio.com,Biotechnology,,,"Southside Flats area",Pittsburgh,PA,"15203"
2/11/2022,"Assistant Store Manager","Rally House",rallyhouse.com,Retail,,,,Pittsburgh,PA,"15241"
2/12/2022,"Virtual Construction Coordinator","PJ Dick-Trumbull-Lindy Paving",pjdick.com,Construction,,,,Pittsburgh,PA,"15212"
2/12/2022,"Talent Acquisition Specialist","The Acutronic Company",,,,,"Herrs Island area",Pittsburgh,PA,"15222"
2/11/2022,"Assistant Store Manager","Rally House",rallyhouse.com,Retail,,,"North Shore area",Pittsburgh,PA,"15212"
2/12/2022,"Assistant Superintendent for Elementary Education","North Allegheny School District",northallegheny.org,"Primary/Secondary Education",,,,Pittsburgh,PA,"15237"
2/12/2022,"Project Manager Commercial","SMS group Inc",sms-group.com,"Mechanical Or Industrial Engineering",,,,Pittsburgh,PA,"15212"
2/11/2022,"Residential Supervisor","AIMED Human Services",aimedpgh.org,,"$17.31 an hour",,,Pittsburgh,PA,"15235"
2/14/2022,"Affordable Housing Property Manager - Wood Towers","Millennia Housing Management",themillenniacompanies.com,"Real Estate",,,,Pittsburgh,PA,"15221"
2/12/2022,"Project Manager","Carnegie Museums of Pittsburgh",carnegiemuseums.org,"Museums & Institutions",,,"North Oakland area",Pittsburgh,PA,"15213"
2/12/2022,"General Manager","Nancy's Revival",,,"$46,000 - $52,000 a year",,,Pittsburgh,PA,"15221"
2/14/2022,"Cable TV Design Project Manager - Remote/Days","CCI Systems, Inc.",ccisystems.com,"Information Technology & Services",,Remote,,"Remote in Pittsburgh",PA,""
2/14/2022,"Cable TV Field Engineering Project Supervisor","CCI Systems, Inc.",ccisystems.com,"Information Technology & Services",,Remote,,"Hybrid remote in Pittsburgh",PA,""
2/12/2022,"Talent Acquisition Manager","Eckert Seamans Cherin & Mellott, LLC",eckertseamans.com,"Law Practice",,,"Central Business District area",Pittsburgh,PA,"15219"
2/12/2022,"Charge Nurse (RN)","East Liberty Family Health Care Center",elfhcc.com,"Medical Practice",,,,Pittsburgh,PA,""
2/12/2022,"Residential Maintenance/Handyperson [PIT]","Imagine Homes Management",imagine-homes.com,"Real Estate",,,,Pittsburgh,PA,"15205"
2/12/2022,"Project Manager","Goldbelt, Inc.",goldbelt.com,"Facilities Services",,,,Pittsburgh,PA,""
2/12/2022,"Director of Nursing (Skilled Nursing Facility)","Keystone Healthcare",keystonehealthcare.com,"Hospital & Health Care",,,,Pittsburgh,PA,""
2/12/2022,"Project Manager / Estimator","Rycon Construction",ryconinc.com,Construction,,,"Strip District area",Pittsburgh,PA,"15222"
2/12/2022,"Product Specialist - Process Lines","SMS group Inc",sms-group.com,"Mechanical Or Industrial Engineering",,,,Pittsburgh,PA,"15212"
2/12/2022,"Landscaping Foreman","JUSTIN'S LANDSCAPING & LAWN CARE LLC.",,,"$16 - $21 an hour",,,Pittsburgh,PA,""
2/12/2022,"Digital Media Planner","DWA US",dwamedia.com,"Marketing & Advertising","$50,000 - $62,000 a year",,,Pittsburgh,PA,"15220"
2/12/2022,"Banquet Chef","St. Clair Country Club",stclaircc.org,"Events Services",,,,Pittsburgh,PA,"15241"
2/12/2022,"Client Care Manager","TopStaff Resources, LLC",topstaffresources.com,"Staffing & Recruiting","$44,000 - $45,000 a year",,"Squirrel Hill North area",Pittsburgh,PA,"15217"
2/12/2022,"Assistant General Manager","The Piada Group",mypiada.com,Restaurants,,,"Oakland area",Pittsburgh,PA,"15213"
2/12/2022,"Assistant General Manager","The Piada Group",mypiada.com,Restaurants,,,"Shadyside area",Pittsburgh,PA,"15206"
2/12/2022,"Procurement Manager","Kopp Glass",koppglass.com,"Glass, Ceramics & Concrete",,,,Pittsburgh,PA,"15218"
2/12/2022,"Municipal Construction Inspector",Arcadis,arcadis.com,"Civil Engineering","$24 - $34 an hour",,,Pittsburgh,PA,""
2/11/2022,"Store Manager","Rally House",rallyhouse.com,Retail,,,,Pittsburgh,PA,"15241"
2/12/2022,"Business Intelligence Analyst - Inventory Management","Armada Supply Chain Solutions LLC",armada.net,"Logistics & Supply Chain",,,,Pittsburgh,PA,"15238"
2/12/2022,"Summer Youth Development Professional - Pittsburgh, PA","Boys & Girls Clubs of Western Pennsylvania",,,,,"Southside Flats area",Pittsburgh,PA,"15219"
2/12/2022,"Project Manager, Allegheny, PA Produce RX Program","American Heart Association",heart.org,"Health, Wellness & Fitness",,Remote,,"Remote in Pittsburgh",PA,""
2/12/2022,"Project Manager, Allegheny, PA Produce RX Program","American Heart Association",heart.org,"Health, Wellness & Fitness",,,"Central Business District area",Pittsburgh,PA,"15222"
2/12/2022,"Business Development Specialist","Cameron Professional Services Group, LLC",,,,,"Crawford Roberts area",Pittsburgh,PA,"15219"
2/12/2022,"Fitness Studio Sales Manager","Row House",therowhouse.com,"Health, Wellness & Fitness",,,,Pittsburgh,PA,""
2/12/2022,Optometrist,"Vision To Learn",visiontolearn.org,"Hospital & Health Care","$65 - $75 an hour",,,Pittsburgh,PA,""
2/11/2022,"Respiratory Therapy Instructor (Reg FT 10 month, with benefi...","Community College of Allegheny County",communityjobclub.org,"Professional Training & Coaching",,,"Allegheny West area",Pittsburgh,PA,"15233"
2/12/2022,"Commercial Painter","Fulcrum HR Consulting",fulcrumhrconsult.com,"Human Resources","$16 - $30 an hour",,,Pittsburgh,PA,""
2/12/2022,"Data Entry (Medical Domain Preffered)","Zempleo Inc",zempleo.com,"Staffing & Recruiting",,,,Pittsburgh,PA,"15220"
2/12/2022,"Administrative Secretary / Scheduler","Ride4Health, LLC",,,"$13 - $18 an hour",,,Pittsburgh,PA,""
2/12/2022,Buyer,"Radiant Systems Inc",radiantsystems.com,"Software Development & Design, Software, Custom Software & Technical Consulting, ... Computer Netwo","$23 an hour",,,Pittsburgh,PA,"15238"
2/12/2022,"Purchasing Clerk/Buyer","Tek Group",tekgroupusa.com,"Information Technology & Services","$20 - $23 an hour",,,Pittsburgh,PA,"15238"
2/12/2022,Buyer/Planner,TekwissenGroup,tekwissen.com,"Information Technology & Services","Up to $23 an hour",,,Pittsburgh,PA,""
2/14/2022,"Field Service Technician 2",Qualdoc,qualdoc.com,Outsourcing/Offshoring,,,,Pittsburgh,PA,"15205"
2/12/2022,"Assistant Superintendent for Elementary Education","North Allegheny School District",northallegheny.org,"Primary/Secondary Education",,,,Pittsburgh,PA,"15237"
2/12/2022,Optometrist,"Vision To Learn",visiontolearn.org,"Hospital & Health Care","$65 - $75 an hour",,,Pittsburgh,PA,""
2/12/2022,"BA with extensive experience in CFTC/DTCC Reporting","NR Consulting LLC",nrconsultingservice.com,"Information Technology & Services",,,,Pittsburgh,PA,""
2/14/2022,"Editor / Director (Freelance)","CBS Television Stations",,,,,"Strip District area",Pittsburgh,PA,"15222"
2/12/2022,"Technical Services Desk/OSS Analyst","BNY Mellon",bnymellon.com,"Financial Services",,,"Central Business District area",Pittsburgh,PA,"15219"
2/11/2022,"Standards & Practices Coordinator","Phi Sigma Pi National Honor Fraternity",,,,,,Lancaster,PA,""
2/12/2022,"Pre-Press Production Specialist","Steinman Communications",steinmancommunications.com,"Executive Office",,,,Lancaster,PA,"17601"
2/12/2022,"Research Scientist (Acoustics) Job","Armstrong World Industries",armstrongceilings.com,"Building Materials",,,,Lancaster,PA,"17603"
2/12/2022,"Sales Administrator","Ultra Electronics",ultra-electronics.co.uk,,,,,Lancaster,PA,""
2/13/2022,"Talent Acquisition Specialist Job","Armstrong World Industries",armstrongceilings.com,"Building Materials",,,,Lancaster,PA,"17603"
2/12/2022,"Regional EH&S Manager","Armstrong Flooring",,,"$90,000 - $110,000 a year",,"Stadium District area",Lancaster,PA,""
2/14/2022,"Store Manager","Foot Locker",footlocker.com,Retail,,,"Stadium District area",Lancaster,PA,"17601"
2/12/2022,"Director Research Operations",Matching,,,,,,Lancaster,PA,""
2/14/2022,"Injection Molding Process Technician","MXL INDUSTRIES INC",,,,,,Lancaster,PA,"17601"
2/12/2022,"Nurse Supervisor - Lebanon Health Center",Matching,,,,,,Lancaster,PA,""
2/12/2022,"Branch Manager - Lancaster, PA","F.N.B. Corp.",fnb-online.com,"Financial Services",,,,Lancaster,PA,"17601"
2/12/2022,"Nurse Navigator - Stroke",Matching,,,,,,Lancaster,PA,""
2/12/2022,"Nurse Supervisor - Leola Family Medicine",Matching,,,,,,Lancaster,PA,""
2/12/2022,"Member Service Center Rep (Call Center)","Belco Community Credit Union",belco.org,Banking,,Remote,,"Hybrid remote in Lancaster",PA,""
2/12/2022,"Pre-Press Production Specialist","Steinman Communications Group",,,,,,Lancaster,PA,"17601"
2/12/2022,"Project Manager","Eurofins USA BioPharma Services",,,,,,Lancaster,PA,""
2/12/2022,"Paralegal - Lancaster County",Voce,voceinc.org,,,,,Lancaster,PA,"17603"
2/11/2022,"Production Supervisor","ImageFIRST Healthcare Laundry Specialists",imagefirst.com,"Hospital & Health Care",,,,Lancaster,PA,""
2/12/2022,"Associate Executive Director (Residential Services)","Community Options, Inc.",comop.org,"Nonprofit Organization Management",,,,Lancaster,PA,""
2/14/2022,"Cable TV Field Engineering Project Supervisor","CCI Systems, Inc.",ccisystems.com,"Information Technology & Services",,Remote,,"Hybrid remote in Lancaster",PA,""
2/12/2022,"Social Worker-Home Hospice (Full-Time 1.0/Days)","Hospice & Community Care",hospicecommunitycare.org,"Hospital & Health Care",,,,Lancaster,PA,"17604"
2/14/2022,"Maintenance Director","Rose City Nursing and Rehab",rosecitynursing.com,"Hospital & Health Care",,,"Ross area",Lancaster,PA,"17602"
2/12/2022,"Landscape Field Laborer","Indian Run Landscaping II, LLC",,,"Up to $18 an hour",,,Lancaster,PA,"17601"
2/12/2022,"Maintenance Supervisor","Metropolitan Management Group",mmgapts.com,"Real Estate",,,,Lancaster,PA,""
2/12/2022,"Press Brake Operator","Sam S. Smucker & Sons, Inc.",smuckerthenametoknow.com,Construction,,,,Lancaster,PA,"17602"
2/12/2022,"Credentialed Trainer",Matching,,,,,,Lancaster,PA,""
2/12/2022,"Migrant Education Student Support Coordinator","Central Susquehanna Intermediate Unit",,,"$22.00 - $23.50 an hour",,,Harrisburg,PA,""
2/12/2022,"Physician Recruiter",UPMC,upmc.com,"Hospital & Health Care",,,,Harrisburg,PA,"17104"
2/12/2022,"Academic Support Coordinator",UPMC,upmc.com,"Hospital & Health Care",,,,Harrisburg,PA,"17105"
2/12/2022,"Payments and Operations Support Services Manager",PSECU,psecu.com,Banking,"$57,905 - $65,143 a year",,,Harrisburg,PA,"17110"
2/12/2022,"Operations Manager - Harrisburg, PA","Amazon.com Services LLC",amazon.com,Internet,,,,Harrisburg,PA,"17112"
2/13/2022,"SAP SuccessFactors Onboarding Consultant",Deloitte,deloitte.com,"Management Consulting",,,"Downtown area",Harrisburg,PA,"17101"
2/12/2022,"Sales Manager","Turner Kia",turnerkia.com,,,,,Harrisburg,PA,"17111"
2/12/2022,"Director, Marketing Analytics & Research",PSECU,psecu.com,Banking,"$101,503 - $116,728 a year",,,Harrisburg,PA,"17110"
2/12/2022,"Full Stack Developer",Deloitte,deloitte.com,"Management Consulting",,,"Downtown area",Harrisburg,PA,"17101"
2/13/2022,"ServiceNow Developer Consultant - Location Open",Deloitte,deloitte.com,"Management Consulting",,,"Downtown area",Harrisburg,PA,"17101"
2/12/2022,"Strategic Communications and Change Management Consultant",Deloitte,deloitte.com,"Management Consulting",,,"Downtown area",Harrisburg,PA,"17101"
2/12/2022,"Manager, Corporate Performance","Capital BlueCross",capbluecross.com,Insurance,,,,Harrisburg,PA,"17177"
2/11/2022,"Lead Talent Business Analyst",Deloitte,deloitte.com,"Management Consulting",,,"Downtown area",Harrisburg,PA,"17101"
2/14/2022,"Mgr, Mrkt Logistics Mgmnt",Sysco,sysco.com,"Food & Beverages",,,,Harrisburg,PA,"17124"
2/12/2022,"Change Management Consultant - Enterprise Resource Planning",Deloitte,deloitte.com,"Management Consulting",,,"Downtown area",Harrisburg,PA,"17101"
2/13/2022,"Workday HCM Consultant",Deloitte,deloitte.com,"Management Consulting",,,"Downtown area",Harrisburg,PA,"17101"
2/12/2022,"Quality Nurse Coordinator (RN)",UPMC,upmc.com,"Hospital & Health Care",,,,Harrisburg,PA,"17105"
2/13/2022,"Trust Experienced Recruiting Talent Exchange Manager","PRICE WATERHOUSE COOPERS",pwc.com,Accounting,,,"Downtown area",Harrisburg,PA,"17101"
2/12/2022,"Wound Care Specialist (RN)",UPMC,upmc.com,"Hospital & Health Care",,,,Harrisburg,PA,"17105"
2/13/2022,"Lead Business Systems Analyst - DAS AMG",Deloitte,deloitte.com,"Management Consulting",,,"Downtown area",Harrisburg,PA,"17101"
2/12/2022,"Lead Adolescent Counselor",Gaudenzia,gaudenzia.org,"Individual & Family Services",,,,Harrisburg,PA,""
2/12/2022,"Monitor Technician",UPMC,upmc.com,"Hospital & Health Care",,,,Harrisburg,PA,"17109"
2/12/2022,"Manager, Future of Work - Strategy | Businesses, Global and...",Deloitte,deloitte.com,"Management Consulting",,,"Downtown area",Harrisburg,PA,"17101"
2/12/2022,"Manager, US Innovation Strategy | Businesses, Global and Str...",Deloitte,deloitte.com,"Management Consulting",,,"Downtown area",Harrisburg,PA,"17101"
2/13/2022,"IAM SailPoint Developer Solution Consultant (Delivery Center...",Deloitte,deloitte.com,"Management Consulting",,Remote,,"Remote in Harrisburg",PA,""
2/12/2022,"Member Service Center Rep (Call Center)","Belco Community Credit Union",belco.org,Banking,,Remote,,"Hybrid remote in Harrisburg",PA,""
2/12/2022,"Regional Manager","Revert Systems",revertback.com,"Medical Devices","$100,000 - $200,000 a year",,,Harrisburg,PA,""
2/12/2022,"Preschool Teacher","Inspired Learning Academy LLC",ila-llc.com,"Education Management","$15 - $17 an hour",,,Harrisburg,PA,"17112"
2/12/2022,"Director, Business Development","D&H Distributing",dandh.com,"Information Technology & Services",,,,Harrisburg,PA,""
2/13/2022,"Paralegal - Harrisburg Office","Scaringi Law",scaringilaw.com,"Law Practice","$20 - $24 an hour",,,Harrisburg,PA,"17110"
2/12/2022,"Sales Representative Administrative Customer Service","Ace Handyman Services Harrisburg",,,"$31,200 - $41,600 a year",,,Harrisburg,PA,"17111"
2/14/2022,"Cable TV Design Project Manager - Remote/Days","CCI Systems, Inc.",ccisystems.com,"Information Technology & Services",,Remote,,"Remote in Harrisburg",PA,""
2/12/2022,"Jr. Project Manager","Houck Group, Inc.",houcks.com,Construction,,,,Harrisburg,PA,"17112"
2/12/2022,"Lancaster Bible College Food Service Director","Metz Culinary Management",metzculinary.com,Hospitality,"$65,000 - $70,000 a year",,,Harrisburg,PA,""
2/12/2022,"Director of Finance","Trout CPA",,,,,,Harrisburg,PA,"17112"
2/12/2022,"IT Analyst Service & Support","Fresh Express",freshexpress.com,"Food Production",,,,Harrisburg,PA,"17111"
2/14/2022,"Cable TV Field Engineering Project Supervisor","CCI Systems, Inc.",ccisystems.com,"Information Technology & Services",,Remote,,"Hybrid remote in Harrisburg",PA,""
2/12/2022,"Tier 2 Helpdesk Support Analyst (Harrisburg, PA)","Stage 4 Solutions Inc",stage4solutions.com,"Management Consulting",,,,Harrisburg,PA,""
2/14/2022,"Financial Analyst","Cleveland Brothers Equipment Company",clevelandbrothers.com,Machinery,,,,Harrisburg,PA,"17111"
2/12/2022,"Cummins Direct Hire - Diesel Technician -$5000-Sign-OnBonus",Cummins,cummins.com,Automotive,,,,Harrisburg,PA,""
2/14/2022,"Large QSR Burger Franchise needs AGM and GM","MKR Restaurant Group LLC",mkrgrouprestaurants.com,,"$35,000 - $40,000 a year",,,Harrisburg,PA,""
2/12/2022,"Clinical Psychiatric Specialist DBT - Outpatient","Pennsylvania Psychiatric Institute",ppimhs.org,"Mental Health Care",,,"Uptown area",Harrisburg,PA,"17110"
2/12/2022,"Experienced Chrysler Technician",Heritage,heritage.org,"Think Tanks",,,,Harrisburg,PA,"17112"
2/12/2022,"Construction Superintendent","D&B Construction",dbconstructiongrp.com,Construction,,,,Harrisburg,PA,""
2/12/2022,"Account Manager-Roof Maintenance Department","Houck Group, Inc.",houcks.com,Construction,,,,Harrisburg,PA,"17112"
2/12/2022,"Field Installation Technician I","HydroWorx International, Inc.",hydroworx.com,"Health, Wellness & Fitness",,,,Harrisburg,PA,""
2/12/2022,"Mergers and Acquisition Attorney","Offit Kurman",offitkurman.com,"Law Practice",,,"Downtown area",Harrisburg,PA,"17101"
2/12/2022,"Registered Nurse (RN) Quality Assurance and Performance Impr...","Spring Creek Rehabilitation and Nursing Center",,,,,,Harrisburg,PA,"17111"
2/12/2022,"Deli Services Manager","Pilot Company",pilotcompany.com,Retail,,,,Harrisburg,PA,"17112"
2/12/2022,"Oracle Developer","State of Pennsylvania - DEP",,,"$72 - $81 an hour",,,Harrisburg,PA,"17101"
2/12/2022,"Maintenance Supervisor","Metropolitan Management Group",mmgapts.com,"Real Estate",,,,Harrisburg,PA,""
2/12/2022,"VOCA Staff Attorney- Part time 20 hours","Pennsylvania Coalition Against Rape/National...",,,"$31,510 - $34,185 a year",Remote,,"Temporarily Remote in Harrisburg",PA,""
2/12/2022,"VOCA Staff Attorney- Part time 20 hours","Pennsylvania Coalition Against Rape/National...",,,"$31,510 - $34,185 a year",Remote,,"Temporarily Remote in Harrisburg",PA,""
2/12/2022,"Oracle Developer","State of Pennsylvania - DEP",,,"$72 - $81 an hour",,,Harrisburg,PA,"17101"
2/12/2022,"PennDOT - TAS2 A4 SC2","NR Consulting LLC",nrconsultingservice.com,"Information Technology & Services",,,,Harrisburg,PA,""
2/14/2022,"Associate Product Manager","Continental AG",continental.com,Automotive,,,,Allentown,PA,"18106"
2/14/2022,"Associate Product Manager","Continental AG",continental.com,Automotive,,,,Allentown,PA,"18106"
2/14/2022,"Product Manager","Continental AG",continental.com,Automotive,,,,Allentown,PA,"18106"
2/12/2022,"Assistant Teacher","Lehigh Valley Health Network",lvhn.org,"Hospital & Health Care",,,,Allentown,PA,"18103"
2/12/2022,"Team Lead SDS","Lehigh Valley Health Network",lvhn.org,"Hospital & Health Care",,,,Allentown,PA,"18103"
2/12/2022,"Scheduling Coordinator - Remote","Lehigh Valley Health Network",lvhn.org,"Hospital & Health Care",,Remote,,"Remote in Allentown",PA,""
2/12/2022,"Marketing Communications Specialist","Air Products",airproducts.com,Chemicals,,,,Allentown,PA,""
2/14/2022,"Product Manager","Continental AG",continental.com,Automotive,,,,Allentown,PA,"18106"
2/13/2022,"Manager, Sales/Ad Operations","Clear Channel Outdoor",clearchanneloutdoor.com,"Marketing & Advertising",,,,Allentown,PA,"18106"
2/12/2022,"Special Projects Representative I","Shift4 Payments",shift4.com,"Financial Services",,,,Allentown,PA,"18109"
2/13/2022,"Quality Technician","Continental AG",continental.com,Automotive,,,,Allentown,PA,"18106"
2/12/2022,"Virtual Care Patient Presenter","Lehigh Valley Health Network",lvhn.org,"Hospital & Health Care",,,,Allentown,PA,"18103"
2/13/2022,"Quality Technician","Continental AG",continental.com,Automotive,,,,Allentown,PA,"18106"
2/12/2022,"Team Lead SDS","Lehigh Valley Health Network",lvhn.org,"Hospital & Health Care",,,,Allentown,PA,"18103"
2/12/2022,"Scheduling Coordinator - Remote","Lehigh Valley Health Network",lvhn.org,"Hospital & Health Care",,Remote,,"Remote in Allentown",PA,""
2/12/2022,"Scheduling Coordinator - Remote","Lehigh Valley Health Network",lvhn.org,"Hospital & Health Care",,Remote,,"Remote in Allentown",PA,""
2/12/2022,"Scheduling Coordinator - Remote","Lehigh Valley Health Network",lvhn.org,"Hospital & Health Care",,Remote,,"Remote in Allentown",PA,""
2/12/2022,"Scheduling Coordinator - Remote","Lehigh Valley Health Network",lvhn.org,"Hospital & Health Care",,Remote,,"Remote in Allentown",PA,""
2/13/2022,"Automotive Lead Technician","Firestone Complete Auto Care",firestonecompleteautocare.com,Automotive,,,"West Park Historic District area",Allentown,PA,"18102"
2/12/2022,"Service Technician","Hobart Service",hobartservice.com,"Business Supplies & Equipment",,,,Allentown,PA,"18103"
2/12/2022,"Service Technician","Hobart Service",hobartservice.com,"Business Supplies & Equipment",,,,Allentown,PA,"18103"
2/12/2022,"Inpatient Care Mgr - BSN","Lehigh Valley Health Network",lvhn.org,"Hospital & Health Care",,,,Allentown,PA,"18103"
2/12/2022,"Employee Health Practice-RN","Lehigh Valley Health Network",lvhn.org,"Hospital & Health Care",,,,Allentown,PA,"18103"
2/12/2022,"Cardiac Ultrasound Technician","Lehigh Valley Health Network",lvhn.org,"Hospital & Health Care",,,,Allentown,PA,"18103"
2/12/2022,"Inpatient Care Mgr - BSN","Lehigh Valley Health Network",lvhn.org,"Hospital & Health Care",,,,Allentown,PA,"18103"
2/12/2022,"Inpatient Care Mgr - BSN","Lehigh Valley Health Network",lvhn.org,"Hospital & Health Care",,,,Allentown,PA,"18103"
2/12/2022,"Inpatient Care Mgr - BSN","Lehigh Valley Health Network",lvhn.org,"Hospital & Health Care",,,,Allentown,PA,"18103"
2/12/2022,"Director of Child Health Services","Community Services for Children",cscinc.org,"Education Management",,,,Allentown,PA,"18109"
2/12/2022,"Food Service Director/ Hospital (Lehighton)","Metz Culinary Management",metzculinary.com,Hospitality,"$70,000 - $75,000 a year",,,Allentown,PA,""
2/11/2022,"Assistant Store Manager","Rally House",rallyhouse.com,Retail,"From $16 an hour",,,Allentown,PA,"18106"
2/11/2022,"Store Manager","Rally House",rallyhouse.com,Retail,,,,Allentown,PA,"18106"
2/14/2022,"Engineering Level 1","Coldedge Technologies, Inc.",,,"$55,000 - $65,000 a year",,,Allentown,PA,"18103"
2/12/2022,"Technical Sales Consultant - Snow & Ice Industry (Compu-Spre...",Rexroth,boschrexroth.com,"Industrial Automation",,Remote,,"Remote in Allentown",PA,""
2/12/2022,"Dental Office Manager",ProSmile,myprosmile.com,"Health, Wellness & Fitness",,,"West Walnut/Union Terrace area",Allentown,PA,"18102"
2/12/2022,"Virtual - Billing Analyst",FullBloom,fullbloom.org,"Education Management",,,,Allentown,PA,""
2/12/2022,"Dental Office Manager","Allentown Family Dental Services",familydentalservice.net,"Health, Wellness & Fitness",,,"West Park Historic District area",Allentown,PA,"18102"
2/12/2022,"Landscaping Maintenance Field Supervisor","Sharp's Landscaping",,,"$25 - $35 an hour",,,Allentown,PA,""
2/12/2022,"Financial Reporting Analyst","Phoebe Ministries",phoebe.org,"Hospital & Health Care",,,"West Park Historic District area",Allentown,PA,"18104"
2/12/2022,"Experienced Precast Concrete Production","Monarch Precast Concrete",monarchprecast.com,Construction,"$22 - $23 an hour",,,Allentown,PA,"18109"
2/14/2022,"Manager-Injection Molding",CEDENT,cedentinc.com,"Information Technology & Services",,,,Allentown,PA,""
2/12/2022,"Line Leader - 2nd or 3rd Shift","Sharp Packaging",sharpservices.com,Pharmaceuticals,"From $19 an hour",,,Allentown,PA,"18106"
2/12/2022,"RN Unit Manager","Riverton Rehabilitation and Healthcare Center",,,,,,Allentown,PA,"18109"
2/12/2022,"Cardiac Ultrasound Technician","Lehigh Valley Health Network",lvhn.org,"Hospital & Health Care",,,,Allentown,PA,"18103"
2/12/2022,"Director of Value Based Care Programs","WellSpan Health",wellspan.org,"Hospital & Health Care",,,,York,PA,""
2/12/2022,"Manager - Strategy Management","WellSpan Health",wellspan.org,"Hospital & Health Care",,,,York,PA,""
2/12/2022,"Assistant Property Manager - Park View at Tyler Run","Enterprise Community Partners, Inc.",enterprisecommunity.org,"Civic & Social Organization",,,,York,PA,""
2/12/2022,"Assistant Purchasing Manager","D.R. Horton",drhorton.com,Construction,,,,York,PA,""
2/11/2022,"Financial Center Supervisor II","Fulton Bank",fultonbank.com,Banking,,,,York,PA,"17402"
2/12/2022,"Team Ldr-Occupational Therapy - Surgery & Rehab Hospital","WellSpan Health",wellspan.org,"Hospital & Health Care",,,,York,PA,""
2/14/2022,"General Manager","Yellow Cab Holdings DBA Wendy's",,,"$58,000 - $68,000 a year",,,York,PA,"17356"
2/13/2022,"Business Office Manager","Senior Commons at Powder Mill",powdermill.com,"Medical Practice",,,,York,PA,"17403"
2/12/2022,"Property Manager","Larken Associates",larkenassociates.com,"Real Estate",,,,York,PA,"17408"
2/13/2022,"Graphic Designer/Prepress","Wolf Printing LLC.",,,,,,York,PA,"17402"
2/12/2022,"Used Car Technician","Tyler Run Auto Sales",tylerrunautosales.com,Automotive,"$14 - $21 an hour",,,York,PA,"17403"
2/12/2022,"Site Clearing Equipment Operator","Kinsley Construction",kinsleyconstruction.com,Construction,,,,York,PA,"17403"
2/11/2022,"Residential Supervisor","AIMED Human Services",aimedpgh.org,,"$17.31 an hour",,,York,PA,""
2/14/2022,"Assistant Manager","Isaac's Restaurant - West York",,,"$16.00 - $19.25 an hour",,,York,PA,"17404"
2/12/2022,"Assistant Manager","Isaac's Restaurant - South York",,,"$16.00 - $19.25 an hour",,,York,PA,"17402"
2/13/2022,"Graphic Designer/Prepress","Wolf Printing LLC.",,,,,,York,PA,"17402"
2/12/2022,"Project Supervisor - Reading, PA","Prince Telecom, LLC",princetelecom.com,Telecommunications,,,,Reading,PA,"19605"
2/14/2022,"Continuous Improvement Manager",AkzoNobel,letspaintthefuture.com,Chemicals,,,,Reading,PA,"19601"
2/12/2022,"Patient Care Specialist",Miracle-Ear,miracle-ear.com,"Medical Devices","$45,000 - $55,000 a year",,,Reading,PA,"19606"
2/12/2022,"Training Manager","Custom Processing Services",customprocessingservices.com,Nanotechnology,,,,Reading,PA,"19606"
2/12/2022,"Recovery Support Specialist","Treatment Access and Service Center of Berks...",berkstasc.org,"Hospital & Health Care","$16 - $19 an hour",,,Reading,PA,"19601"
2/12/2022,"Clinical Specialist - Aortic Therapies - Central PA","Cook Group",cookgroup.com,"Hospital & Health Care",,,,Reading,PA,""
2/12/2022,"Account Support Specialist","Yuasa Battery, Inc.",yuasabatteries.com,"Electrical/Electronic Manufacturing",,,,Reading,PA,"19605"
2/12/2022,"Infection Preventionist/Staff Educator","Wyomissing Health and Rehabilitation Center",wyomissing-health.com,,,,,Reading,PA,"19611"
2/12/2022,"Construction Superintendent","D&B Construction",dbconstructiongrp.com,Construction,,,,Reading,PA,""
2/12/2022,"Insurance Specialist","Allstate Insurance",allstate.com,Insurance,"Up to $50,000 a year",,,Reading,PA,"19605"
2/12/2022,"Insurance Specialist","Allstate Insurance",allstate.com,Insurance,"Up to $50,000 a year",,,Reading,PA,"19605"
2/13/2022,"Instructional Designer 2","Penn State University",psu.edu,"Higher Education",,,,Erie,PA,"16563"
2/12/2022,"Administrative Assistant","Nexstar Broadcasting",binghamtonhomepage.com,,,,,Erie,PA,""
2/12/2022,"PERSONAL TRUST COMPLIANCE OFFICER",Northwest,northwest.bank,Banking,,,,Erie,PA,"16501"
2/14/2022,"Human Resource Coordinator",Graco,graco.com,Machinery,,,,Erie,PA,""
2/12/2022,"Office Assistant II - OSME",UPMC,upmc.com,"Hospital & Health Care",,,,Erie,PA,"16507"
2/12/2022,"Field Technician",Cyient,cyient.com,"Information Technology & Services",,,,Erie,PA,""
2/12/2022,"Supv, Reg Operations West","FirstEnergy Corp",firstenergycorp.com,Utilities,,,,Erie,PA,"16509"
2/12/2022,"Supervisor, Transportation Services",UPMC,upmc.com,"Hospital & Health Care",,,,Erie,PA,"16550"
2/12/2022,"Electro-Mechanical Maintenance Technician - NIGHT SHIFT","Berry Global, Inc",berryglobal.com,Plastics,,,,Erie,PA,"16502"
2/12/2022,"Environmental Compliance Specialist",Wabtec,wabteccorp.com,Transportation/Trucking/Railroad,"$70,000 - $90,000 a year",,,Erie,PA,"16511"
2/12/2022,"CENTER SUPPORT & ADMINISTRATIVE ASSOCIATE","Palace Business Centres",,,,,,Erie,PA,"16501"
2/12/2022,"Respiratory Sales Representative",VieMed,viemed.com,"Health, Wellness & Fitness",,,,Erie,PA,"16501"
2/14/2022,"Cable TV Field Engineering Project Supervisor","CCI Systems, Inc.",ccisystems.com,"Information Technology & Services",,Remote,,"Hybrid remote in Erie",PA,""
2/12/2022,"Financial Services Professional (management fast track- MBA...","New York Life",experiencehfs.com,,,,,Erie,PA,"16507"
2/12/2022,"CENTER SUPPORT & ADMINISTRATIVE ASSOCIATE","Palace Business Centres",,,,,,Erie,PA,"16501"
2/13/2022,"Procurement Operations Admin","Resolution Life",resolutionlife.com,"Financial Services",,,,"West Chester",PA,""
2/12/2022,"New Patient Coordinator","University of Pennsylvania Health System",pennmedicine.org,"Hospital & Health Care",,,,"West Chester",PA,"19380"
2/14/2022,"Lean Continuous Improvement Leader","Altra Industrial Motion Corp.",altramotion.com,"Electrical/Electronic Manufacturing",,,,"West Chester",PA,""
2/12/2022,"Upper School Equity, Justice and Belonging Di","Westtown School",westtown.edu,"Primary/Secondary Education",,,,"West Chester",PA,"19382"
2/14/2022,"Jr Data Analyst","BYL Companies",bylcompanies.com,"Financial Services",,,,"West Chester",PA,"19382"
2/12/2022,"Operations Specialist | OmniCable - West Chester, PA",OmniCable,omnicable.com,"Electrical/Electronic Manufacturing",,,,"West Chester",PA,"19382"
2/12/2022,"Swim Lessons Director - Full Time","YMCA of Greater Brandywine",ymcagbw.org,"Health, Wellness & Fitness","$42,500 - $45,000 a year",,,"West Chester",PA,"19380"
2/12/2022,"Aquatics Safety Director - Full Time","YMCA of Greater Brandywine",ymcagbw.org,"Health, Wellness & Fitness","$42,500 - $45,000 a year",,,"West Chester",PA,"19380"
2/11/2022,"Social Media and Digital Marketing Specialist","AccessLex Institute",accesslex.org,"Higher Education",,,,"West Chester",PA,"19380"
2/12/2022,"Entry Level and Experienced Commercial Painters","Jamestown, Inc.",jamestownlp.com,"Real Estate","From $15 an hour",,,"West Chester",PA,""
2/12/2022,"AR Specialist","Spring Education Group",springeducationgroup.com,"Education Management",,,,"West Chester",PA,"19382"
2/13/2022,"Director of Nursing","Aventura Health Group",aventurahg.com,"Hospital & Health Care",,,,"West Chester",PA,"19382"
2/11/2022,"Claims Learning Specialist","Guardian Life Insurance Company",guardianlife.com,"Financial Services",,Remote,,"Remote in Bethlehem",PA,""
2/12/2022,"Electric Pallet Jack-1st shift- Bethlehem, PA","FedEx Supply Chain",worldcourier.com,,,,,Bethlehem,PA,"18015"
2/12/2022,"Inbound Receiving Lead - 3am Shift",McKesson,mckesson.com,"Hospital & Health Care",,,,Bethlehem,PA,"18020"
2/12/2022,"Property Management Administrative Assistant","Empire Property Management Group, LLC",empirepmgroup.com,"Real Estate","$15 - $20 an hour",,,Bethlehem,PA,"18018"
2/12/2022,"Clinical Outpatient Supervisor","Omni Health Services, Inc.",omhsi1.com,"Mental Health Care","$55,000 - $60,000 a year",,,Bethlehem,PA,""
2/12/2022,"Inside Sales Representative","Kistler O'Brien Fire Protection",kobfire.com,"Facilities Services","$38,000 - $60,000 a year",,,Bethlehem,PA,"18017"
2/12/2022,"Investor Success Coordinator","DLP Capital",dlpcapitalpartners.com,"Real Estate","$40,000 - $50,000 a year",,,Bethlehem,PA,""
2/12/2022,"Technical Specialist","Harvey Nash",harveynash.co.uk,"Staffing & Recruiting",,,,Bethlehem,PA,"18015"
2/13/2022,"QC Analyst II",PharmAllies,pharmallies.com,"Management Consulting",,,,Bethlehem,PA,""
2/13/2022,"Manufacturing Supervisor - (BIOPHARMA)",PharmAllies,pharmallies.com,"Management Consulting",,,,Bethlehem,PA,""
2/13/2022,"QA Operations - Manufacturing Associate - (BIOPHARMA)",PharmAllies,pharmallies.com,"Management Consulting",,,,Bethlehem,PA,""
2/13/2022,"Analyst III, Document Control - (Biopharma)",PharmAllies,pharmallies.com,"Management Consulting",,,,Bethlehem,PA,""
2/13/2022,"QC Microbiology, Manager (Biopharma)",PharmAllies,pharmallies.com,"Management Consulting",,,,Bethlehem,PA,""
2/13/2022,"QC, Specialist I - (BIOPHARMA)",PharmAllies,pharmallies.com,"Management Consulting",,,,Bethlehem,PA,""
2/12/2022,"Press Brake Operator","Flexicon Corporation",flexicon.com,"Mechanical Or Industrial Engineering",,,,Bethlehem,PA,"18020"
2/12/2022,"Technical Specialist","Harvey Nash",harveynash.co.uk,"Staffing & Recruiting",,,,Bethlehem,PA,"18015"
